"Time (s)","Latitude (°)","Longitude (°)","Height (m)","Velocity (m/s)","Direction (°)","Horizontal Accuracy (m)","Vertical Accuracy (°)"
2.928006649E-2,2.618713453E1,9.170030235E1,4.822371555E1,NaN,NaN,2.115369894E2,3.648956552E1
2.321950674E0,2.618715054E1,9.170045501E1,6.608562028E1,1.252514839E0,NaN,2.947496633E1,3.229290009E1
3.321962833E0,2.618709383E1,9.170043377E1,5.264223288E1,1.451896548E0,NaN,1.894862388E1,5.365662766E1
4.321975112E0,2.618708580E1,9.170044001E1,5.303821964E1,1.451896548E0,NaN,1.441244799E1,2.839942360E1
5.321988583E0,2.618706785E1,9.170045886E1,5.305913813E1,2.158345938E0,NaN,2.054224439E1,5.469750214E1
6.322000861E0,2.618705759E1,9.170047258E1,5.305682257E1,2.321969509E0,NaN,1.457734091E1,3.715816879E1
7.322013378E0,2.618703053E1,9.170050827E1,5.303712890E1,2.461178303E0,NaN,1.329225163E1,2.750643539E1
8.321935773E0,2.618700549E1,9.170052930E1,5.304395633E1,2.461178303E0,NaN,1.368134725E1,2.394959068E1
9.321930051E0,2.618698513E1,9.170053931E1,5.303024097E1,2.926658869E0,NaN,1.323885750E1,1.847231293E1
1.032194269E1,2.618696542E1,9.170055644E1,5.306624398E1,3.161534071E0,NaN,1.310994001E1,2.789666748E1
1.132193637E1,2.618694273E1,9.170057306E1,5.309933356E1,3.256167173E0,NaN,1.299880252E1,2.692018890E1
1.232192945E1,2.618692213E1,9.170059023E1,5.314718435E1,3.256167173E0,1.409913876E2,1.310225228E1,2.546573448E1
1.332194161E1,2.618687801E1,9.170059416E1,5.315196943E1,2.876525879E0,1.531056707E2,6.449081736E0,1.562795067E1
1.432193458E1,2.618685485E1,9.170060718E1,5.315196915E1,2.876525879E0,1.531056764E2,6.449081736E0,1.562795067E1
1.532192636E1,2.618681997E1,9.170059900E1,5.315244765E1,2.876525879E0,1.752938281E2,6.928311751E0,1.729086685E1
1.632193887E1,2.618678260E1,9.170057865E1,5.315249565E1,3.184699297E0,2.034764561E2,6.449069316E0,8.807672501E0
1.732192993E1,2.618675888E1,9.170055374E1,5.315250046E1,3.232071400E0,2.188080964E2,6.929495306E0,2.154502678E1
1.832192028E1,2.618672486E1,9.170053521E1,5.315250132E1,3.903985739E0,2.085857491E2,6.932066227E0,2.277139664E1
1.932193279E1,2.618669442E1,9.170051210E1,5.315456542E1,3.619014502E0,2.140612652E2,6.433134323E0,1.704896164E1
2.032192123E1,2.618666772E1,9.170048885E1,5.318244838E1,3.619014502E0,2.173025580E2,6.331489964E0,2.254296875E1
2.132190871E1,2.618664257E1,9.170046580E1,5.322867988E1,3.619014502E0,2.192611007E2,6.598316830E0,5.413564301E1
2.232192135E1,2.618658995E1,9.170046369E1,5.306519691E1,3.665347815E0,2.166635082E2,4.748651530E0,3.000000000E0
2.332193422E1,2.618657162E1,9.170044215E1,5.289342825E1,3.665347815E0,2.155148210E2,4.748651530E0,3.181633574E0
2.432194674E1,2.618655064E1,9.170042238E1,5.258731804E1,3.448348999E0,2.166048785E2,4.748651530E0,3.389151372E0
2.532195842E1,2.618652611E1,9.170040190E1,5.265649347E1,3.262815952E0,2.171446824E2,4.748651530E0,3.565788697E0
2.632197106E1,2.618650105E1,9.170038207E1,5.237688457E1,3.088170052E0,2.121636454E2,4.748651530E0,3.620188525E0
2.732198381E1,2.618647301E1,9.170035476E1,5.220722956E1,3.443241358E0,2.102667239E2,4.748651530E0,4.007158339E0
2.832199574E1,2.618644331E1,9.170033043E1,5.172535827E1,3.336434364E0,2.094036616E2,4.748651530E0,4.117324926E0
2.932200873E1,2.618640957E1,9.170030018E1,5.198562076E1,3.341056824E0,2.123748069E2,4.748651530E0,4.279846961E0
3.032202184E1,2.618638247E1,9.170027608E1,5.192120851E1,3.419061661E0,2.117379190E2,4.748651530E0,4.249670518E0
3.132203424E1,2.618635854E1,9.170025885E1,5.202092468E1,3.419061661E0,2.095492947E2,4.748651530E0,4.171184661E0
3.232204628E1,2.618634175E1,9.170023716E1,5.191673116E1,3.364213705E0,2.221366615E2,4.748651530E0,3.953887939E0
3.332205892E1,2.618631579E1,9.170021510E1,5.172540910E1,3.364213705E0,2.192014429E2,4.748651530E0,3.709593508E0
3.432207096E1,2.618629161E1,9.170016775E1,5.373997867E1,3.773650464E0,2.153730425E2,6.181112214E0,3.709816047E0
3.536008382E1,2.618627128E1,9.170013545E1,5.377565456E1,3.845533476E0,2.258998916E2,6.063837343E0,3.322696021E0
3.636009634E1,2.618624391E1,9.170011139E1,5.368937350E1,3.774527551E0,2.222071547E2,6.861497577E0,3.776814240E0
3.736010981E1,2.618621309E1,9.170008839E1,5.380702366E1,3.887928202E0,2.135693656E2,6.861497601E0,6.272812460E0
3.836012220E1,2.618618095E1,9.170006806E1,5.455561828E1,3.988268911E0,2.120202916E2,6.925790163E0,6.235499069E0
3.936013424E1,2.618615399E1,9.170004139E1,5.465696929E1,3.910546568E0,2.164795705E2,6.951351282E0,6.302428827E0
4.036014712E1,2.618613214E1,9.170001465E1,5.458806487E1,3.717895514E0,2.235132353E2,7.282332561E0,6.666748883E0
4.136015892E1,2.618610605E1,9.169998925E1,5.478105318E1,3.686924468E0,2.225607472E2,7.076154694E0,6.520562318E0
4.236017144E1,2.618607806E1,9.169996679E1,5.483047932E1,3.739189676E0,2.176458110E2,6.907074352E0,6.416309949E0
4.336018455E1,2.618604851E1,9.169994651E1,5.513991386E1,3.739589575E0,2.146286558E2,6.836587879E0,6.364908581E0
4.436019647E1,2.618601871E1,9.169992620E1,5.510723694E1,3.664172178E0,2.137635930E2,6.807624093E0,6.447917121E0
4.536020935E1,2.618599998E1,9.169990969E1,5.496571554E1,2.979573766E0,2.165859382E2,6.646676579E0,6.337233806E0
4.636022127E1,2.618598312E1,9.169989457E1,5.493590793E1,2.594638651E0,2.195702340E2,7.227474412E0,6.918522508E0
4.736023414E1,2.618596237E1,9.169988136E1,5.553116755E1,2.577520883E0,2.170425160E2,7.234887034E0,6.967176471E0
4.836024690E1,2.618594014E1,9.169986717E1,5.599006864E1,2.727542794E0,2.154295293E2,7.022410711E0,6.644051001E0
4.936025906E1,2.618591451E1,9.169984393E1,5.643841960E1,3.245761969E0,2.183224598E2,6.991976289E0,6.568108850E0
5.036027110E1,2.618589029E1,9.169982186E1,5.645640388E1,3.399440179E0,2.189820447E2,7.031878496E0,6.614871745E0
5.136028314E1,2.618586108E1,9.169979998E1,5.663556818E1,3.629980294E0,2.158623518E2,7.056301733E0,6.629255252E0
5.236029470E1,2.618583159E1,9.169977784E1,5.654104435E1,3.761321735E0,2.153885788E2,7.232266971E0,6.730912391E0
5.336030746E1,2.618580310E1,9.169975315E1,5.691586705E1,3.883415720E0,2.167409452E2,7.290498886E0,6.780029371E0
5.436031973E1,2.618577940E1,9.169972982E1,5.710442801E1,3.706501343E0,2.195233661E2,7.306615491E0,6.735263311E0
5.536033118E1,2.618574603E1,9.169970105E1,5.716949086E1,4.116569608E0,2.198723918E2,7.323110834E0,6.690040904E0
5.636034358E1,2.618571769E1,9.169967561E1,5.660491827E1,4.037796790E0,2.197912421E2,7.235537061E0,6.807718269E0
5.736035538E1,2.618568906E1,9.169965043E1,5.675816331E1,3.943378991E0,2.210557940E2,7.089462539E0,7.059855277E0
5.836036801E1,2.618565914E1,9.169962288E1,5.641778570E1,4.079502314E0,2.204004199E2,7.012578154E0,6.979326145E0
5.936038053E1,2.618562498E1,9.169959671E1,5.575073537E1,4.272244463E0,2.179561016E2,6.971014785E0,6.948740577E0
6.036039305E1,2.618559575E1,9.169957155E1,5.591015899E1,4.077782889E0,2.182144653E2,6.951527465E0,7.002671039E0
6.136040509E1,2.618556412E1,9.169954581E1,5.561236222E1,4.136737975E0,2.179002232E2,6.845136365E0,6.869502973E0
6.236041725E1,2.618553792E1,9.169951797E1,5.559405436E1,3.978785690E0,2.226952523E2,6.711911304E0,6.870993945E0
6.336042941E1,2.618551212E1,9.169948839E1,5.556803995E1,3.977446078E0,2.258063089E2,6.694911428E0,6.846062185E0
6.436044145E1,2.618548677E1,9.169945212E1,5.496035902E1,4.300167409E0,2.309323735E2,6.657948207E0,6.891722012E0
6.536045456E1,2.618546435E1,9.169942552E1,5.521838215E1,3.910043234E0,2.297761332E2,6.654570524E0,6.660148909E0
6.636046600E1,2.618544419E1,9.169939867E1,5.523311531E1,3.643630218E0,2.297877284E2,6.555487402E0,6.515987675E0
6.736047816E1,2.618541998E1,9.169936718E1,5.535627990E1,3.937304015E0,2.286982179E2,6.454961404E0,6.437051062E0
6.836049056E1,2.618539532E1,9.169933708E1,5.481116696E1,4.000121646E0,2.283928398E2,6.549102160E0,3.736447872E0
6.936050344E1,2.618536829E1,9.169930466E1,5.466289791E1,4.181359829E0,2.288164442E2,6.499090160E0,5.728032429E0
7.036051559E1,2.618534048E1,9.169927049E1,5.489484421E1,4.367038067E0,2.293682121E2,6.637625296E0,5.934078269E0
7.136052811E1,2.618531384E1,9.169923669E1,5.439751538E1,4.339587892E0,2.299101508E2,6.548401680E0,5.924013563E0
7.236054003E1,2.618528912E1,9.169919676E1,5.438001195E1,4.527803036E0,2.333054612E2,6.539239319E0,5.856730689E0
7.336055315E1,2.618526484E1,9.169916232E1,5.436149978E1,4.436643545E0,2.331747038E2,6.470811119E0,5.751420056E0
7.436056483E1,2.618525171E1,9.169911986E1,5.389883096E1,4.390081371E0,2.432756518E2,6.402047403E0,5.711141108E0
7.536057723E1,2.618523055E1,9.169908548E1,5.399365537E1,4.206214133E0,2.386105804E2,6.324581793E0,5.599567531E0
7.636058974E1,2.618520109E1,9.169905524E1,5.404908625E1,4.249381669E0,2.298146219E2,6.231011508E0,5.506335706E0
7.736060274E1,2.618517380E1,9.169902726E1,5.415560503E1,4.180640546E0,2.259299658E2,6.126880158E0,5.422101651E0
7.836061454E1,2.618515867E1,9.169899258E1,5.424079439E1,3.959628117E0,2.360685371E2,6.053820745E0,5.357641576E0
7.936062670E1,2.618513762E1,9.169895718E1,5.415493692E1,4.048563480E0,2.367065779E2,6.118490727E0,5.362857995E0
8.036064005E1,2.618511918E1,9.169892546E1,5.437107227E1,3.902739118E0,2.372266373E2,6.152290738E0,5.367288637E0
8.136065173E1,2.618510438E1,9.169889196E1,5.435206051E1,3.793602807E0,2.413094442E2,6.057713027E0,5.270464108E0
8.236066437E1,2.618508687E1,9.169885886E1,5.429538631E1,3.786386650E0,2.407901743E2,6.064533519E0,5.237061962E0
8.336067665E1,2.618506613E1,9.169882573E1,5.380208699E1,3.945032486E0,2.380385440E2,6.065073475E0,5.279673228E0
8.436068988E1,2.618504795E1,9.169879609E1,5.394234565E1,3.800653960E0,2.370291887E2,6.110151095E0,5.301188956E0
8.536070144E1,2.618502691E1,9.169876564E1,5.388236848E1,3.844550263E0,2.346547225E2,6.101339026E0,5.248309270E0
8.636071396E1,2.618500644E1,9.169873051E1,5.376161702E1,3.958111826E0,2.361800068E2,6.116292927E0,5.200847488E0
8.736072695E1,2.618499039E1,9.169869636E1,5.359559140E1,3.868207614E0,2.405527049E2,6.151279971E0,5.195353475E0
8.836073959E1,2.618497409E1,9.169866069E1,5.324451579E1,3.942207263E0,2.411743878E2,6.031576147E0,5.041035858E0
8.936075151E1,2.618495219E1,9.169863073E1,5.318981833E1,3.914572067E0,2.359307325E2,5.964811627E0,4.980553166E0
9.036076367E1,2.618492983E1,9.169860404E1,5.317182379E1,3.803792052E0,2.320839228E2,5.968887880E0,4.963508516E0
9.136077702E1,2.618491064E1,9.169857280E1,5.323115241E1,3.810964330E0,2.346461954E2,5.955007867E0,4.964112495E0
9.236078942E1,2.618489187E1,9.169853774E1,5.306077636E1,3.945202907E0,2.377386425E2,5.904746918E0,4.914754509E0
9.336080146E1,2.618487244E1,9.169850244E1,5.302217828E1,4.054309874E0,2.384646867E2,5.864837884E0,4.896286751E0
9.436081398E1,2.618485257E1,9.169846988E1,5.309252791E1,3.997429748E0,2.374269944E2,5.853823713E0,4.883353867E0
9.536082649E1,2.618483332E1,9.169843402E1,5.297259351E1,4.066410678E0,2.392043325E2,6.154359485E0,5.111596159E0
9.636083877E1,2.618481456E1,9.169839862E1,5.286007070E1,4.109699836E0,2.398508946E2,6.219457882E0,5.142353753E0
9.736085105E1,2.618479460E1,9.169836193E1,5.271797385E1,4.207065677E0,2.395908374E2,6.197458659E0,5.091149378E0
9.836086333E1,2.618477479E1,9.169832478E1,5.289814505E1,4.312454615E0,2.395537836E2,6.318589765E0,5.185077628E0
9.936087584E1,2.618475298E1,9.169828591E1,5.272259489E1,4.444821478E0,2.385628117E2,6.370282435E0,5.240536742E0
1.003608885E2,2.618473480E1,9.169824884E1,5.291423490E1,4.307572935E0,2.402460950E2,6.403135620E0,5.233714902E0
1.013609014E2,2.618471283E1,9.169820999E1,5.246537935E1,4.378396078E0,2.394766932E2,6.429723608E0,5.310247180E0
1.023609135E2,2.618469095E1,9.169817251E1,5.291446975E1,4.402926727E0,2.387156407E2,6.473471265E0,5.329718171E0
1.033609263E2,2.618467088E1,9.169813564E1,5.284356772E1,4.300420998E0,2.392316718E2,6.390377544E0,5.318114726E0
1.043609380E2,2.618465037E1,9.169809994E1,5.290065732E1,4.212558870E0,2.392956135E2,6.357542216E0,5.286389413E0
1.053609508E2,2.618463386E1,9.169806530E1,5.320892583E1,4.028180614E0,2.417193265E2,6.450606528E0,5.378450754E0
1.063609635E2,2.618461164E1,9.169802881E1,5.315978537E1,4.171408933E0,2.392833982E2,6.450755359E0,5.430664031E0
1.073609759E2,2.618459188E1,9.169799308E1,5.268977286E1,4.167516915E0,2.394915907E2,6.461688315E0,5.497455609E0
1.083609880E2,2.618457419E1,9.169795638E1,5.268589137E1,4.092371373E0,2.421416529E2,6.421460623E0,5.445850516E0
1.093610013E2,2.618455531E1,9.169791674E1,5.244745592E1,4.202303074E0,2.426033038E2,6.443359419E0,5.394416407E0
1.103610137E2,2.618453478E1,9.169788057E1,5.227381646E1,4.166062702E0,2.404642856E2,6.345861307E0,5.311798940E0
1.113610253E2,2.618451741E1,9.169784505E1,5.221770476E1,4.000683186E0,2.417670608E2,6.341315829E0,5.275477297E0
1.123610382E2,2.618449648E1,9.169780534E1,5.222015342E1,4.185777011E0,2.412588161E2,6.378312225E0,5.300618437E0
1.133610504E2,2.618447451E1,9.169776960E1,5.224117500E1,4.225288823E0,2.386058079E2,6.398120203E0,5.368671510E0
1.143610630E2,2.618445474E1,9.169773431E1,5.213507105E1,4.112393738E0,2.384800275E2,6.472126347E0,5.551082394E0
1.153610759E2,2.618443424E1,9.169769746E1,5.222744140E1,4.141826027E0,2.390651303E2,6.450786965E0,5.613905466E0
1.163610884E2,2.618441713E1,9.169766669E1,5.182170374E1,3.793431986E0,2.393739781E2,6.417823463E0,5.636663150E0
1.173611008E2,2.618440024E1,9.169762686E1,5.189646885E1,4.045742446E0,2.426452800E2,6.333066022E0,5.603545206E0
1.183611128E2,2.618438276E1,9.169759011E1,5.211319002E1,4.058509412E0,2.420571077E2,6.254044997E0,5.511158424E0
1.193611251E2,2.618436421E1,9.169755200E1,5.190995341E1,4.112825806E0,2.417446935E2,6.225207724E0,5.400169577E0
1.203611382E2,2.618434896E1,9.169751857E1,5.227543734E1,3.912743367E0,2.429522830E2,6.150005886E0,5.303701227E0
1.213611506E2,2.618433080E1,9.169748114E1,5.224689332E1,3.992837811E0,2.425027866E2,6.119587196E0,5.356707370E0
1.223611630E2,2.618431100E1,9.169744529E1,5.255769541E1,4.072448196E0,2.407403435E2,6.106359057E0,5.335412551E0
1.233611753E2,2.618429331E1,9.169741164E1,5.264965596E1,3.960453270E0,2.408371970E2,6.121690969E0,5.339100552E0
1.243611882E2,2.618427676E1,9.169737766E1,5.253007678E1,3.872266782E0,2.417848502E2,6.249626837E0,5.492547302E0
1.253612005E2,2.618426066E1,9.169734215E1,5.239761294E1,3.885094551E0,2.435719446E2,6.285564001E0,5.491158282E0
1.263612133E2,2.618424460E1,9.169730616E1,5.231619524E1,3.933895994E0,2.440599523E2,6.230266308E0,5.408511637E0
1.273612257E2,2.618422840E1,9.169727036E1,5.254871049E1,3.955323940E0,2.436816194E2,6.159617954E0,5.332162989E0
1.283612379E2,2.618420952E1,9.169723414E1,5.234866328E1,4.035270140E0,2.410707857E2,6.114706442E0,5.247453082E0
1.293612508E2,2.618419365E1,9.169719922E1,5.262138610E1,3.879423626E0,2.414146799E2,6.244647904E0,5.310366623E0
1.303612633E2,2.618418024E1,9.169716358E1,5.281884564E1,3.873445676E0,2.430288297E2,6.256599012E0,5.295964289E0
1.313612759E2,2.618416154E1,9.169712688E1,5.294148349E1,4.002771532E0,2.412165754E2,6.509613809E0,5.595896588E0
1.323612878E2,2.618414458E1,9.169709012E1,5.312892501E1,4.047360644E0,2.419044190E2,6.391533009E0,5.476739600E0
1.333572553E2,2.618412762E1,9.169705126E1,5.358394483E1,4.129904868E0,2.433691294E2,6.514697567E0,5.551052293E0
1.343572081E2,2.618411119E1,9.169701466E1,5.371864588E1,4.067090541E0,2.437172146E2,6.629328009E0,5.736609129E0
1.353572215E2,2.618409637E1,9.169697774E1,5.395442419E1,4.001300333E0,2.456585246E2,6.665528353E0,5.853253089E0
1.363571799E2,2.618408352E1,9.169693707E1,5.375405029E1,4.115401203E0,2.496437141E2,6.605396323E0,5.862978634E0
1.373571384E2,2.618407109E1,9.169690191E1,5.365020381E1,3.965065565E0,2.497875543E2,6.577900484E0,5.942603506E0
1.383571562E2,2.618405426E1,9.169686353E1,5.364310252E1,4.099633585E0,2.470454076E2,6.548189761E0,5.852916320E0
1.393571168E2,2.618403624E1,9.169682987E1,5.369696575E1,4.010739193E0,2.434546713E2,6.564993989E0,5.810470538E0
1.403570787E2,2.618401657E1,9.169679370E1,5.334802653E1,4.058574896E0,2.418674688E2,6.645941548E0,5.912995135E0
1.413570986E2,2.618399939E1,9.169675733E1,5.295970647E1,4.031237175E0,2.427393202E2,6.684152648E0,5.926803573E0
1.423570592E2,2.618398328E1,9.169672097E1,5.297650522E1,4.031209416E0,2.429691644E2,6.708111049E0,5.975011633E0
1.433570195E2,2.618396551E1,9.169668440E1,5.331233545E1,4.150241008E0,2.427720077E2,6.751404665E0,6.000928810E0
1.443570392E2,2.618394728E1,9.169664441E1,5.328027139E1,4.297893042E0,2.430107218E2,6.841216134E0,5.999663839E0
1.453570026E2,2.618392882E1,9.169660637E1,5.314835424E1,4.317898006E0,2.415993358E2,6.816273380E0,5.892282239E0
1.463569665E2,2.618390768E1,9.169656766E1,5.315757878E1,4.359650546E0,2.407914322E2,6.890987512E0,5.904657168E0
1.473569887E2,2.618389170E1,9.169652806E1,5.321947635E1,4.311381080E0,2.436392409E2,6.856124188E0,5.849119076E0
1.483570123E2,2.618387680E1,9.169648885E1,5.318875214E1,4.264568045E0,2.458325387E2,6.811001501E0,5.778174125E0
1.493570348E2,2.618386033E1,9.169645150E1,5.296054825E1,4.234416835E0,2.450052430E2,6.746305602E0,5.684232518E0
1.503570571E2,2.618384478E1,9.169641388E1,5.305010697E1,4.229042581E0,2.454973239E2,6.709799924E0,5.618709259E0
1.513570782E2,2.618383060E1,9.169637593E1,5.316027557E1,4.220218158E0,2.461365957E2,6.732033186E0,5.609553172E0
1.523570992E2,2.618381884E1,9.169633710E1,5.313545935E1,4.118531844E0,2.491932818E2,6.759256123E0,5.610176333E0
1.533571198E2,2.618380623E1,9.169629733E1,5.301956511E1,4.142563342E0,2.503625127E2,6.717707744E0,5.551416852E0
1.543571396E2,2.618379691E1,9.169625760E1,5.321607992E1,4.092215271E0,2.532032949E2,6.652611419E0,5.550747666E0
1.553571588E2,2.618378604E1,9.169622003E1,5.252207159E1,3.980404541E0,2.526694463E2,6.592869405E0,5.544492317E0
1.563571775E2,2.618377104E1,9.169618426E1,5.274158688E1,3.901774411E0,2.491981971E2,6.623641912E0,5.554083822E0
1.573571963E2,2.618376549E1,9.169614939E1,5.292225255E1,3.622131852E0,2.550229301E2,6.601963744E0,5.582008261E0
1.583572148E2,2.618376141E1,9.169612495E1,5.308099078E1,2.971268239E0,2.577148384E2,6.622247615E0,5.628329576E0
1.593572328E2,2.618375688E1,9.169609602E1,5.336521552E1,2.959993203E0,2.595859369E2,6.566937430E0,5.626369977E0
1.603572500E2,2.618375454E1,9.169606627E1,5.327668636E1,2.887686311E0,2.635941549E2,6.605015676E0,5.584120820E0
1.613572681E2,2.618375286E1,9.169603280E1,5.347268501E1,3.100330086E0,2.652691085E2,6.573014601E0,5.514670172E0
1.623572845E2,2.618374560E1,9.169599611E1,5.326813940E1,3.363217555E0,2.618290317E2,6.589436212E0,5.489630883E0
1.633573011E2,2.618374092E1,9.169595497E1,5.323686027E1,3.672938830E0,2.626690406E2,6.561453369E0,5.468330930E0
1.643573174E2,2.618373748E1,9.169591893E1,5.333301241E1,3.602544882E0,2.632300270E2,6.479456826E0,5.374650770E0
1.653573378E2,2.618373602E1,9.169588080E1,5.339021886E1,3.667270225E0,2.656501994E2,6.504574898E0,5.387311114E0
1.663573498E2,2.618373562E1,9.169584108E1,5.334819419E1,3.792041464E0,2.680888438E2,6.527624248E0,5.433744656E0
1.673573660E2,2.618373569E1,9.169580237E1,5.327297842E1,3.817035506E0,2.687514073E2,6.502435200E0,5.416729796E0
1.683573815E2,2.618373560E1,9.169576288E1,5.344903618E1,3.897499292E0,2.693613237E2,6.440536441E0,5.328955379E0
1.693573967E2,2.618375206E1,9.169572312E1,5.332177540E1,4.069420404E0,2.855851038E2,6.543382401E0,5.938226971E0
1.703574123E2,2.618376592E1,9.169568771E1,5.346567776E1,3.961601763E0,2.885930824E2,6.493845409E0,5.440188050E0
1.713574271E2,2.618377518E1,9.169564852E1,5.358501717E1,3.980418216E0,2.863579791E2,6.457362783E0,5.393226449E0
1.723574423E2,2.618378918E1,9.169561210E1,5.336572269E1,3.947728180E0,2.908288119E2,6.460283271E0,5.395867235E0
1.733574569E2,2.618381377E1,9.169558167E1,5.351551562E1,3.929408190E0,3.032958349E2,6.434276530E0,5.373103317E0
1.743574721E2,2.618384451E1,9.169556146E1,5.363787328E1,3.848468829E0,3.185718738E2,6.409554349E0,5.333768788E0
1.753574866E2,2.618387623E1,9.169554905E1,5.367253196E1,3.706510378E0,3.309715626E2,6.304782939E0,5.256604701E0
1.763575006E2,2.618390876E1,9.169553910E1,5.392471539E1,3.691319206E0,3.385979588E2,6.375575653E0,5.342040069E0
1.773575153E2,2.618394064E1,9.169553949E1,5.403316609E1,3.535510047E0,3.505633946E2,6.393577766E0,5.394815927E0
1.783575295E2,2.618397434E1,9.169554163E1,5.414133650E1,3.609490727E0,3.574385962E2,6.437993670E0,5.425350076E0
1.793575435E2,2.618400345E1,9.169554016E1,5.414611819E1,3.432174112E0,3.567134738E2,6.407704773E0,5.418289174E0
1.803575575E2,2.618402700E1,9.169552755E1,5.397071091E1,3.053654516E0,3.449375382E2,6.509502787E0,5.465072462E0
1.813575705E2,2.618404554E1,9.169551224E1,5.370942168E1,2.706032878E0,3.348426697E2,6.501077188E0,5.451327358E0
1.823575851E2,2.618406215E1,9.169549246E1,5.363778880E1,2.670529444E0,3.237769824E2,6.528874634E0,5.480478613E0
1.833575988E2,2.618407725E1,9.169547155E1,5.377427933E1,2.666228480E0,3.151050559E2,6.646162158E0,5.567493906E0
1.843576120E2,2.618409153E1,9.169544233E1,5.372341001E1,2.922851613E0,3.057046932E2,6.587759917E0,5.507823719E0
1.853576258E2,2.618409998E1,9.169541175E1,5.300802578E1,3.050132372E0,2.955802004E2,6.575231440E0,5.497335121E0
1.863576398E2,2.618411877E1,9.169537743E1,5.328042561E1,3.531123949E0,2.983991769E2,6.524571525E0,5.440188491E0
1.873576533E2,2.618413673E1,9.169534646E1,5.321451714E1,3.589658581E0,3.005683390E2,6.477628632E0,5.384822455E0
1.883576664E2,2.618415855E1,9.169531348E1,5.323076192E1,3.797969844E0,3.044147138E2,6.369045088E0,5.299564252E0
1.893576802E2,2.618417919E1,9.169528203E1,5.341927423E1,3.799868203E0,3.048443735E2,6.279915368E0,5.225485912E0
1.903576939E2,2.618419823E1,9.169524558E1,5.372366081E1,3.960794110E0,3.022362960E2,6.181938614E0,5.084302402E0
1.913577071E2,2.618421981E1,9.169521248E1,5.363720279E1,3.986449779E0,3.044115753E2,6.145732577E0,5.079171811E0
1.923577200E2,2.618423956E1,9.169517803E1,5.362188268E1,3.972237368E0,3.032771465E2,6.112916879E0,5.008067089E0
1.933577332E2,2.618425901E1,9.169514184E1,5.349137947E1,4.057958723E0,3.024416182E2,6.212842999E0,5.101304398E0
1.943577465E2,2.618427857E1,9.169510862E1,5.363063273E1,3.989911490E0,3.029723879E2,6.228451179E0,5.101265731E0
1.953577596E2,2.618429992E1,9.169507583E1,5.358139334E1,3.979182199E0,3.046779334E2,6.264178313E0,5.097726040E0
1.963577727E2,2.618431999E1,9.169504218E1,5.352967755E1,3.967471696E0,3.038493803E2,6.229929765E0,5.089791063E0
1.973577859E2,2.618433724E1,9.169500667E1,5.346688126E1,3.989561045E0,3.005634520E2,6.253155491E0,5.114241939E0
1.983577991E2,2.618435505E1,9.169497091E1,5.342478300E1,4.013501986E0,3.000327092E2,6.215532055E0,5.140878723E0
1.993578117E2,2.618437037E1,9.169493632E1,5.348933125E1,3.949441142E0,2.980344692E2,6.322736497E0,5.264914380E0
2.003578256E2,2.618439158E1,9.169490642E1,5.336578442E1,3.841586851E0,3.034260254E2,6.277394970E0,5.197475937E0
2.013578387E2,2.618440577E1,9.169487500E1,5.318372117E1,3.649574717E0,3.000344693E2,6.210838951E0,5.119356269E0
2.023578517E2,2.618441218E1,9.169483274E1,5.293208358E1,3.907389580E0,2.882119402E2,6.103682893E0,5.080034472E0
2.033578641E2,2.618441702E1,9.169479400E1,5.282254417E1,3.884707458E0,2.829453088E2,6.105395059E0,5.169225415E0
2.043578777E2,2.618442610E1,9.169475474E1,5.256286368E1,3.926222662E0,2.843845066E2,6.056947934E0,5.210395321E0
2.053578898E2,2.618443695E1,9.169471920E1,5.279040547E1,3.830608928E0,2.872788202E2,6.047970408E0,5.200500206E0
2.063579034E2,2.618444939E1,9.169467913E1,5.246940776E1,4.048854922E0,2.889340783E2,6.186388031E0,5.382103324E0
2.073579162E2,2.618446276E1,9.169463986E1,5.215616228E1,4.130083166E0,2.895486869E2,6.273768638E0,5.495727474E0
2.083579291E2,2.618446452E1,9.169459748E1,5.170662705E1,4.156206904E0,2.807944277E2,6.318968183E0,5.543397245E0
2.093579414E2,2.618446674E1,9.169455545E1,5.178110628E1,4.158771544E0,2.763148372E2,6.208527727E0,5.421843983E0
2.103579541E2,2.618446542E1,9.169451218E1,5.208907577E1,4.215731320E0,2.715399662E2,6.083264721E0,5.284656254E0
2.113579673E2,2.618446435E1,9.169446817E1,5.232882188E1,4.285769735E0,2.699302798E2,6.148759070E0,5.317392376E0
2.123579801E2,2.618446652E1,9.169442599E1,5.229039345E1,4.213665102E0,2.721043028E2,5.944240034E0,5.129510798E0
2.133579929E2,2.618446583E1,9.169438114E1,5.213583918E1,4.314251130E0,2.702445647E2,5.825779190E0,5.006457592E0
2.143580058E2,2.618446277E1,9.169433977E1,5.200016605E1,4.204587452E0,2.677134975E2,5.905472602E0,5.051994550E0
2.153580192E2,2.618445745E1,9.169429578E1,5.206282166E1,4.307221363E0,2.649253181E2,5.829407196E0,5.037674851E0
2.163580314E2,2.618445613E1,9.169425359E1,5.230101240E1,4.262645623E0,2.664539244E2,6.125342925E0,5.306525438E0
2.173580443E2,2.618445304E1,9.169421254E1,5.229294851E1,4.205906913E0,2.657375854E2,6.141472331E0,5.364583021E0
2.183580576E2,2.618444683E1,9.169416974E1,5.226200697E1,4.284334832E0,2.629024894E2,6.150701941E0,5.323632856E0
2.193580703E2,2.618444152E1,9.169412767E1,5.256282741E1,4.263438994E0,2.619926035E2,6.094096870E0,5.332195169E0
2.203580830E2,2.618443671E1,9.169408688E1,5.251068597E1,4.166158969E0,2.625043885E2,6.150742348E0,5.358084967E0
2.213580958E2,2.618443018E1,9.169404655E1,5.234496843E1,4.116536795E0,2.610337813E2,6.169521431E0,5.370728834E0
2.223581082E2,2.618441883E1,9.169400692E1,5.237581640E1,4.120752896E0,2.564311433E2,6.160360936E0,5.359964308E0
2.233581212E2,2.618440837E1,9.169396600E1,5.231941446E1,4.201133759E0,2.551965924E2,6.087421873E0,5.357943430E0
2.243581339E2,2.618440180E1,9.169392772E1,5.198869759E1,4.047914989E0,2.573691773E2,6.092933140E0,5.428469647E0
2.253581465E2,2.618439347E1,9.169388898E1,5.219821417E1,4.016822620E0,2.572071817E2,6.040010397E0,5.319440944E0
2.263581592E2,2.618438507E1,9.169384959E1,5.196718236E1,4.060249972E0,2.569966128E2,6.054349729E0,5.339795555E0
2.273581718E2,2.618437499E1,9.169381042E1,5.200601429E1,4.039072150E0,2.554486101E2,6.094997862E0,5.394562024E0
2.283581849E2,2.618436617E1,9.169377283E1,5.143071038E1,3.933217718E0,2.558273356E2,5.993312345E0,5.348311701E0
2.293581975E2,2.618436144E1,9.169373462E1,5.159791491E1,3.861161869E0,2.597616897E2,6.094313048E0,5.474406911E0
2.303582107E2,2.618435669E1,9.169369088E1,5.163751826E1,4.147948235E0,2.611498293E2,6.157756112E0,5.453600841E0
2.313582227E2,2.618434808E1,9.169364847E1,5.144361424E1,4.210227726E0,2.590313653E2,6.166970232E0,5.390705477E0
2.323582360E2,2.618434197E1,9.169360678E1,5.152042418E1,4.157552182E0,2.600236297E2,6.154973465E0,5.349018854E0
2.333582482E2,2.618432993E1,9.169356804E1,5.163810509E1,4.061834962E0,2.560675575E2,6.222997261E0,5.418752697E0
2.343582609E2,2.618431863E1,9.169353030E1,5.178568739E1,4.033031658E0,2.538637498E2,6.139827290E0,5.341679258E0
2.353582733E2,2.618431224E1,9.169349061E1,5.176379259E1,4.000253266E0,2.569041383E2,6.224186793E0,5.396019126E0
2.363582853E2,2.618430807E1,9.169345176E1,5.162387467E1,3.933273730E0,2.607480559E2,6.292998348E0,5.547642307E0
2.373582976E2,2.618430114E1,9.169341317E1,5.146670629E1,3.930504081E0,2.594617766E2,6.307806263E0,5.604276919E0
2.383583096E2,2.618429716E1,9.169337510E1,5.174196959E1,3.869797996E0,2.621332875E2,6.350844809E0,5.660404985E0
2.393583221E2,2.618429728E1,9.169333532E1,5.186337177E1,3.943792213E0,2.673981900E2,6.341471382E0,5.647786138E0
2.403583336E2,2.618429922E1,9.169329434E1,5.198021728E1,4.009800851E0,2.707917458E2,6.291515192E0,5.619648744E0
2.413583465E2,2.618429599E1,9.169325427E1,5.202412985E1,3.974957449E0,2.682264706E2,6.249964320E0,5.567834182E0
2.423583591E2,2.618429475E1,9.169321579E1,5.190025426E1,3.858694173E0,2.675321987E2,6.159724762E0,5.428954210E0
2.433583708E2,2.618429307E1,9.169317629E1,5.194551561E1,3.842365991E0,2.669850848E2,6.067976714E0,5.326541426E0
2.443583833E2,2.618429672E1,9.169313476E1,5.210565823E1,3.968272589E0,2.719702596E2,6.156936795E0,5.348595169E0
2.453583959E2,2.618429855E1,9.169309557E1,5.219945461E1,3.931896038E0,2.724481151E2,6.196244396E0,5.363689725E0
2.463584083E2,2.618430298E1,9.169305792E1,5.245772388E1,3.806601591E0,2.748255684E2,6.169875391E0,5.385605010E0
2.473584204E2,2.618430824E1,9.169301671E1,5.292469149E1,3.939825109E0,2.767344669E2,6.092936518E0,5.329314463E0
2.483584329E2,2.618431520E1,9.169298076E1,5.294232067E1,3.784792181E0,2.795785467E2,6.275724769E0,5.541013873E0
2.493584452E2,2.618432387E1,9.169294083E1,5.283423746E1,3.892096772E0,2.821962384E2,6.514439410E0,5.714773798E0
2.503584585E2,2.618433489E1,9.169289877E1,5.315483710E1,4.088778252E0,2.843125786E2,6.479049631E0,5.658703009E0
2.513584712E2,2.618434131E1,9.169285775E1,5.339904832E1,4.102294408E0,2.805746665E2,6.473256896E0,5.617063866E0
2.523584832E2,2.618433967E1,9.169281472E1,5.336377927E1,4.141260381E0,2.721517728E2,6.533477723E0,5.658289953E0
2.533584958E2,2.618433410E1,9.169277238E1,5.321959717E1,4.196141555E0,2.658871691E2,6.529711259E0,5.621326037E0
2.543585080E2,2.618432488E1,9.169273095E1,5.320300860E1,4.184065268E0,2.603465567E2,6.418871601E0,5.649312734E0
2.553585212E2,2.618431109E1,9.169269519E1,5.346171459E1,3.997010172E0,2.523724274E2,6.495614300E0,5.722618521E0
2.563585339E2,2.618429276E1,9.169266028E1,5.375409024E1,3.959401314E0,2.454030181E2,6.482127783E0,5.714128541E0
2.573585455E2,2.618427051E1,9.169263097E1,5.371205922E1,3.835654266E0,2.369818372E2,6.542385313E0,5.754212432E0
2.583585584E2,2.618424450E1,9.169260546E1,5.357333260E1,3.791670019E0,2.274328126E2,6.583412185E0,5.796282603E0
2.593539575E2,2.618421804E1,9.169258361E1,5.341010814E1,3.680069563E0,2.213571000E2,6.654990893E0,5.977306721E0
2.603539063E2,2.618418926E1,9.169255813E1,5.350658508E1,3.864373777E0,2.209029262E2,6.798163540E0,6.114361875E0
2.613539193E2,2.618416276E1,9.169253266E1,5.368177892E1,3.866749932E0,2.217798117E2,6.733267867E0,6.020083365E0
2.623539325E2,2.618414050E1,9.169250329E1,5.372904179E1,3.805476360E0,2.256999678E2,6.772028089E0,6.014716500E0
2.633539435E2,2.618411794E1,9.169247247E1,5.383077227E1,3.849347199E0,2.288400385E2,6.660051530E0,5.819329600E0
2.643540168E2,2.618409731E1,9.169243958E1,5.401416897E1,3.906284399E0,2.320405309E2,6.565044273E0,5.712659823E0
2.653540606E2,2.618408322E1,9.169240156E1,5.387391760E1,3.955347529E0,2.415685125E2,6.538667197E0,5.697057481E0
2.663540993E2,2.618407341E1,9.169236133E1,5.383115728E1,4.037134342E0,2.490411888E2,6.448475882E0,5.608815830E0
2.673542026E2,2.618406444E1,9.169231766E1,5.374925880E1,4.229407892E0,2.545605095E2,6.326039938E0,5.505255782E0
2.683542578E2,2.618406155E1,9.169227763E1,5.355343072E1,4.065851315E0,2.609880737E2,6.254765586E0,5.411229645E0
2.693543075E2,2.618405825E1,9.169223792E1,5.307448078E1,3.967521283E0,2.635444807E2,6.227138374E0,5.422686678E0
2.703544210E2,2.618405395E1,9.169219487E1,5.296584139E1,4.061355959E0,2.638856277E2,6.171725998E0,5.389442513E0
2.713544775E2,2.618405081E1,9.169215041E1,5.317985332E1,4.242101897E0,2.649122858E2,6.157186699E0,5.340359921E0
2.723545287E2,2.618404388E1,9.169211118E1,5.347965573E1,4.097093409E0,2.616617576E2,6.206434023E0,5.455263290E0
2.733546435E2,2.618402513E1,9.169207231E1,5.304014149E1,4.106495895E0,2.505040190E2,6.196766413E0,5.480317528E0
2.743547602E2,2.618400440E1,9.169203530E1,5.297096425E1,4.197016771E0,2.430579365E2,6.196534198E0,5.505636220E0
2.753548714E2,2.618398253E1,9.169200419E1,5.302523510E1,4.038488223E0,2.373287833E2,6.252034163E0,5.482571128E0
2.763549775E2,2.618396813E1,9.169196826E1,5.296137014E1,3.965873412E0,2.423183192E2,6.338215042E0,5.525187239E0
2.773550767E2,2.618395410E1,9.169193241E1,5.301890413E1,3.947160756E0,2.447593589E2,6.402548026E0,5.560832404E0
2.783551718E2,2.618394117E1,9.169189585E1,5.308534586E1,3.889609189E0,2.474359604E2,6.332308806E0,5.570799168E0
2.793552636E2,2.618393374E1,9.169185299E1,5.293023597E1,4.086830268E0,2.546851222E2,6.326464079E0,5.489319105E0
2.803553501E2,2.618393105E1,9.169181225E1,5.288147089E1,4.063099297E0,2.608133499E2,6.352575562E0,5.466162264E0
2.813554318E2,2.618392971E1,9.169176992E1,5.293991587E1,4.095206781E0,2.649599180E2,6.330902280E0,5.500086685E0
2.823555111E2,2.618392771E1,9.169172907E1,5.288563452E1,4.093805883E0,2.666180946E2,6.413330015E0,5.535383016E0
2.833555862E2,2.618392743E1,9.169168798E1,5.268195338E1,4.076745739E0,2.680464160E2,6.476793307E0,5.608953287E0
2.843556578E2,2.618392557E1,9.169164404E1,5.283478050E1,4.186720957E0,2.675700812E2,6.454503961E0,5.585880071E0
2.853557265E2,2.618392551E1,9.169160408E1,5.301019056E1,4.056449145E0,2.689879670E2,6.395728448E0,5.529195331E0
2.863557928E2,2.618392599E1,9.169156282E1,5.304976634E1,4.070108062E0,2.696723206E2,6.359775323E0,5.485692980E0
2.873558550E2,2.618392666E1,9.169152367E1,5.333510065E1,3.973977698E0,2.702570436E2,6.321271413E0,5.416864918E0
2.883559159E2,2.618392363E1,9.169148541E1,5.315949123E1,3.877375627E0,2.678768643E2,6.350843478E0,5.524070065E0
2.893559749E2,2.618392442E1,9.169144532E1,5.305136148E1,3.910149975E0,2.695223624E2,6.307380105E0,5.535776254E0
2.903560307E2,2.618392586E1,9.169140609E1,5.324721259E1,3.938436085E0,2.706633726E2,6.495144346E0,5.756739015E0
2.913560847E2,2.618392671E1,9.169136675E1,5.333947269E1,3.939740440E0,2.702985260E2,6.440933541E0,5.631961774E0
2.923561362E2,2.618392743E1,9.169132744E1,5.335573139E1,3.903647680E0,2.707434702E2,6.385607906E0,5.628508706E0
2.933561870E2,2.618393063E1,9.169128724E1,5.319284356E1,3.912966733E0,2.733374099E2,6.381563628E0,5.562933084E0
2.943562351E2,2.618393415E1,9.169124900E1,5.302735694E1,3.836947085E0,2.748095402E2,6.320013766E0,5.598004373E0
2.953562814E2,2.618394233E1,9.169121143E1,5.306163652E1,3.793413407E0,2.801944481E2,6.313553669E0,5.570603928E0
2.963563273E2,2.618395003E1,9.169117275E1,5.328331390E1,3.830851275E0,2.824071474E2,6.268435252E0,5.548570245E0
2.973563702E2,2.618395619E1,9.169113520E1,5.288874971E1,3.765910560E0,2.814728583E2,6.195524909E0,5.500996205E0
2.983564136E2,2.618396987E1,9.169109650E1,5.304777333E1,3.894541161E0,2.867148730E2,6.219039750E0,5.553128790E0
2.993564540E2,2.618398849E1,9.169106362E1,5.317197944E1,3.846561905E0,2.952808115E2,6.098335613E0,5.407636047E0
3.003564948E2,2.618400370E1,9.169103156E1,5.320303663E1,3.701545140E0,2.979103002E2,6.051527170E0,5.319778689E0
3.013565336E2,2.618402269E1,9.169099924E1,5.354004196E1,3.719381432E0,3.013926270E2,6.063323481E0,5.339228977E0
3.023565716E2,2.618403462E1,9.169096941E1,5.357550709E1,3.427019297E0,2.974052652E2,6.053953067E0,5.271142796E0
3.033566080E2,2.618404540E1,9.169093454E1,5.360141352E1,3.482049437E0,2.914586812E2,6.086571939E0,5.348009032E0
3.043566443E2,2.618405370E1,9.169089438E1,5.289399795E1,3.747305617E0,2.865140397E2,6.073173419E0,5.406856602E0
3.053566791E2,2.618405208E1,9.169085567E1,5.286964584E1,3.789219645E0,2.761701271E2,6.073173431E0,5.381242875E0
3.063567144E2,2.618405207E1,9.169082019E1,5.283655435E1,3.636785165E0,2.732047440E2,5.816414963E0,5.145717221E0
3.073567477E2,2.618405095E1,9.169078055E1,5.306561158E1,3.789013998E0,2.705628682E2,5.925992990E0,5.222332296E0
3.083567808E2,2.618405642E1,9.169074328E1,5.291292994E1,3.751394660E0,2.749941100E2,5.871451694E0,5.151907104E0
3.093568124E2,2.618405993E1,9.169070185E1,5.293540692E1,3.948002182E0,2.748398871E2,6.134840911E0,5.382424045E0
3.103568442E2,2.618406071E1,9.169066014E1,5.311074214E1,4.112947732E0,2.717051322E2,6.153377243E0,5.436387384E0
3.113568749E2,2.618406084E1,9.169061971E1,5.346471466E1,4.052826667E0,2.704668618E2,6.228732762E0,5.517977418E0
3.123569062E2,2.618406278E1,9.169057608E1,5.339101528E1,4.194978427E0,2.715488753E2,6.243936106E0,5.511868044E0
3.133569356E2,2.618406397E1,9.169053506E1,5.370417283E1,4.113743263E0,2.711099388E2,6.267551873E0,5.482336756E0
3.143569654E2,2.618406278E1,9.169049289E1,5.375901979E1,4.080262853E0,2.694528253E2,6.341213880E0,5.535415654E0
3.153569947E2,2.618406309E1,9.169045197E1,5.377849089E1,4.015273043E0,2.697207450E2,6.436934912E0,5.549100063E0
3.163570235E2,2.618406016E1,9.169040891E1,5.406672348E1,4.154650928E0,2.672058227E2,6.521894075E0,5.667286311E0
3.173570522E2,2.618406055E1,9.169036610E1,5.390612268E1,4.159960033E0,2.691335397E2,6.578120083E0,5.645576691E0
3.183570796E2,2.618406182E1,9.169032781E1,5.413409940E1,3.992290465E0,2.704844419E2,6.676743683E0,5.738889317E0
3.193571069E2,2.618406716E1,9.169028863E1,5.426199768E1,3.949700898E0,2.741122443E2,6.645706715E0,5.658834068E0
3.203571348E2,2.618406752E1,9.169024998E1,5.431254973E1,3.890875050E0,2.726839501E2,6.604892518E0,5.640530628E0
3.213571620E2,2.618406376E1,9.169020748E1,5.480235755E1,4.024147202E0,2.688403343E2,6.673333735E0,5.726182520E0
3.223571881E2,2.618406498E1,9.169016499E1,5.429525681E1,4.024377282E0,2.703780703E2,6.904939971E0,5.824733212E0
3.233572141E2,2.618406434E1,9.169012274E1,5.414537609E1,4.148559396E0,2.696288967E2,6.955990672E0,5.877181505E0
3.243572407E2,2.618406863E1,9.169008565E1,5.430039133E1,3.920060724E0,2.728747418E2,6.913163344E0,5.874298464E0
3.253572674E2,2.618407321E1,9.169004623E1,5.453489185E1,3.884463487E0,2.752365251E2,6.781723108E0,5.869478967E0
3.263572921E2,2.618408604E1,9.169000648E1,5.471193261E1,3.989578071E0,2.839532620E2,6.816082769E0,5.948093550E0
3.273573178E2,2.618410782E1,9.168997144E1,5.469614966E1,3.971356133E0,2.966602271E2,7.085570870E0,6.199230959E0
3.283573432E2,2.618413339E1,9.168994221E1,5.477422297E1,3.912710062E0,3.075902037E2,7.001142321E0,6.077895314E0
3.293573684E2,2.618416456E1,9.168991846E1,5.494812223E1,3.971572680E0,3.188023194E2,6.958134146E0,6.037508631E0
3.303573935E2,2.618419807E1,9.168990024E1,5.513335524E1,3.994457312E0,3.284132810E2,7.005291459E0,6.019032461E0
3.313574185E2,2.618423496E1,9.168989425E1,5.500192843E1,3.991079695E0,3.429386976E2,7.177228661E0,6.135323389E0
3.323574423E2,2.618427140E1,9.168989914E1,5.532219199E1,4.011557221E0,3.567433143E2,7.155224285E0,6.214334607E0
3.333574665E2,2.618430413E1,9.168990422E1,5.545797011E1,3.839310998E0,2.988383385E0,7.202829523E0,6.342458238E0
3.343574916E2,2.618433945E1,9.168990555E1,5.528086074E1,3.838723506E0,3.184821660E0,7.172098712E0,6.312831571E0
3.353575155E2,2.618437540E1,9.168990152E1,5.536055132E1,3.922610450E0,3.595458577E2,7.072828891E0,6.310695677E0
3.363575395E2,2.618441056E1,9.168990064E1,5.531004513E1,3.924916767E0,8.816053044E-2,7.011058737E0,6.213114216E0
3.373575636E2,2.618444501E1,9.168990180E1,5.579325728E1,3.873306574E0,1.518263651E0,7.128016657E0,6.384187478E0
3.383575879E2,2.618447979E1,9.168990281E1,5.600995756E1,3.876766175E0,1.951597237E0,7.219135486E0,6.579452151E0
3.393576115E2,2.618451227E1,9.168990203E1,5.633965932E1,3.739020309E0,4.125282775E-1,7.182596400E0,6.619900341E0
3.403576360E2,2.618454480E1,9.168990271E1,5.647545056E1,3.673805834E0,1.255267809E0,7.088426928E0,6.627556037E0
3.413576592E2,2.618457661E1,9.168990465E1,5.649353204E1,3.563801908E0,3.394099408E0,7.145269661E0,6.802218361E0
3.423576822E2,2.618460637E1,9.168990552E1,5.646817538E1,3.354758232E0,3.054973979E0,7.161564754E0,6.731903351E0
3.433577060E2,2.618463277E1,9.168990074E1,5.646000434E1,3.120591063E0,3.582145222E2,7.308881358E0,6.710727280E0
3.443577300E2,2.618466292E1,9.168989609E1,5.633645210E1,3.220980145E0,3.553823313E2,7.162634561E0,6.571621034E0
3.453577527E2,2.618469422E1,9.168989375E1,5.627154362E1,3.340947248E0,3.563850570E2,7.376402746E0,6.685408780E0
3.463577764E2,2.618472520E1,9.168989317E1,5.619097782E1,3.363287815E0,3.590605111E2,7.421238375E0,6.702513829E0
3.473577993E2,2.618475403E1,9.168989553E1,5.605737771E1,3.273942367E0,2.523377180E0,7.507025783E0,6.705947785E0
3.483578228E2,2.618478272E1,9.168989779E1,5.589609353E1,3.217630083E0,3.883582728E0,7.356769277E0,6.537651602E0
3.493578459E2,2.618481197E1,9.168989775E1,5.575853132E1,3.219377330E0,1.463145213E0,7.253758835E0,6.461796650E0
3.503578694E2,2.618484123E1,9.168989738E1,5.572038468E1,3.226158399E0,2.010588227E-1,7.215365893E0,6.458769458E0
3.513578923E2,2.618486809E1,9.168989545E1,5.556158172E1,3.074385823E0,3.584620536E2,7.139421440E0,6.516877316E0
3.516480218E2,2.618560651E1,9.168983456E1,5.617399167E1,NaN,NaN,3.123765906E1,3.057364919E1
3.516483490E2,2.618560168E1,9.168983858E1,5.643007637E1,NaN,NaN,3.146598343E1,3.180754374E1
3.549290463E2,2.618573142E1,9.168996834E1,5.343877639E1,3.133407593E0,NaN,1.737960496E1,1.875545311E1
3.559290655E2,2.618578429E1,9.168995300E1,5.451117606E1,3.133407593E0,3.491654816E0,1.170600652E1,3.000000000E0
3.569290842E2,2.618578705E1,9.168992084E1,5.443052827E1,2.910226822E0,7.395608451E0,8.752084693E0,3.000000000E0
3.579288458E2,2.618582009E1,9.168991892E1,5.451469679E1,2.910226822E0,3.599280471E2,1.400000000E1,3.000000000E0
3.589288647E2,2.618584605E1,9.168990660E1,5.430872525E1,3.100768566E0,1.477898724E0,1.400000000E1,3.000000000E0
3.599288844E2,2.618588023E1,9.168990645E1,5.426406608E1,2.669507504E0,3.561550780E2,1.400000000E1,3.000000000E0
3.609289035E2,2.618591619E1,9.168990031E1,5.438691522E1,2.841408968E0,2.707898292E0,4.528733911E0,3.000000000E0
3.619289228E2,2.618594231E1,9.168989786E1,5.433448465E1,2.702641487E0,6.096212239E-1,3.737520350E0,3.000000000E0
3.629289428E2,2.618597322E1,9.168990000E1,5.437892272E1,2.841408968E0,5.595645711E0,3.104260952E0,3.000000000E0
3.639289627E2,2.618600010E1,9.168990083E1,5.456474219E1,3.135048151E0,7.182125766E0,2.731256126E0,3.000000000E0
3.649289819E2,2.618603275E1,9.168990436E1,5.441836474E1,3.135048151E0,1.353022140E1,2.609090402E0,3.000000000E0
3.659290029E2,2.618605952E1,9.168991209E1,5.462484507E1,3.135048151E0,2.933745541E1,2.608092629E0,3.000000000E0
3.669243071E2,2.618608407E1,9.168992738E1,5.462484490E1,3.135048151E0,2.933746216E1,4.748651530E0,4.369769692E0
3.678972717E2,2.618610604E1,9.168995592E1,5.452712658E1,3.482866049E0,4.649297193E1,4.748651530E0,4.290631639E0
3.688972914E2,2.618612274E1,9.168998923E1,5.471753476E1,3.482866049E0,5.486049155E1,4.748651530E0,4.239986144E0
3.698973251E2,2.618613856E1,9.169001825E1,5.476673508E1,3.479104042E0,5.616130809E1,4.748651530E0,4.133969199E0
3.708973532E2,2.618615769E1,9.169005106E1,5.472248877E1,3.603890419E0,5.301172340E1,4.748651530E0,4.159230120E0
3.718974595E2,2.618617084E1,9.169008653E1,5.474180416E1,3.479104042E0,6.131087871E1,4.748651530E0,5.055866114E0
3.728975171E2,2.618617807E1,9.169012006E1,5.495372304E1,3.488571882E0,7.076023476E1,4.748651530E0,4.416379850E0
3.738975698E2,2.618618074E1,9.169015701E1,5.496461488E1,3.469245911E0,7.958367855E1,4.748651530E0,5.355554896E0
3.748976883E2,2.618618466E1,9.169019029E1,5.500724229E1,3.469245911E0,8.280941994E1,4.748651530E0,4.864900312E0
3.758978130E2,2.618618427E1,9.169022529E1,5.518099876E1,3.393952131E0,8.849398126E1,4.748651530E0,6.810633225E0
3.768979329E2,2.618617941E1,9.169025687E1,5.534657306E1,3.276712418E0,9.342353998E1,4.748651530E0,7.423882149E0
3.778980477E2,2.618617688E1,9.169028629E1,5.579763430E1,3.218120813E0,9.326637707E1,4.748651530E0,4.680905860E0
3.788981562E2,2.618617833E1,9.169031922E1,5.573557439E1,3.218120813E0,9.004217264E1,4.748651530E0,5.550908700E0
3.798982589E2,2.618618217E1,9.169035166E1,5.595186630E1,3.218120813E0,8.673161408E1,4.748651530E0,6.337213618E0
3.808983586E2,2.618618261E1,9.169038603E1,5.594531970E1,3.107571125E0,9.051656294E1,4.748651530E0,7.082595135E0
3.818984539E2,2.618618333E1,9.169041535E1,5.596566858E1,3.250956774E0,8.981766447E1,4.748651530E0,4.908650220E0
3.828985437E2,2.618618538E1,9.169045380E1,5.600989933E1,3.250956774E0,8.834853175E1,4.748651530E0,5.966915556E0
3.838986304E2,2.618618534E1,9.169049005E1,5.596453888E1,3.234933376E0,9.126235185E1,4.748651530E0,4.723137063E0
3.848987146E2,2.618618340E1,9.169052193E1,5.616866170E1,3.234933376E0,9.168940260E1,4.748651530E0,4.457768025E0
3.858987946E2,2.618617378E1,9.169055746E1,5.672973345E1,3.457512856E0,1.016421773E2,4.748651530E0,4.341283045E0
3.868988716E2,2.618617159E1,9.169061262E1,5.792118284E1,3.583108980E0,9.034591835E1,2.369886082E0,3.000000000E0
3.878989448E2,2.618616386E1,9.169064674E1,5.807668757E1,3.436862173E0,9.479428870E1,2.184943023E0,3.000000000E0
3.888990162E2,2.618616305E1,9.169068236E1,5.834189996E1,3.314395826E0,9.215428457E1,2.421450313E0,3.000000000E0
3.898990855E2,2.618616214E1,9.169070886E1,5.856835645E1,2.844803500E0,8.684011904E1,2.316087733E0,3.000000000E0
3.908991513E2,2.618617533E1,9.169072226E1,5.839848121E1,2.820789553E0,9.229677649E1,2.252870153E0,3.000000000E0
3.918992157E2,2.618617205E1,9.169075726E1,5.822173246E1,3.108819078E0,9.289139270E1,2.257627708E0,3.000000000E0
3.928992775E2,2.618617191E1,9.169079016E1,5.758392373E1,3.202019328E0,9.216921208E1,2.255191183E0,3.000000000E0
3.938993376E2,2.618617048E1,9.169082508E1,5.743665698E1,3.368348767E0,9.326139557E1,2.223292290E0,3.000000000E0
3.948993955E2,2.618617275E1,9.169086032E1,5.685639746E1,3.407403728E0,8.985856320E1,2.198482006E0,3.000000000E0
3.958994513E2,2.618617127E1,9.169089579E1,5.715860858E1,3.459484497E0,9.169619357E1,2.178633785E0,3.000000000E0
3.968995048E2,2.618617289E1,9.169093478E1,5.734043014E1,3.615015227E0,8.977146831E1,2.182294206E0,3.000000000E0
3.978995544E2,2.618617464E1,9.169096967E1,5.749600794E1,3.489301482E0,8.914132775E1,2.167331202E0,3.000000000E0
3.988996015E2,2.618617099E1,9.169100721E1,5.737270452E1,3.552916101E0,9.303976789E1,2.161625644E0,3.000000000E0
3.998996486E2,2.618617135E1,9.169104405E1,5.634908596E1,3.536696459E0,9.183034017E1,2.150080949E0,3.000000000E0
4.008996948E2,2.618617128E1,9.169108212E1,5.591464044E1,3.533685859E0,9.189382910E1,2.140075549E0,3.000000000E0
4.018997400E2,2.618617266E1,9.169112173E1,5.558915593E1,3.682834513E0,9.187962201E1,2.131320828E0,3.000000000E0
4.028997836E2,2.618616941E1,9.169115811E1,5.533162359E1,3.686746397E0,9.516307579E1,2.123596070E0,3.000000000E0
4.038998260E2,2.618616720E1,9.169119166E1,5.507413148E1,3.497088843E0,9.531394591E1,2.116729625E0,3.000000000E0
4.048998690E2,2.618616736E1,9.169122514E1,5.493612630E1,3.293822977E0,9.161007930E1,2.132539989E0,3.000000000E0
4.058999096E2,2.618616583E1,9.169124727E1,5.454024394E1,2.435054465E0,9.312687361E1,2.125913007E0,3.000000000E0
4.068999514E2,2.618616362E1,9.169126983E1,5.401558552E1,2.046362008E0,9.461394154E1,2.121415146E0,3.000000000E0
4.078999909E2,2.618616594E1,9.169131520E1,5.371313990E1,3.067096199E0,8.830338626E1,2.142333432E0,3.000000000E0
4.089000306E2,2.618618440E1,9.169135534E1,5.394565855E1,3.522688108E0,7.414112202E1,2.135216739E0,3.000000000E0
4.099000695E2,2.618621003E1,9.169138383E1,5.382971819E1,3.515863297E0,5.597027049E1,2.128455903E0,3.000000000E0
4.109001081E2,2.618624822E1,9.169140873E1,5.375190849E1,4.055079231E0,4.247213732E1,2.125257416E0,3.000000000E0
4.119001456E2,2.618627493E1,9.169143373E1,5.339263114E1,3.930465629E0,4.124235812E1,2.118994545E0,3.000000000E0
4.129001831E2,2.618629912E1,9.169146667E1,5.342960704E1,4.013251580E0,4.701234878E1,2.113044814E0,3.000000000E0
4.139002198E2,2.618631678E1,9.169150864E1,5.367606523E1,4.228720920E0,5.832797987E1,2.107392569E0,3.000000000E0
4.149002569E2,2.618631912E1,9.169155212E1,5.369175734E1,4.148205443E0,7.612128556E1,2.102022939E0,3.000000000E0
4.159002924E2,2.618631200E1,9.169159813E1,5.346740601E1,4.283579194E0,9.144143416E1,2.096921791E0,3.000000000E0
4.169003277E2,2.618629606E1,9.169163830E1,5.372733933E1,4.216005983E0,1.044299005E2,2.092962832E0,3.000000000E0
4.179003630E2,2.618626923E1,9.169167520E1,5.324175136E1,4.344979446E0,1.217533725E2,2.088314686E0,3.000000000E0
4.189003983E2,2.618623853E1,9.169170074E1,5.349274500E1,4.157841549E0,1.361222886E2,2.083898951E0,3.000000000E0
4.199004324E2,2.618621262E1,9.169172479E1,5.338973941E1,3.787334382E0,1.387662570E2,2.079704003E0,3.000000000E0
4.209004675E2,2.618618701E1,9.169175428E1,5.301879952E1,3.846220476E0,1.333887018E2,2.075718815E0,3.000000000E0
4.219005008E2,2.618617234E1,9.169178135E1,5.345432547E1,3.364830796E0,1.254667691E2,2.071932869E0,3.000000000E0
4.229005349E2,2.618616383E1,9.169180974E1,5.367270183E1,3.092614471E0,1.142864535E2,2.068336226E0,3.000000000E0
4.239005686E2,2.618616670E1,9.169184063E1,5.313452837E1,3.033616364E0,9.902471000E1,2.067530831E0,3.000000000E0
4.249006025E2,2.618616220E1,9.169187261E1,5.299213078E1,3.134699608E0,9.799151999E1,2.097983317E0,3.000000000E0
4.259006355E2,2.618616214E1,9.169190381E1,5.410713486E1,3.086772665E0,9.412103465E1,2.124284120E0,3.000000000E0
4.269006688E2,2.618616276E1,9.169192949E1,5.361403412E1,2.801474687E0,9.015869865E1,2.165500202E0,3.000000000E0
4.279007013E2,2.618617069E1,9.169196524E1,5.364661351E1,3.157581952E0,8.311597025E1,2.182694855E0,3.000000000E0
4.289007339E2,2.618617856E1,9.169200201E1,5.359643054E1,3.434707891E0,8.049122260E1,2.188465279E0,3.000000000E0
4.299007662E2,2.618618119E1,9.169204037E1,5.373752507E1,3.637737239E0,8.350782059E1,2.228917578E0,3.000000000E0
4.309007986E2,2.618617906E1,9.169207631E1,5.393732235E1,3.575000939E0,8.861906819E1,2.217471702E0,3.000000000E0
4.319008321E2,2.618617886E1,9.169211224E1,5.411984893E1,3.534348994E0,8.917880021E1,2.292694804E0,3.000000000E0
4.329008628E2,2.618617689E1,9.169214748E1,5.361134195E1,3.446955957E0,9.069000493E1,2.300397008E0,3.000000000E0
4.339008953E2,2.618617464E1,9.169218312E1,5.358714635E1,3.459051160E0,9.252964377E1,2.285377150E0,3.000000000E0
4.349009271E2,2.618616668E1,9.169221454E1,5.337127734E1,3.266938307E0,9.965134029E1,2.271108287E0,3.000000000E0
4.359009582E2,2.618615870E1,9.169223708E1,5.356715534E1,2.746590301E0,1.043198645E2,2.257552877E0,3.000000000E0
4.369009904E2,2.618615653E1,9.169225867E1,5.389753484E1,2.381445718E0,1.008891498E2,2.274424412E0,3.000000000E0
4.379010219E2,2.618615539E1,9.169228761E1,5.337516594E1,2.649132064E0,9.613726086E1,2.281515686E0,3.000000000E0
4.389010532E2,2.618615453E1,9.169232447E1,5.353255807E1,3.169456588E0,9.223357847E1,2.305903153E0,3.000000000E0
4.399010847E2,2.618616042E1,9.169236046E1,5.355363003E1,3.400244029E0,8.584520954E1,2.299234799E0,3.000000000E0
4.409011156E2,2.618616558E1,9.169239736E1,5.367004179E1,3.582698557E0,8.302018577E1,2.308235278E0,3.000000000E0
4.419011476E2,2.618616592E1,9.169243301E1,5.351736041E1,3.563087529E0,8.685845884E1,2.302876276E0,3.000000000E0
4.429011786E2,2.618616657E1,9.169246669E1,5.355141660E1,3.478031534E0,8.834495251E1,2.289838582E0,3.000000000E0
4.439012103E2,2.618616536E1,9.169250212E1,5.320804530E1,3.507576874E0,9.025530666E1,2.280673876E0,3.000000000E0
4.449012400E2,2.618616633E1,9.169253717E1,5.340710126E1,3.497679409E0,8.956137836E1,2.266640188E0,3.000000000E0
4.459012714E2,2.618616819E1,9.169256946E1,5.294956759E1,3.370488624E0,8.722600364E1,2.253308182E0,3.000000000E0
4.469013020E2,2.618616833E1,9.169260456E1,5.355770581E1,3.470417729E0,8.856749686E1,2.268679350E0,3.000000000E0
4.479013330E2,2.618617068E1,9.169263791E1,5.385291747E1,3.463414589E0,8.617789109E1,2.255245385E0,3.000000000E0
4.489013634E2,2.618617390E1,9.169266927E1,5.402933044E1,3.289498723E0,8.417397221E1,2.259999665E0,3.000000000E0
4.499013953E2,2.618617080E1,9.169269639E1,5.419436346E1,2.953267137E0,8.990314001E1,2.277046476E0,3.000000000E0
4.509014253E2,2.618616185E1,9.169272823E1,5.467752055E1,3.081361879E0,9.861017705E1,2.278918365E0,3.000000000E0
4.519014559E2,2.618615859E1,9.169275546E1,5.476321001E1,2.928356545E0,9.702266986E1,2.264972448E0,3.000000000E0
4.529014867E2,2.618615723E1,9.169279009E1,5.479400327E1,3.230032887E0,9.420217460E1,2.251723831E0,3.000000000E0
4.539015175E2,2.618616337E1,9.169281415E1,5.525382339E1,2.841619928E0,8.623202742E1,2.239137645E0,3.000000000E0
4.549015477E2,2.618616731E1,9.169284587E1,5.570794528E1,3.055753028E0,8.401207953E1,2.272960270E0,3.000000000E0
4.559015776E2,2.618617847E1,9.169287489E1,5.591401018E1,3.046599041E0,7.511647342E1,2.260122351E0,3.000000000E0
4.569016094E2,2.618619785E1,9.169289522E1,5.653338470E1,2.795146773E0,6.016287191E1,2.275706233E0,3.000000000E0
4.579016401E2,2.618623400E1,9.169290088E1,5.518537771E1,2.949233772E0,3.097560854E1,2.333676762E0,3.000000000E0
4.589016693E2,2.618626522E1,9.169290694E1,5.586488398E1,3.172262726E0,1.972245561E1,2.316992926E0,3.000000000E0
4.599017009E2,2.618629577E1,9.169291453E1,5.602751273E1,3.275342299E0,1.628404742E1,2.301143292E0,3.000000000E0
4.609017310E2,2.618631881E1,9.169292133E1,5.554266320E1,2.931257373E0,1.670268867E1,2.286086120E0,3.000000000E0
4.619017611E2,2.618634900E1,9.169293366E1,5.595321466E1,3.246694860E0,1.873132464E1,2.290418498E0,3.000000000E0
4.629017917E2,2.618637626E1,9.169294412E1,5.702601715E1,3.312237119E0,1.878065587E1,2.275897596E0,3.000000000E0
4.639018214E2,2.618640046E1,9.169295766E1,5.739709666E1,3.110832578E0,2.264038308E1,2.317355937E0,3.000000000E0
4.649018517E2,2.618642564E1,9.169296773E1,5.774163642E1,2.956889396E0,2.105537848E1,2.331003767E0,3.000000000E0
4.659018818E2,2.618645400E1,9.169297808E1,5.810633275E1,3.026092552E0,1.944485958E1,2.338150598E0,3.000000000E0
4.669019127E2,2.618648935E1,9.169298804E1,5.852886475E1,3.538663999E0,1.699848351E1,2.329353210E0,3.000000000E0
4.679019428E2,2.618651273E1,9.169299857E1,5.861494474E1,3.109428220E0,2.041921336E1,2.329511691E0,3.000000000E0
4.689019733E2,2.618654546E1,9.169300997E1,5.918292344E1,3.382195740E0,1.906768321E1,2.313036124E0,3.000000000E0
4.699020043E2,2.618657340E1,9.169301325E1,5.914321435E1,3.073861126E0,1.185155390E1,2.318698954E0,3.000000000E0
4.709020331E2,2.618660054E1,9.169301708E1,5.884946328E1,2.935114312E0,8.190672607E0,2.308387459E0,3.000000000E0
4.719020643E2,2.618663300E1,9.169302241E1,5.945835327E1,3.221703527E0,9.357247095E0,2.352771373E0,3.000000000E0
4.729020940E2,2.618666440E1,9.169302504E1,5.946901332E1,3.326709231E0,6.846730454E0,2.430782221E0,3.000000000E0
4.739021249E2,2.618669608E1,9.169302469E1,5.936883334E1,3.372666897E0,2.673724789E0,2.461654869E0,3.000000000E0
4.749021541E2,2.618672731E1,9.169302581E1,5.950666608E1,3.329299237E0,1.960907085E0,2.478408424E0,3.000000000E0
4.759021847E2,2.618676004E1,9.169302614E1,5.942557731E1,3.333538743E0,3.043740321E-1,2.479925546E0,3.000000000E0
4.769022150E2,2.618679311E1,9.169302357E1,5.937005707E1,3.510187987E0,3.567510791E2,2.468838553E0,3.000000000E0
4.779022455E2,2.618682330E1,9.169301320E1,5.939865903E1,3.456103260E0,3.483240522E2,2.504315830E0,3.000000000E0
4.789022757E2,2.618685262E1,9.169300778E1,5.974837678E1,3.318451228E0,3.490183554E2,2.479100047E0,3.000000000E0
4.799023054E2,2.618688713E1,9.169300611E1,5.859434075E1,3.515196527E0,3.538113369E2,2.455145052E0,3.000000000E0
4.809023352E2,2.618691756E1,9.169299581E1,5.910233851E1,3.474896297E0,3.489167918E2,2.513980614E0,3.004009188E0
4.819023662E2,2.618695084E1,9.169298963E1,5.875456412E1,3.556830264E0,3.496777741E2,2.514955483E0,3.000000000E0
4.829023962E2,2.618698241E1,9.169298276E1,5.881704738E1,3.490097768E0,3.490065605E2,2.489983247E0,3.000000000E0
4.839024266E2,2.618701504E1,9.169297725E1,5.871133792E1,3.511175752E0,3.505313213E2,2.465484064E0,3.000000000E0
4.849024568E2,2.618704996E1,9.169296956E1,5.900983200E1,3.696297548E0,3.504683135E2,2.442209883E0,3.000000000E0
4.859024860E2,2.618708200E1,9.169296286E1,5.872735758E1,3.562159592E0,3.498352800E2,2.420099390E0,3.000000000E0
4.868981184E2,2.618711616E1,9.169295973E1,5.853565096E1,3.625954524E0,3.540473413E2,2.399094423E0,3.000000000E0
4.878980942E2,2.618715093E1,9.169295789E1,5.923273764E1,3.737696895E0,3.561168830E2,2.390298509E0,3.000000000E0
4.888981247E2,2.618718228E1,9.169295437E1,5.911271117E1,3.557730956E0,3.549946524E2,2.370783600E0,3.000000000E0
4.898982260E2,2.618721616E1,9.169295265E1,5.885591961E1,3.605277122E0,3.563539220E2,2.352244410E0,3.000000000E0
4.908983176E2,2.618724642E1,9.169295125E1,5.864535505E1,3.402345901E0,3.575948773E2,2.334632186E0,3.000000000E0
4.918984734E2,2.618728132E1,9.169294334E1,5.878496612E1,3.659736726E0,3.512353188E2,2.325513712E0,3.000000000E0
4.928985724E2,2.618731491E1,9.169293752E1,5.881736047E1,3.749787573E0,3.512482819E2,2.315380738E0,3.000000000E0
4.938986719E2,2.618734819E1,9.169293374E1,5.881264242E1,3.657586508E0,3.522956606E2,2.299611679E0,3.000000000E0
4.948988130E2,2.618738213E1,9.169293714E1,5.901379171E1,3.574077515E0,3.590688714E2,2.284631116E0,3.000000000E0
4.958988956E2,2.618741400E1,9.169293782E1,5.865836408E1,3.409349163E0,3.583411285E2,2.270399561E0,3.000000000E0
4.968989780E2,2.618744444E1,9.169293437E1,5.824899236E1,3.212944063E0,3.546273345E2,2.256879568E0,3.000000000E0
4.978991158E2,2.618748300E1,9.169292779E1,5.834464397E1,3.652278062E0,3.522225453E2,2.306296611E0,3.000000000E0
4.988991803E2,2.618751704E1,9.169292821E1,5.848643196E1,3.565346920E0,3.564491746E2,2.314986409E0,3.000000000E0
4.998992396E2,2.618755158E1,9.169292580E1,5.817125801E1,3.589908305E0,3.566305194E2,2.299237088E0,3.000000000E0
5.008993523E2,2.618757329E1,9.169292011E1,5.766536828E1,2.804669042E0,3.509065796E2,2.284275217E0,3.000000000E0
5.018994577E2,2.618761304E1,9.169291185E1,5.821040488E1,3.661592442E0,3.509126631E2,2.277002733E0,3.000000000E0
5.028995583E2,2.618764615E1,9.169290929E1,5.827626140E1,3.615658646E0,3.554261456E2,2.265429063E0,3.000000000E0
5.038996551E2,2.618767950E1,9.169290679E1,5.806725565E1,3.625513627E0,3.567208836E2,2.252157621E0,3.000000000E0
5.048997470E2,2.618770411E1,9.169290226E1,5.840086747E1,3.088099119E0,3.539228682E2,2.250848751E0,3.000000000E0
5.058998350E2,2.618773608E1,9.169290147E1,5.806923243E1,3.235448190E0,3.565950528E2,2.277583085E0,3.000000000E0
5.068999193E2,2.618776078E1,9.169289259E1,5.840428878E1,3.013853327E0,3.489298399E2,2.263703936E0,3.000000000E0
5.079000007E2,2.618779330E1,9.169288948E1,5.818182722E1,3.277902862E0,3.543505188E2,2.250518725E0,3.000000000E0
5.089000789E2,2.618782215E1,9.169288297E1,5.853989263E1,3.228358664E0,3.503071185E2,2.237992780E0,3.000000000E0
5.099001533E2,2.618786330E1,9.169287751E1,5.771436397E1,3.960836060E0,3.518421839E2,2.226093144E0,3.000000000E0
5.109002254E2,2.618788713E1,9.169287056E1,5.740602798E1,3.265991393E0,3.505922183E2,2.214788463E0,3.000000000E0
5.119002955E2,2.618792302E1,9.169286354E1,5.730155941E1,3.569304074E0,3.509470331E2,2.204049032E0,3.000000000E0
5.129003623E2,2.618795631E1,9.169285486E1,5.690497815E1,3.576250601E0,3.486362888E2,2.193846576E0,3.000000000E0
5.139004267E2,2.618799138E1,9.169285062E1,5.671957767E1,3.671942583E0,3.515642944E2,2.195378393E0,3.000000000E0
5.149004895E2,2.618802460E1,9.169284343E1,5.685396539E1,3.691241927E0,3.503396907E2,2.185609470E0,3.000000000E0
5.159005506E2,2.618805730E1,9.169283420E1,5.690159348E1,3.702303437E0,3.480039551E2,2.176328998E0,3.000000000E0
5.169006093E2,2.618808800E1,9.169282198E1,5.763358488E1,3.675524150E0,3.446636613E2,2.168723681E0,3.000000000E0
5.179006658E2,2.618811890E1,9.169280749E1,5.796801380E1,3.729501913E0,3.405685653E2,2.160287504E0,3.000000000E0
5.189007210E2,2.618815139E1,9.169279427E1,5.753524291E1,3.786450722E0,3.395976759E2,2.185293233E0,3.000000000E0
5.199007741E2,2.618818340E1,9.169278264E1,5.766097986E1,3.762114915E0,3.407663336E2,2.194175732E0,3.000000000E0
5.209008268E2,2.618821699E1,9.169277193E1,5.754169057E1,3.787806531E0,3.419398387E2,2.184466948E0,3.000000000E0
5.219008779E2,2.618824910E1,9.169276403E1,5.757144452E1,3.715953388E0,3.441459903E2,2.175243596E0,3.000000000E0
5.229009267E2,2.618828032E1,9.169275555E1,5.730471782E1,3.574048063E0,3.461688331E2,2.181442839E0,3.000000000E0
5.239009753E2,2.618831245E1,9.169274946E1,5.745337080E1,3.489475719E0,3.490594471E2,2.172370695E0,3.000000000E0
5.249010223E2,2.618834888E1,9.169274772E1,5.690257067E1,3.855933327E0,3.543060034E2,2.163752156E0,3.000000000E0
5.259010682E2,2.618838100E1,9.169274873E1,5.649094915E1,3.710914276E0,3.582569558E2,2.180526380E0,3.000000000E0
5.269011129E2,2.618841350E1,9.169275157E1,5.644156355E1,3.602899781E0,1.786902910E0,2.171500058E0,3.000000000E0
5.279011580E2,2.618844620E1,9.169275839E1,5.619888822E1,3.638444704E0,7.152729633E0,2.164145238E0,3.000000000E0
5.289012004E2,2.618847768E1,9.169276641E1,5.612977253E1,3.572206730E0,1.078319362E1,2.155937973E0,3.000000000E0
5.299012437E2,2.618850833E1,9.169277748E1,5.611273817E1,3.537651259E0,1.436535317E1,2.148141071E0,3.000000000E0
5.309012847E2,2.618853930E1,9.169279071E1,5.606179310E1,3.599613500E0,1.790708040E1,2.140734014E0,3.000000000E0
5.319013256E2,2.618856848E1,9.169280814E1,5.561479220E1,3.679932363E0,2.355448190E1,2.147126937E0,3.000000000E0
5.329013657E2,2.618859747E1,9.169282422E1,5.524015607E1,3.645793417E0,2.590890620E1,2.139770585E0,3.000000000E0
5.339014061E2,2.618862900E1,9.169284377E1,5.512135059E1,3.775151249E0,2.826157317E1,2.136813268E0,3.000000000E0
5.349014441E2,2.618865655E1,9.169287041E1,5.490859663E1,3.882085888E0,3.572135937E1,2.134782399E0,3.000000000E0
5.359014834E2,2.618868144E1,9.169289783E1,5.472081680E1,3.889232014E0,4.199339168E1,2.128043275E0,3.000000000E0
5.369015210E2,2.618870670E1,9.169292630E1,5.453575467E1,3.962701139E0,4.410851912E1,2.121641107E0,3.000000000E0
5.379015587E2,2.618873367E1,9.169294932E1,5.432691729E1,3.897111683E0,4.042905029E1,2.115559044E0,3.000000000E0
5.389015953E2,2.618876168E1,9.169297432E1,5.440247522E1,3.966246212E0,4.008071651E1,2.119301601E0,3.000000000E0
5.399016325E2,2.618878323E1,9.169300037E1,5.436627468E1,3.635423680E0,4.393108980E1,2.113336522E0,3.000000000E0
5.409016681E2,2.618880642E1,9.169302815E1,5.442391341E1,3.576007909E0,4.563964981E1,2.136864165E0,3.000000000E0
5.419017039E2,2.618883168E1,9.169305441E1,5.454867065E1,3.646874300E0,4.499412220E1,2.130020956E0,3.000000000E0
5.429017390E2,2.618885627E1,9.169308533E1,5.474701951E1,3.861842965E0,4.747792480E1,2.123519892E0,3.000000000E0
5.439017742E2,2.618886861E1,9.169312422E1,5.527230741E1,3.909034579E0,6.075075799E1,2.137407775E0,3.000000000E0
5.449018091E2,2.618887584E1,9.169316193E1,5.516393455E1,3.796264685E0,7.093023572E1,2.130537389E0,3.000000000E0
5.459018433E2,2.618888456E1,9.169320002E1,5.481258722E1,3.787599567E0,7.320640192E1,2.124010525E0,3.000000000E0
5.469018780E2,2.618889480E1,9.169324056E1,5.474984590E1,3.991704806E0,7.463807109E1,2.117809994E0,3.000000000E0
5.479019114E2,2.618889828E1,9.169327837E1,5.442619755E1,3.791951258E0,8.019124631E1,2.137972941E0,3.000000000E0
5.489019455E2,2.618890163E1,9.169331807E1,5.437466509E1,3.887681851E0,8.263904107E1,2.137495405E0,3.000000000E0
5.499019786E2,2.618890420E1,9.169335550E1,5.447428710E1,3.815384926E0,8.395874622E1,2.166815581E0,3.000000000E0
5.509020125E2,2.618890634E1,9.169339071E1,5.440480786E1,3.594655534E0,8.489837123E1,2.158474797E0,3.000000000E0
5.519020450E2,2.618890966E1,9.169342326E1,5.463717692E1,3.338751126E0,8.425514361E1,2.156096580E0,3.000000000E0
5.529020788E2,2.618891846E1,9.169345617E1,5.469598231E1,3.370234044E0,7.894305416E1,2.173864878E0,3.000000000E0
5.539021110E2,2.618893084E1,9.169349657E1,5.468447304E1,3.855353220E0,7.466025131E1,2.214783961E0,3.000000000E0
5.549021439E2,2.618894309E1,9.169353043E1,5.492977833E1,3.834175470E0,7.095742594E1,2.246625548E0,3.000000000E0
5.559021758E2,2.618895578E1,9.169356485E1,5.495343194E1,3.767434671E0,6.867112940E1,2.250358658E0,3.000000000E0
5.569022076E2,2.618896895E1,9.169359760E1,5.488457234E1,3.684484610E0,6.719315243E1,2.238738104E0,3.000000000E0
5.579022407E2,2.618897934E1,9.169362754E1,5.466324104E1,3.345246811E0,6.797424374E1,2.238930664E0,3.000000000E0
5.589022719E2,2.618899406E1,9.169365731E1,5.427194387E1,3.215624381E0,6.562219942E1,2.290194487E0,3.000000000E0
5.599023035E2,2.618901018E1,9.169369138E1,5.432069153E1,3.345443972E0,6.368958018E1,2.275684755E0,3.000000000E0
5.609023360E2,2.618902813E1,9.169373048E1,5.433430239E1,3.678010016E0,6.291257192E1,2.299858051E0,3.000000000E0
5.619023677E2,2.618904546E1,9.169376833E1,5.399375208E1,3.966406172E0,6.294780666E1,2.284865138E0,3.000000000E0
5.629023987E2,2.618906415E1,9.169380516E1,5.378965917E1,4.129063920E0,6.263310465E1,2.287714378E0,3.000000000E0
5.639024300E2,2.618908091E1,9.169384189E1,5.371757527E1,4.131628549E0,6.299425996E1,2.276948564E0,3.000000000E0
5.649024620E2,2.618909553E1,9.169387772E1,5.355387493E1,3.988061589E0,6.481353450E1,2.263101139E0,3.000000000E0
5.659024927E2,2.618910792E1,9.169390879E1,5.327315992E1,3.537571176E0,6.537391627E1,2.249946087E0,3.000000000E0
5.669025249E2,2.618911937E1,9.169394054E1,5.324500313E1,3.294002059E0,6.688149316E1,2.237448788E0,3.000000000E0
5.679025551E2,2.618913354E1,9.169396795E1,5.317718172E1,3.086041495E0,6.305063409E1,2.229504044E0,3.000000000E0
5.689025865E2,2.618915041E1,9.169398366E1,5.320887978E1,2.519690843E0,5.221554261E1,2.218028847E0,3.000000000E0
5.699026168E2,2.618917004E1,9.169398685E1,5.286548160E1,2.171293328E0,3.175288036E1,2.207127408E0,3.000000000E0
5.709026484E2,2.618920263E1,9.169398282E1,5.309476006E1,2.815333939E0,1.127136877E1,2.196771034E0,3.000000000E0
5.719026792E2,2.618923117E1,9.169397126E1,5.309406112E1,3.014088292E0,3.547911208E2,2.186932485E0,3.000000000E0
5.729027106E2,2.618925853E1,9.169395724E1,5.306433588E1,3.120469053E0,3.450231510E2,2.177585863E0,3.000000000E0
5.739027409E2,2.618928554E1,9.169394298E1,5.325980593E1,3.187781431E0,3.390015743E2,2.168706573E0,3.000000000E0
5.749027721E2,2.618931230E1,9.169393135E1,5.318403038E1,3.187279803E0,3.378891204E2,2.160271244E0,3.000000000E0
5.759028024E2,2.618933765E1,9.169391640E1,5.322101663E1,3.216762969E0,3.337974601E2,2.152257686E0,3.000000000E0
5.769028328E2,2.618936234E1,9.169390133E1,5.338120759E1,3.193514429E0,3.318505337E2,2.145486399E0,3.000000000E0
5.779028632E2,2.618938779E1,9.169388437E1,5.351409614E1,3.270175492E0,3.302571664E2,2.138212081E0,3.000000000E0
5.789028940E2,2.618941292E1,9.169386932E1,5.329400736E1,3.204044883E0,3.299425097E2,2.131301479E0,3.000000000E0
5.799029246E2,2.618944121E1,9.169384734E1,5.323082091E1,3.472293069E0,3.264219595E2,2.124736405E0,3.000000000E0
5.809029552E2,2.618946685E1,9.169382436E1,5.318702382E1,3.528346670E0,3.229052673E2,2.130844819E0,3.000000000E0
5.819029854E2,2.618948633E1,9.169380121E1,5.296824197E1,3.346223911E0,3.180777826E2,2.144159348E0,3.000000000E0
5.829030169E2,2.618950939E1,9.169377945E1,5.284036177E1,3.346720378E0,3.179480843E2,2.136951381E0,3.000000000E0
5.839030470E2,2.618952950E1,9.169375443E1,5.281064341E1,3.254403325E0,3.133351396E2,2.130103815E0,3.000000000E0
5.849030771E2,2.618954316E1,9.169372562E1,5.269141370E1,3.185819870E0,3.046361642E2,2.123598623E0,3.000000000E0
5.859031078E2,2.618955761E1,9.169369702E1,5.269072756E1,3.191740212E0,3.012382528E2,2.117418692E0,3.000000000E0
5.869031379E2,2.618957251E1,9.169367776E1,5.261548259E1,2.720771674E0,3.044566080E2,2.111893396E0,3.000000000E0
5.879031681E2,2.618958736E1,9.169365967E1,5.242199607E1,2.511168462E0,3.078447949E2,2.106298725E0,3.000000000E0
5.889031989E2,2.618960617E1,9.169363872E1,5.273132859E1,2.765581570E0,3.104932948E2,2.100983788E0,3.000000000E0
5.899032291E2,2.618962490E1,9.169361640E1,5.272849527E1,2.954475279E0,3.114801448E2,2.095934598E0,3.000000000E0
5.909032592E2,2.618964443E1,9.169359498E1,5.285171960E1,3.041248507E0,3.125041842E2,2.091137867E0,3.000000000E0
5.919032904E2,2.618966379E1,9.169357322E1,5.291192337E1,3.077472658E0,3.132987842E2,2.086580974E0,3.000000000E0
5.929033205E2,2.618968272E1,9.169355160E1,5.282209266E1,3.053323748E0,3.132204746E2,2.082251926E0,3.000000000E0
5.939033503E2,2.618970185E1,9.169352891E1,5.290606563E1,3.034043137E0,3.126797077E2,2.078139329E0,3.000000000E0
5.949033804E2,2.618972014E1,9.169350829E1,5.285063996E1,2.915638077E0,3.127328771E2,2.074232363E0,3.000000000E0
5.959034107E2,2.618973649E1,9.169348550E1,5.285157250E1,2.834356764E0,3.101728273E2,2.070520745E0,3.000000000E0
5.969034411E2,2.618974995E1,9.169346292E1,5.311399970E1,2.588877022E0,3.070874154E2,2.066994709E0,3.000000000E0
5.979034709E2,2.618976072E1,9.169343868E1,5.295028698E1,2.590522340E0,3.017521145E2,2.063644975E0,3.000000000E0
5.989035020E2,2.618977078E1,9.169340852E1,5.272664292E1,2.930402303E0,2.961396725E2,2.060462728E0,3.000000000E0
5.999035317E2,2.618978031E1,9.169338073E1,5.271417850E1,2.915794240E0,2.938017562E2,2.057439592E0,3.000000000E0
6.009035623E2,2.618979119E1,9.169335421E1,5.260365984E1,2.875206894E0,2.936675761E2,2.054567612E0,3.000000000E0
6.019035920E2,2.618979910E1,9.169332776E1,5.257839471E1,2.760997667E0,2.914121838E2,2.051839231E0,3.000000000E0
6.029036231E2,2.618980661E1,9.169330095E1,5.259144814E1,2.685190424E0,2.900247753E2,2.049247269E0,3.000000000E0
6.039036527E2,2.618981418E1,9.169327348E1,5.245398463E1,2.730985090E0,2.891991972E2,2.046784907E0,3.000000000E0
6.041847553E2,2.618981304E1,9.169308191E1,5.012758333E1,2.615573897E0,2.670441307E2,3.695014000E0,3.000000000E1
6.065036987E2,2.618995311E1,9.169286216E1,5.232101008E1,2.270581722E0,NaN,3.205138276E1,6.086680222E1
6.075037304E2,2.618981614E1,9.169286534E1,5.309220051E1,2.512804031E0,2.706756157E2,7.917603979E0,3.000000000E0
6.085037597E2,2.618981925E1,9.169282793E1,5.334885714E1,2.512804031E0,2.703453350E2,6.010815441E0,3.000000000E0
6.095037905E2,2.618981443E1,9.169278386E1,5.315843058E1,2.819753885E0,2.705578086E2,5.358644941E0,3.000000000E0
6.105038071E2,2.618981404E1,9.169275716E1,5.304980385E1,2.945307970E0,2.743946810E2,4.285868666E0,3.000000000E0
6.115038373E2,2.618981312E1,9.169273075E1,5.322598898E1,2.957115650E0,2.746910019E2,4.019630934E0,3.000000000E0
6.125038673E2,2.618981698E1,9.169270921E1,5.312455424E1,2.957115650E0,2.935350567E2,3.831646712E0,3.000000000E0
6.135038972E2,2.618983455E1,9.169268719E1,5.335679081E1,3.040484428E0,3.115772200E2,3.576074858E0,3.000000000E0
6.145039270E2,2.618985622E1,9.169266656E1,5.337648319E1,3.099317789E0,3.386255614E2,3.275676406E0,3.000000000E0
6.156352523E2,2.618989076E1,9.169267196E1,5.343264676E1,3.173626184E0,2.115533787E1,3.123054919E0,3.000000000E0
6.166352258E2,2.618991817E1,9.169269248E1,5.336998818E1,3.159975529E0,4.389158108E1,2.848898454E0,3.000000000E0
6.176352413E2,2.618993576E1,9.169271722E1,5.348828283E1,3.164373875E0,5.029187814E1,2.635009432E0,3.000000000E0
6.186353242E2,2.618995400E1,9.169274158E1,5.348828268E1,3.164373875E0,5.029188889E1,4.748651530E0,4.325132194E0
6.196353463E2,2.618996874E1,9.169276794E1,5.347623517E1,2.962972403E0,5.352100744E1,4.748651530E0,4.234400690E0
6.206353682E2,2.618998267E1,9.169279289E1,5.355376474E1,3.141286373E0,5.465270911E1,4.748651530E0,4.234269847E0
6.216354472E2,2.619000014E1,9.169281583E1,5.354878211E1,3.141286373E0,5.059232497E1,4.748651530E0,4.309672175E0
6.226354630E2,2.619001896E1,9.169284019E1,5.323885412E1,3.211005449E0,4.883222616E1,4.748651530E0,5.207062889E0
6.236354763E2,2.619003852E1,9.169286089E1,5.329984498E1,3.210656166E0,4.667031042E1,4.748651530E0,6.391296727E0
6.246355553E2,2.619005487E1,9.169288317E1,5.344513868E1,3.228659630E0,5.093971558E1,4.748651530E0,7.321815944E0
6.256355628E2,2.619007947E1,9.169290167E1,5.339997375E1,3.219234943E0,3.720659666E1,4.748651530E0,5.235524442E0
6.266356312E2,2.619010794E1,9.169290916E1,5.318772547E1,3.219234943E0,2.471627660E1,4.748651530E0,6.424146368E0
6.276356951E2,2.619013091E1,9.169291366E1,5.312048857E1,2.837927341E0,1.596604362E1,4.748651530E0,5.138178496E0
6.286357587E2,2.619015903E1,9.169291592E1,5.318774145E1,2.837927341E0,7.137604735E0,4.748651530E0,6.348879789E0
6.296358198E2,2.619018258E1,9.169291131E1,5.325916611E1,2.739886761E0,7.184585191E-1,4.748651530E0,7.304018510E0
6.306358787E2,2.619020648E1,9.169291572E1,5.327089426E1,2.739886761E0,7.675611965E0,4.748651530E0,5.215846349E0
6.316359358E2,2.619022921E1,9.169293790E1,5.323190304E1,2.814702034E0,2.626070828E1,4.748651530E0,6.377327138E0
6.326359916E2,2.619025032E1,9.169296212E1,5.324578668E1,3.079539061E0,3.963540177E1,4.748651530E0,7.326681486E0
6.336360451E2,2.619026473E1,9.169298793E1,5.328680141E1,2.987919331E0,5.072877116E1,4.748651530E0,8.123409634E0
6.346360981E2,2.619027072E1,9.169301870E1,5.329494203E1,3.013563156E0,6.667574516E1,4.748651530E0,8.825701120E0
6.356361484E2,2.619026720E1,9.169304959E1,5.328761641E1,3.046692610E0,8.343418917E1,4.748651530E0,9.427630672E0
6.366361986E2,2.619026453E1,9.169308019E1,5.326567908E1,3.046692610E0,9.017053163E1,4.748651530E0,9.994895261E0
6.376362471E2,2.619027138E1,9.169310768E1,5.322092633E1,2.974990129E0,8.122249840E1,4.748651530E0,1.050662635E1
6.386362942E2,2.619028277E1,9.169314848E1,5.132756869E1,2.927552934E0,7.377271506E1,1.999999986E0,3.000000000E0
6.396363404E2,2.619029672E1,9.169316797E1,5.138356379E1,2.794338232E0,6.358188293E1,1.999999979E0,3.000000000E0
6.406363861E2,2.619031551E1,9.169318942E1,5.126103272E1,2.751763107E0,5.585741718E1,1.999999986E0,3.000000000E0
6.416364305E2,2.619033690E1,9.169320790E1,5.131011337E1,2.781848325E0,4.789268137E1,1.999999986E0,3.000000000E0
6.426364735E2,2.619035922E1,9.169322706E1,5.117917573E1,2.981850338E0,4.055297155E1,2.006510666E0,3.000000000E0
6.436365168E2,2.619038142E1,9.169324440E1,5.113732145E1,3.057915457E0,3.781837654E1,2.005425551E0,3.000000000E0
6.446365585E2,2.619040368E1,9.169326472E1,5.116603188E1,3.165502159E0,4.016487002E1,2.004650469E0,3.000000000E0
6.456365987E2,2.619042677E1,9.169328924E1,5.122318542E1,3.440421875E0,4.315238734E1,2.004069148E0,3.000000000E0
6.466366397E2,2.619044794E1,9.169331204E1,5.104751268E1,3.367353272E0,4.349074689E1,2.004069148E0,3.000000000E0
6.476366789E2,2.619046878E1,9.169333619E1,5.113235064E1,3.368981448E0,4.516297889E1,2.007130095E0,3.000000000E0
6.486367186E2,2.619049126E1,9.169335853E1,5.115444824E1,3.354858023E0,4.441964587E1,2.023800715E0,3.000000000E0
6.496367569E2,2.619051553E1,9.169338106E1,5.143081764E1,3.410548809E0,4.096724440E1,2.021156196E0,3.000000000E0
6.506367946E2,2.619053773E1,9.169340000E1,5.167987680E1,3.220936470E0,3.962390108E1,2.019040577E0,3.000000000E0
6.516368325E2,2.619056402E1,9.169342131E1,5.137699952E1,3.448553515E0,3.885868697E1,2.017309608E0,3.000000000E0
6.526368695E2,2.619058344E1,9.169343874E1,5.178350032E1,3.019406601E0,3.937206895E1,2.015867160E0,3.000000000E0
6.536369068E2,2.619060543E1,9.169346256E1,5.188169787E1,3.232390727E0,4.210322102E1,2.014646585E0,3.000000000E0
6.546369428E2,2.619062546E1,9.169348408E1,5.157885495E1,3.184636581E0,4.311276007E1,2.023876596E0,3.000000000E0
6.556369787E2,2.619064468E1,9.169350830E1,5.246591693E1,3.199658708E0,4.643645044E1,2.022284808E0,3.000000000E0
6.566370139E2,2.619066053E1,9.169352471E1,5.159276865E1,2.747838430E0,4.454178974E1,2.020892008E0,3.000000000E0
6.576370492E2,2.619067839E1,9.169354770E1,5.129837160E1,2.798624434E0,4.695209406E1,2.019663056E0,3.000000000E0
6.586370834E2,2.619069795E1,9.169356444E1,5.122335519E1,2.650959677E0,4.170730462E1,2.018570669E0,3.000000000E0
6.596371186E2,2.619072044E1,9.169358680E1,5.168741148E1,2.888095122E0,4.171172308E1,2.017593263E0,3.000000000E0
6.606371527E2,2.619074188E1,9.169361269E1,5.171198944E1,3.092253369E0,4.604986791E1,2.021719694E0,3.000000000E0
6.616371864E2,2.619076308E1,9.169363300E1,5.193541930E1,3.020090242E0,4.449088736E1,2.024258377E0,3.000000000E0
6.626372201E2,2.619078473E1,9.169365211E1,5.153947368E1,2.913619346E0,4.255382957E1,2.029872790E0,3.000000000E0
6.636372536E2,2.619080601E1,9.169367647E1,5.204031677E1,3.045513650E0,4.511683907E1,2.028379141E0,3.000000000E0
6.646372870E2,2.619082381E1,9.169369407E1,5.132085248E1,2.733393073E0,4.317039362E1,2.026960185E0,3.000000000E0
6.656373205E2,2.619084497E1,9.169371406E1,5.149517786E1,2.779674235E0,4.161124238E1,2.025612187E0,3.000000000E0
6.666373529E2,2.619086477E1,9.169373836E1,5.167634282E1,2.885027484E0,4.652128020E1,2.024331578E0,3.000000000E0
6.676373861E2,2.619089160E1,9.169376047E1,5.172168839E1,3.204487814E0,4.060007105E1,2.023114990E0,3.000000000E0
6.686374187E2,2.619091460E1,9.169378127E1,5.147641262E1,3.187531951E0,3.974644128E1,2.021959243E0,3.000000000E0
6.696374509E2,2.619093466E1,9.169380245E1,5.136854163E1,3.060353224E0,4.165182343E1,2.020861281E0,3.000000000E0
6.706374830E2,2.619095987E1,9.169382318E1,5.096944883E1,3.181756941E0,3.922114056E1,2.019818209E0,3.000000000E0
6.716375158E2,2.619098100E1,9.169384817E1,5.106819690E1,3.182943364E0,4.376884419E1,2.018827294E0,3.000000000E0
6.726375471E2,2.619100606E1,9.169387612E1,5.106930489E1,3.543321142E0,4.583060341E1,2.034475271E0,3.000000000E0
6.736375786E2,2.619102930E1,9.169389773E1,5.108205622E1,3.366779448E0,4.309012009E1,2.032751512E0,3.000000000E0
6.746376108E2,2.619105204E1,9.169391868E1,5.082440117E1,3.260308176E0,4.081326242E1,2.031113940E0,3.000000000E0
6.756376428E2,2.619107488E1,9.169394333E1,5.121382753E1,3.329322790E0,4.333807160E1,2.029558244E0,3.000000000E0
6.766376749E2,2.619109775E1,9.169396748E1,5.116099638E1,3.393756665E0,4.381623429E1,2.028080333E0,3.000000000E0
6.776377052E2,2.619112103E1,9.169399139E1,5.137559830E1,3.456299281E0,4.278559734E1,2.026676308E0,3.000000000E0
6.786377373E2,2.619114744E1,9.169401762E1,5.134530544E1,3.711893755E0,4.232973643E1,2.025342492E0,3.000000000E0
6.796377683E2,2.619117326E1,9.169403964E1,5.147212331E1,3.648163832E0,3.999229221E1,2.024075371E0,3.000000000E0
6.806377997E2,2.619119863E1,9.169406556E1,5.127619718E1,3.723689699E0,4.161975084E1,2.022871589E0,3.000000000E0
6.816378308E2,2.619122305E1,9.169408767E1,5.161022524E1,3.529969587E0,4.067867693E1,2.031097466E0,3.000000000E0
6.826378614E2,2.619124792E1,9.169411342E1,5.155884636E1,3.650358545E0,4.256969204E1,2.029542590E0,3.000000000E0
6.836378925E2,2.619127098E1,9.169413630E1,5.137122053E1,3.469694744E0,4.202225177E1,2.028065459E0,3.000000000E0
6.846379238E2,2.619129291E1,9.169416198E1,5.155237878E1,3.469295859E0,4.384095713E1,2.026662197E0,3.000000000E0
6.856379546E2,2.619131384E1,9.169418533E1,5.152659334E1,3.389543786E0,4.460814900E1,2.025329074E0,3.000000000E0
6.866379863E2,2.619133723E1,9.169421152E1,5.168382433E1,3.558490560E0,4.544269795E1,2.024062627E0,3.000000000E0
6.876380164E2,2.619135941E1,9.169423679E1,5.169408393E1,3.493670206E0,4.559082345E1,2.022859488E0,3.000000000E0
6.886380471E2,2.619138045E1,9.169426030E1,5.179916662E1,3.332116641E0,4.547804302E1,2.021716523E0,3.000000000E0
6.896380775E2,2.619140443E1,9.169427989E1,5.173804540E1,3.266901814E0,3.813409208E1,2.020630690E0,3.000000000E0
6.906381088E2,2.619142865E1,9.169428989E1,5.187444332E1,2.924710931E0,2.814661528E1,2.019599168E0,3.000000000E0
6.916381396E2,2.619145312E1,9.169427308E1,5.201154077E1,2.530334237E0,3.560180608E2,2.018619221E0,3.000000000E0
6.926381702E2,2.619146741E1,9.169424324E1,5.149044761E1,2.491568883E0,3.242502426E2,2.021216002E0,3.000000000E0
6.936382006E2,2.619148635E1,9.169421324E1,5.190342281E1,3.027929752E0,3.140221303E2,2.020155205E0,3.000000000E0
6.946382305E2,2.619150212E1,9.169419142E1,5.127929385E1,2.891213213E0,3.122104882E2,2.019147443E0,3.000000000E0
6.956382618E2,2.619153237E1,9.169418359E1,5.175856620E1,2.959557079E0,3.313405171E2,2.018190067E0,3.000000000E0
6.966382916E2,2.619155863E1,9.169418730E1,5.195527982E1,2.787602664E0,3.491285065E2,2.017588027E0,3.000000000E0
6.976383222E2,2.619158688E1,9.169419136E1,5.210108951E1,2.874590549E0,3.581267928E2,2.016708623E0,3.000000000E0
6.986383529E2,2.619161579E1,9.169420116E1,5.198543868E1,3.010174854E0,8.566286072E0,2.015873190E0,3.000000000E0
6.996383835E2,2.619163972E1,9.169423158E1,5.218517766E1,3.274360241E0,3.380881053E1,2.025103140E0,3.000000000E0
7.006384134E2,2.619164096E1,9.169427543E1,5.242922927E1,3.406594059E0,6.790318133E1,2.025533137E0,3.000000000E0
7.016384441E2,2.619163488E1,9.169431579E1,5.273057841E1,3.617468522E0,8.618687755E1,2.024256479E0,3.000000000E0
7.026384741E2,2.619163260E1,9.169435346E1,5.256784763E1,3.689194576E0,9.032405948E1,2.023043656E0,3.000000000E0
7.036385046E2,2.619163137E1,9.169439238E1,5.264712707E1,3.788425637E0,9.133229455E1,2.021891474E0,3.000000000E0
7.046385349E2,2.619163052E1,9.169443151E1,5.249461904E1,3.879956513E0,9.071700905E1,2.020796898E0,3.000000000E0
7.056385649E2,2.619163008E1,9.169447400E1,5.261875316E1,4.052914135E0,9.155218567E1,2.019757053E0,3.000000000E0
7.066385951E2,2.619162877E1,9.169451541E1,5.246270187E1,4.099594679E0,9.195596966E1,2.018769193E0,3.000000000E0
7.076386264E2,2.619162925E1,9.169455784E1,5.238635761E1,4.172476565E0,8.984394527E1,2.017830728E0,3.000000000E0
7.086386568E2,2.619163055E1,9.169460265E1,5.277567636E1,4.300532846E0,8.908248552E1,2.023602991E0,3.000000000E0
7.096386868E2,2.619163122E1,9.169464378E1,5.250185690E1,4.212697054E0,8.946118768E1,2.022422840E0,3.000000000E0
7.106387169E2,2.619162864E1,9.169468817E1,5.244409395E1,4.313988711E0,9.159799440E1,2.021301691E0,3.000000000E0
7.116387470E2,2.619162692E1,9.169473205E1,5.224801705E1,4.366884292E0,9.166227476E1,2.020236613E0,3.000000000E0
7.126387775E2,2.619162828E1,9.169477425E1,5.209985578E1,4.259237978E0,8.975099225E1,2.019224780E0,3.000000000E0
7.136388074E2,2.619162901E1,9.169481845E1,5.215851544E1,4.313441792E0,8.959400836E1,2.018263537E0,3.000000000E0
7.146388380E2,2.619162673E1,9.169485902E1,5.191926712E1,4.216651743E0,9.159533074E1,2.037442157E0,3.000000000E0
7.156388682E2,2.619162400E1,9.169490152E1,5.190471792E1,4.244735947E0,9.292772874E1,2.068659854E0,3.000000000E0
7.166388981E2,2.619162009E1,9.169494308E1,5.166272047E1,4.192220722E0,9.445189783E1,2.065226867E0,3.000000000E0
7.176389283E2,2.619161858E1,9.169498133E1,5.172249084E1,4.018528647E0,9.204234989E1,2.061965527E0,3.000000000E0
7.186389582E2,2.619162368E1,9.169502571E1,5.161492541E1,4.176918046E0,8.618947463E1,2.058867248E0,3.000000000E0
7.196389884E2,2.619162523E1,9.169506884E1,5.153450835E1,4.231742080E0,8.731274068E1,2.065980567E0,3.000000000E0
7.206390185E2,2.619162335E1,9.169511213E1,5.143965836E1,4.262308097E0,8.970754516E1,2.071085662E0,3.000000000E0
7.216390488E2,2.619162007E1,9.169515366E1,5.147064429E1,4.184338687E0,9.225963698E1,2.067531383E0,3.000000000E0
7.226390792E2,2.619162126E1,9.169519439E1,5.126817051E1,4.057392366E0,8.922535847E1,2.064154814E0,3.000000000E0
7.236391092E2,2.619162173E1,9.169523536E1,5.122384333E1,4.073792789E0,8.938609508E1,2.060947075E0,3.000000000E0
7.246391389E2,2.619162075E1,9.169527308E1,5.130543924E1,3.870810501E0,9.060631886E1,2.057899716E0,3.000000000E0
7.256391697E2,2.619162044E1,9.169530961E1,5.099520425E1,3.676787386E0,8.966227224E1,2.055004731E0,3.000000000E0
7.266392001E2,2.619161560E1,9.169533911E1,5.100590441E1,3.216572154E0,9.567468077E1,2.052254495E0,3.000000000E0
7.276392304E2,2.619161781E1,9.169537920E1,5.109338669E1,3.635250646E0,9.001685433E1,2.049641778E0,3.000000000E0
7.286392604E2,2.619161689E1,9.169541186E1,5.112577433E1,3.430168006E0,9.086256593E1,2.047159685E0,3.000000000E0
7.296392900E2,2.619161558E1,9.169544813E1,5.110199423E1,3.478682251E0,9.201006764E1,2.044801703E0,3.000000000E0
7.306393201E2,2.619161329E1,9.169548080E1,5.034365856E1,3.348795911E0,9.276871793E1,2.042561605E0,3.000000000E0
7.316393499E2,2.619161265E1,9.169551174E1,5.038498408E1,3.192002748E0,9.185992102E1,2.055826410E0,3.000000000E0
7.326393801E2,2.619161181E1,9.169554877E1,5.053296841E1,3.410588254E0,9.194524719E1,2.053035092E0,3.000000000E0
7.336394107E2,2.619161292E1,9.169558456E1,5.059223456E1,3.487422529E0,9.031483190E1,2.050383336E0,3.000000000E0
7.346394406E2,2.619161072E1,9.169561738E1,5.032223468E1,3.417452123E0,9.199592965E1,2.072459412E0,3.000000000E0
7.356394708E2,2.619160991E1,9.169565081E1,5.038100392E1,3.384884665E0,9.187097755E1,2.069525066E0,3.000000000E0
7.366395011E2,2.619160752E1,9.169568654E1,5.045186172E1,3.454560053E0,9.356016478E1,2.066048812E0,3.000000000E0
7.376351000E2,2.619160672E1,9.169572381E1,5.054912831E1,3.562966347E0,9.298258249E1,2.062746376E0,3.000000000E0
7.386350717E2,2.619160627E1,9.169575956E1,5.035325124E1,3.545759148E0,9.171629124E1,2.059609052E0,3.000000000E0
7.396351017E2,2.619160592E1,9.169579581E1,5.110176312E1,3.563183948E0,9.170479312E1,2.064766229E0,3.000000000E0
7.406351325E2,2.619160837E1,9.169583022E1,5.109906957E1,3.474111550E0,8.874461365E1,2.061527916E0,3.000000000E0
7.416351635E2,2.619160989E1,9.169586502E1,5.113906721E1,3.482738566E0,8.824276446E1,2.060098247E0,3.000000000E0
7.426352523E2,2.619160859E1,9.169589823E1,5.128738913E1,3.421849713E0,9.078662053E1,2.057093333E0,3.000000000E0
7.436352821E2,2.619160618E1,9.169593630E1,5.129187785E1,3.623644070E0,9.293257015E1,2.054238667E0,3.000000000E0
7.446353087E2,2.619160476E1,9.169596951E1,5.123015095E1,3.449785274E0,9.329138611E1,2.051526734E0,3.000000000E0
7.456353940E2,2.619160549E1,9.169600780E1,5.124134659E1,3.587376296E0,9.098110105E1,2.048950392E0,3.000000000E0
7.466354170E2,2.619160407E1,9.169603934E1,5.058191487E1,3.371198089E0,9.199487185E1,2.046502865E0,3.000000000E0
7.476354359E2,2.619160171E1,9.169607135E1,5.081222484E1,3.196983888E0,9.516295876E1,2.044177721E0,3.000000000E0
7.486355146E2,2.619160370E1,9.169611742E1,5.088922631E1,3.929634597E0,9.171652434E1,2.041968826E0,3.000000000E0
7.496355311E2,2.619160525E1,9.169616011E1,5.117141617E1,4.127140140E0,8.996332540E1,2.050284416E0,3.000000000E0
7.506355439E2,2.619160266E1,9.169619597E1,5.115745388E1,3.767679989E0,9.184683270E1,2.047770193E0,3.000000000E0
7.516356133E2,2.619160267E1,9.169623570E1,5.089964010E1,3.775686807E0,9.128213750E1,2.045381683E0,3.000000000E0
7.526356801E2,2.619160303E1,9.169627699E1,5.088074014E1,3.882876816E0,9.089077069E1,2.043499220E0,3.000000000E0
7.536357456E2,2.619160181E1,9.169631877E1,5.055597388E1,4.007504872E0,9.260075010E1,2.041851474E0,3.000000000E0
7.546358082E2,2.619160232E1,9.169635978E1,5.095300559E1,4.095775436E0,9.101928019E1,2.057286635E0,3.000000000E0
7.556358695E2,2.619160131E1,9.169640187E1,5.074347666E1,4.170707744E0,9.113336692E1,2.071246708E0,3.000000000E0
7.566359280E2,2.619160270E1,9.169644323E1,5.098521077E1,4.143885111E0,8.949077527E1,2.079275892E0,3.000000000E0
7.576359852E2,2.619160423E1,9.169648759E1,5.096693566E1,4.254683077E0,8.900699594E1,2.075312098E0,3.000000000E0
7.586360413E2,2.619160457E1,9.169653053E1,5.093354433E1,4.192185297E0,8.982644134E1,2.071546487E0,3.000000000E0
7.596360954E2,2.619160468E1,9.169657247E1,5.125281406E1,4.105470548E0,9.173005342E1,2.067969163E0,3.000000000E0
7.606361475E2,2.619160635E1,9.169660987E1,5.152291195E1,3.844783953E0,8.719267298E1,2.064570702E0,3.000000000E0
7.616361985E2,2.619160552E1,9.169665326E1,5.109014896E1,4.062280867E0,8.892500816E1,2.061342171E0,3.000000000E0
7.626362483E2,2.619160729E1,9.169669354E1,5.095020705E1,3.986440474E0,8.842150961E1,2.058275062E0,3.000000000E0
7.636362967E2,2.619160503E1,9.169673487E1,5.091640304E1,4.034719777E0,9.089129291E1,2.055361308E0,3.000000000E0
7.646363442E2,2.619160420E1,9.169677301E1,5.096994332E1,3.929286429E0,9.064177446E1,2.052593244E0,3.000000000E0
7.656363904E2,2.619160400E1,9.169681133E1,5.074466993E1,3.863501977E0,8.996102873E1,2.049963580E0,3.000000000E0
7.666364360E2,2.619160431E1,9.169685137E1,5.071867570E1,3.901109534E0,8.955588182E1,2.047465403E0,3.000000000E0
7.676364798E2,2.619160597E1,9.169689060E1,5.043096853E1,3.897798647E0,8.860902681E1,2.045092132E0,3.000000000E0
7.686365234E2,2.619160526E1,9.169693210E1,5.087129855E1,3.966420862E0,9.024524978E1,2.042837527E0,3.000000000E0
7.696365659E2,2.619160102E1,9.169697404E1,5.073950249E1,4.139454282E0,9.378511440E1,2.040695657E0,3.000000000E0
7.706366073E2,2.619160439E1,9.169701060E1,5.131709686E1,3.832346763E0,8.832329365E1,2.038660876E0,3.000000000E0
7.716366494E2,2.619160450E1,9.169705294E1,5.125230960E1,4.029971539E0,8.902915852E1,2.036727829E0,3.000000000E0
7.726366888E2,2.619160350E1,9.169709197E1,5.116378004E1,3.931228546E0,9.094050420E1,2.034891450E0,3.000000000E0
7.736367290E2,2.619160283E1,9.169713036E1,5.137875094E1,3.845155527E0,9.136550715E1,2.033146860E0,3.000000000E0
7.746367677E2,2.619160159E1,9.169717264E1,5.097946603E1,4.058889930E0,9.168123839E1,2.031489515E0,3.000000000E0
7.756368065E2,2.619160076E1,9.169721527E1,5.106935605E1,4.206220452E0,9.149209969E1,2.029915038E0,3.000000000E0
7.766368453E2,2.619159943E1,9.169725633E1,5.115645839E1,4.141404644E0,9.213863037E1,2.028419284E0,3.000000000E0
7.776368828E2,2.619159725E1,9.169729688E1,5.111634426E1,4.086710669E0,9.193652734E1,2.026998315E0,3.000000000E0
7.786369196E2,2.619159785E1,9.169733631E1,5.106135421E1,3.927245478E0,9.059554778E1,2.025648398E0,3.000000000E0
7.796369564E2,2.619160014E1,9.169737738E1,5.093145460E1,3.916586545E0,8.838357492E1,2.024365978E0,3.000000000E0
7.806369918E2,2.619160187E1,9.169741787E1,5.103139040E1,3.913676552E0,8.822534542E1,2.023147677E0,3.000000000E0
7.816370278E2,2.619159919E1,9.169745743E1,5.096688840E1,3.932371218E0,9.111787363E1,2.021990293E0,3.000000000E0
7.826370637E2,2.619159761E1,9.169749896E1,5.098242494E1,4.025795753E0,9.187170335E1,2.020890775E0,3.000000000E0
7.836370987E2,2.619159731E1,9.169754041E1,5.095338324E1,4.087245170E0,9.163423759E1,2.021696106E0,3.000000000E0
7.846371337E2,2.619159587E1,9.169758220E1,5.089277738E1,4.122171009E0,9.203224809E1,2.020611297E0,3.000000000E0
7.856371677E2,2.619159527E1,9.169762413E1,5.070972484E1,4.194658057E0,9.144981443E1,2.019580733E0,3.000000000E0
7.866372024E2,2.619159566E1,9.169766783E1,5.066961425E1,4.332631358E0,9.005531256E1,2.027202216E0,3.000000000E0
7.876372362E2,2.619159563E1,9.169771287E1,5.069958147E1,4.433847541E0,9.039897144E1,2.035019464E0,3.000000000E0
7.886372696E2,2.619159312E1,9.169775630E1,5.055525917E1,4.433802295E0,9.250333562E1,2.033268493E0,3.000000000E0
7.896373041E2,2.619159167E1,9.169780043E1,5.046846532E1,4.466750674E0,9.206883636E1,2.031605067E0,3.000000000E0
7.906373370E2,2.619159270E1,9.169784572E1,5.041531742E1,4.527145110E0,9.056744628E1,2.030024812E0,3.000000000E0
7.916373702E2,2.619159363E1,9.169789167E1,5.033666080E1,4.546707431E0,8.965732650E1,2.028523571E0,3.000000000E0
7.926374028E2,2.619159139E1,9.169793856E1,5.028166142E1,4.657916631E0,9.192206817E1,2.027097389E0,3.000000000E0
7.936374361E2,2.619158879E1,9.169798490E1,5.018197229E1,4.718511518E0,9.271696532E1,2.025742523E0,3.000000000E0
7.946374681E2,2.619158851E1,9.169803053E1,5.015560484E1,4.670625734E0,9.071434324E1,2.024455396E0,3.000000000E0
7.956375010E2,2.619159026E1,9.169807795E1,5.028289622E1,4.743334388E0,8.908552302E1,2.023232626E0,3.000000000E0
7.966375331E2,2.619159190E1,9.169812350E1,5.031213907E1,4.654957043E0,8.774729869E1,2.047345526E0,3.000000000E0
7.976375661E2,2.619159734E1,9.169816702E1,5.019057034E1,4.459065574E0,8.435883856E1,2.044978248E0,3.000000000E0
7.986375974E2,2.619160620E1,9.169820899E1,5.012125203E1,4.268046592E0,8.020413499E1,2.054927471E0,3.000000000E0
7.996376297E2,2.619162539E1,9.169824967E1,5.016019366E1,4.285745274E0,6.941864323E1,2.058971122E0,3.000000000E0
8.006376605E2,2.619164976E1,9.169828257E1,5.019127730E1,4.032686710E0,5.677998357E1,2.062197088E0,3.000000000E0
8.016376933E2,2.619168090E1,9.169830917E1,5.031209736E1,3.991449508E0,4.413585658E1,2.059087231E0,3.000000000E0
8.026377240E2,2.619171502E1,9.169832927E1,5.022938270E1,4.135240238E0,3.485543305E1,2.056132862E0,3.000000000E0
8.036377563E2,2.619174576E1,9.169834644E1,5.041090687E1,3.878979667E0,3.109569627E1,2.065129118E0,3.000000000E0
8.046377868E2,2.619177600E1,9.169836354E1,5.058636662E1,3.714247252E0,2.903405522E1,2.061872665E0,3.000000000E0
8.056378180E2,2.619180474E1,9.169837976E1,5.074320577E1,3.551244762E0,2.803575770E1,2.058779030E0,3.000000000E0
8.066378497E2,2.619183426E1,9.169839557E1,5.086099384E1,3.504028978E0,2.730816339E1,2.055840079E0,3.000000000E0
8.076378803E2,2.619186488E1,9.169841093E1,5.103196776E1,3.553742377E0,2.580611749E1,2.063080112E0,3.000000000E0
8.086379120E2,2.619189505E1,9.169842467E1,5.098683962E1,3.536906733E0,2.445152849E1,2.059926103E0,3.000000000E0
8.096379424E2,2.619192570E1,9.169843906E1,5.134689548E1,3.571861605E0,2.395044575E1,2.056929792E0,3.000000000E0
8.106379737E2,2.619195677E1,9.169845530E1,5.157526046E1,3.678259192E0,2.419382263E1,2.054083303E0,3.000000000E0
8.116380050E2,2.619198657E1,9.169846954E1,5.181932074E1,3.728794981E0,2.383652514E1,2.051379136E0,3.000000000E0
8.126380356E2,2.619201763E1,9.169848180E1,5.190201809E1,3.811747289E0,2.247435166E1,2.048810179E0,3.000000000E0
8.136380662E2,2.619204863E1,9.169849735E1,5.222394100E1,3.951718641E0,2.303189492E1,2.060066970E0,3.000000000E0
8.146380969E2,2.619208023E1,9.169851282E1,5.239269655E1,4.024296198E0,2.331099182E1,2.057063613E0,3.000000000E0
8.156381273E2,2.619210684E1,9.169852798E1,5.262390485E1,3.743226342E0,2.395546074E1,2.067728690E0,3.000000000E0
8.166381583E2,2.619213247E1,9.169854254E1,5.283657461E1,3.403133510E0,2.578291807E1,2.064342252E0,3.000000000E0
8.176381889E2,2.619215705E1,9.169855696E1,5.312423293E1,3.102409317E0,2.655730172E1,2.061125146E0,3.000000000E0
8.186382197E2,2.619218200E1,9.169856857E1,5.314556531E1,2.940513992E0,2.551137993E1,2.058068890E0,3.000000000E0
8.196382501E2,2.619220734E1,9.169858159E1,5.307152784E1,2.863893080E0,2.515283425E1,2.055165443E0,3.000000000E0
8.206382810E2,2.619223363E1,9.169859142E1,5.319498474E1,2.958378967E0,2.215377140E1,2.052407171E0,3.000000000E0
8.216383114E2,2.619225970E1,9.169860250E1,5.321917209E1,2.971751554E0,2.189102602E1,2.049786814E0,3.000000000E0
8.226383422E2,2.619228534E1,9.169861330E1,5.332067686E1,2.974800425E0,2.156905556E1,2.047297470E0,3.000000000E0
8.236383717E2,2.619231193E1,9.169862401E1,5.323966560E1,3.096502324E0,2.083965212E1,2.047356311E0,3.000000000E0
8.246384028E2,2.619233868E1,9.169863355E1,5.326022908E1,3.134019301E0,2.007332644E1,2.064871641E0,3.000000000E0
8.256384336E2,2.619236493E1,9.169864263E1,5.354525325E1,3.060058559E0,1.952207443E1,2.086306204E0,3.000000000E0
8.266384630E2,2.619239044E1,9.169865162E1,5.367148055E1,2.921363647E0,1.896368896E1,2.081990895E0,3.000000000E0
8.276384938E2,2.619241665E1,9.169866049E1,5.366499424E1,2.783669617E0,1.711327293E1,2.077891353E0,3.000000000E0
8.286385246E2,2.619243950E1,9.169866839E1,5.365719850E1,2.463797216E0,1.610173728E1,2.091780607E0,3.000000000E0
8.290200770E2,2.619259930E1,9.169871461E1,5.408837403E1,3.324957481E0,1.407821956E1,2.190253986E0,3.000000000E0
8.290203790E2,2.619265892E1,9.169873122E1,5.408837403E1,3.224089079E0,1.407821956E1,1.189501400E1,8.706343953E0
8.315432331E2,2.619271094E1,9.169876630E1,5.399240150E1,NaN,NaN,3.200000000E1,3.000000000E1
8.315486061E2,2.619271094E1,9.169876630E1,5.399240150E1,NaN,NaN,2.262746512E1,3.000000000E1
8.315529530E2,2.619267854E1,9.169875617E1,5.399224510E1,NaN,NaN,2.262757912E1,3.000000000E1
8.315571180E2,2.619267854E1,9.169875617E1,5.399224510E1,NaN,NaN,2.262774677E1,3.000000000E1
8.315621410E2,2.619267854E1,9.169875617E1,5.399224510E1,NaN,NaN,2.262783771E1,3.000000000E1
8.315658420E2,2.619267854E1,9.169875617E1,5.399224510E1,NaN,NaN,2.262796426E1,3.000000000E1
8.315702230E2,2.619267854E1,9.169875617E1,5.399224510E1,NaN,NaN,2.262808438E1,3.000000000E1
8.315744680E2,2.619267854E1,9.169875617E1,5.399224510E1,NaN,NaN,2.262821823E1,3.000000000E1
8.315789780E2,2.619267854E1,9.169875617E1,5.399224510E1,NaN,NaN,2.262834390E1,3.000000000E1
8.315833190E2,2.619267854E1,9.169875617E1,5.399224510E1,NaN,NaN,2.262846254E1,3.000000000E1
8.315875580E2,2.619267854E1,9.169875617E1,5.399224510E1,NaN,NaN,2.262857964E1,3.000000000E1
8.323174434E2,2.619274917E1,9.169877502E1,5.138256865E1,3.094577789E0,NaN,7.977789904E0,1.488380051E1
8.333174743E2,2.619279935E1,9.169878222E1,5.362381257E1,3.480846167E0,1.214318244E1,8.418755020E0,3.000000000E0
8.343175048E2,2.619284449E1,9.169878749E1,5.303633410E1,3.480846167E0,1.378911972E1,6.985546521E0,3.000000000E0
8.353175377E2,2.619287884E1,9.169878977E1,5.239738264E1,3.544625759E0,1.526012646E1,6.149010079E0,3.000000000E0
8.363175683E2,2.619292051E1,9.169879817E1,5.224359050E1,3.016757011E0,1.192307191E1,5.552980618E0,3.000000000E0
8.373175985E2,2.619295768E1,9.169879764E1,5.242250403E1,3.016757011E0,1.672305907E1,4.509046631E0,3.000000000E0
8.383176291E2,2.619299639E1,9.169880502E1,5.301371427E1,3.016757011E0,1.922258558E1,4.025318041E0,3.000000000E0
8.393176588E2,2.619303021E1,9.169881421E1,5.354135600E1,3.267287731E0,1.599122821E1,3.963268293E0,3.000000000E0
8.403176884E2,2.619306937E1,9.169882388E1,5.288485984E1,3.696031570E0,7.322985611E0,3.630973344E0,3.000000000E0
8.413177192E2,2.619309934E1,9.169883011E1,5.285802435E1,3.696031570E0,8.764893186E0,3.428673406E0,3.000000000E0
8.423177487E2,2.619312727E1,9.169883743E1,5.256622655E1,3.447121143E0,7.739686915E0,3.198816582E0,3.000000000E0
8.433177788E2,2.619315640E1,9.169884479E1,5.243936276E1,3.447121143E0,1.026683471E1,3.011415082E0,3.000000000E0
8.443178096E2,2.619318702E1,9.169885094E1,5.243936276E1,3.447121143E0,1.026683742E1,4.748651530E0,3.784521169E0
8.453139050E2,2.619321951E1,9.169885864E1,5.234578468E1,3.641581297E0,1.013904042E1,4.748651530E0,3.996635167E0
8.467569032E2,2.619326973E1,9.169886912E1,5.196800905E1,3.676073790E0,6.846420261E0,2.485171731E0,3.000000000E0
8.477569697E2,2.619330267E1,9.169887350E1,5.196800918E1,3.676073790E0,6.846422196E0,4.748651530E0,5.732382360E0
8.487569826E2,2.619333569E1,9.169888137E1,5.218733305E1,3.682167292E0,9.756095555E0,4.748651530E0,4.733492368E0
8.497569921E2,2.619336908E1,9.169889501E1,5.208696461E1,3.746989489E0,1.411382583E1,4.748651530E0,4.722680354E0
8.507570635E2,2.619340249E1,9.169890533E1,5.212360341E1,3.778708935E0,1.491906356E1,4.748651530E0,7.632218957E0
8.517570769E2,2.619343523E1,9.169891595E1,5.212746940E1,3.746989489E0,1.479269303E1,4.748651530E0,8.300165008E0
8.527571491E2,2.619346910E1,9.169892407E1,5.219982058E1,3.744339466E0,1.438935317E1,4.748651530E0,8.846104392E0
8.537572184E2,2.619350265E1,9.169893261E1,5.225996975E1,3.762717962E0,1.416163377E1,4.748651530E0,9.346418282E0
8.547572843E2,2.619353717E1,9.169893673E1,5.229382173E1,3.762717962E0,9.521957518E0,4.748651530E0,9.788987791E0
8.557573481E2,2.619357206E1,9.169894274E1,5.230716943E1,3.762717962E0,9.172086954E0,4.748651530E0,1.017365485E1
8.567574099E2,2.619360519E1,9.169895010E1,5.246837365E1,3.768662214E0,1.308112145E1,4.748651530E0,5.192102489E0
8.577574697E2,2.619363900E1,9.169895847E1,5.251050980E1,3.861469984E0,1.339289245E1,4.748651530E0,4.803740314E0
8.587575272E2,2.619367582E1,9.169896076E1,5.226669390E1,3.861469984E0,4.104007041E0,4.748651530E0,5.839335610E0
8.597575834E2,2.619371156E1,9.169897014E1,5.216787875E1,3.810611486E0,9.245506420E0,4.748651530E0,6.663823571E0
8.607576375E2,2.619374716E1,9.169897846E1,5.231993574E1,3.810611486E0,1.167257642E1,4.748651530E0,4.863771801E0
8.617576904E2,2.619378051E1,9.169898258E1,5.255089062E1,3.906923056E0,1.219060297E1,4.748651530E0,4.451383025E0
8.627577425E2,2.619381270E1,9.169899066E1,5.245168668E1,3.906923056E0,1.225369771E1,4.748651530E0,5.388881056E0
8.637577926E2,2.619383784E1,9.169899998E1,5.232988163E1,3.677379370E0,1.098559995E1,4.748651530E0,4.566983362E0
8.647578421E2,2.619388558E1,9.169901679E1,5.199837359E1,3.811234311E0,8.551104782E0,1.999999999E0,3.000000000E0
8.657578902E2,2.619391852E1,9.169903362E1,5.241082618E1,3.666334106E0,1.259933617E1,2.000000001E0,3.000000000E0
8.667579365E2,2.619395509E1,9.169904049E1,5.253036967E1,3.873967697E0,1.239798834E1,2.000000004E0,3.000000000E0
8.677579822E2,2.619398332E1,9.169904056E1,5.276538297E1,3.818019640E0,1.191986809E1,2.013112021E0,3.000000000E0
8.687580266E2,2.619401423E1,9.169904816E1,5.363672634E1,3.628498828E0,1.218391297E1,2.010926709E0,3.000000000E0
8.697580702E2,2.619404483E1,9.169905314E1,5.370748933E1,3.535744762E0,9.452976245E0,2.010926703E0,3.000000000E0
8.707581138E2,2.619407790E1,9.169906248E1,5.465390919E1,3.535865169E0,1.222428033E1,2.010926715E0,3.000000000E0
8.717581558E2,2.619411243E1,9.169906720E1,5.447638778E1,3.519599208E0,1.084654194E1,2.115029365E0,3.000000000E0
8.727581964E2,2.619415122E1,9.169907148E1,5.382950254E1,3.883285870E0,9.112160415E0,2.076686235E0,3.000000000E0
8.737582373E2,2.619418238E1,9.169907693E1,5.387147886E1,3.601767423E0,1.115602878E1,2.147396257E0,3.000000000E0
8.747582776E2,2.619422031E1,9.169908086E1,5.404972912E1,3.840909570E0,9.506118602E0,2.140856916E0,3.000000000E0
8.757583165E2,2.619425420E1,9.169908920E1,5.399063788E1,3.831853665E0,1.118806202E1,2.136007202E0,3.000000000E0
8.767583556E2,2.619428819E1,9.169909744E1,5.442147624E1,3.809909051E0,1.199817198E1,2.124013605E0,3.000000000E0
8.777583940E2,2.619432590E1,9.169910338E1,5.443038650E1,3.928594255E0,1.008096066E1,2.251926950E0,3.000000000E0
8.787584310E2,2.619436280E1,9.169910901E1,5.436150519E1,3.956451127E0,9.721835339E0,2.224576525E0,3.000000000E0
8.797584690E2,2.619439821E1,9.169911542E1,5.405584041E1,3.904517888E0,1.006929701E1,2.202118869E0,3.000000000E0
8.807585052E2,2.619442946E1,9.169912059E1,5.410411341E1,3.654233126E0,9.742834745E0,2.188532191E0,3.000000000E0
8.817585423E2,2.619446554E1,9.169912436E1,5.400008670E1,3.708354329E0,7.735199346E0,2.175698077E0,3.000000000E0
8.827585777E2,2.619450004E1,9.169912599E1,5.371522633E1,3.666548060E0,4.377364093E0,2.162182837E0,3.000000000E0
8.837586131E2,2.619453574E1,9.169913001E1,5.357665062E1,3.712456295E0,4.396731845E0,2.150598351E0,3.000000000E0
8.847586488E2,2.619457021E1,9.169913365E1,5.350922090E1,3.719341458E0,4.602067758E0,2.140558460E0,3.000000000E0
8.857586836E2,2.619460315E1,9.169913199E1,5.360940110E1,3.635602830E0,1.104950032E0,2.131773555E0,3.000000000E0
8.867587185E2,2.619463741E1,9.169912749E1,5.357034282E1,3.655142455E0,3.571798495E2,2.124022166E0,3.000000000E0
8.877587521E2,2.619467550E1,9.169912769E1,5.332593970E1,3.894166012E0,3.587586932E2,2.117132038E0,3.000000000E0
8.887587868E2,2.619471222E1,9.169912542E1,5.314835528E1,3.956309526E0,3.578350966E2,2.110967192E0,3.000000000E0
8.897588216E2,2.619475222E1,9.169912505E1,5.348266014E1,4.170084807E0,3.576955183E2,2.105418829E0,3.000000000E0
8.907588545E2,2.619478485E1,9.169911717E1,5.308951359E1,3.819645811E0,3.516700005E2,2.100147889E0,3.000000000E0
8.917588886E2,2.619482202E1,9.169911620E1,5.315862930E1,3.887410463E0,3.550531996E2,2.095140494E0,3.000000000E0
8.927589213E2,2.619485719E1,9.169910908E1,5.294651713E1,3.865899524E0,3.519570630E2,2.122462187E0,3.000000000E0
8.937589545E2,2.619489538E1,9.169910306E1,5.268974350E1,3.931228721E0,3.518426019E2,2.155797622E0,3.000000000E0
8.947589872E2,2.619492964E1,9.169909798E1,5.309041583E1,3.799067090E0,3.520271618E2,2.166181027E0,3.000000000E0
8.957590197E2,2.619496378E1,9.169909085E1,5.342046377E1,3.796149479E0,3.499038169E2,2.169281955E0,3.000000000E0
8.967590526E2,2.619499736E1,9.169908350E1,5.348159360E1,3.784084439E0,3.489385011E2,2.173932965E0,3.000000000E0
8.977590850E2,2.619503200E1,9.169907481E1,5.362217476E1,3.899236787E0,3.478567266E2,2.179887629E0,3.000000000E0
8.987591170E2,2.619506694E1,9.169906908E1,5.344335836E1,3.930951508E0,3.496601458E2,2.179974162E0,3.000000000E0
8.997591485E2,2.619510497E1,9.169907110E1,5.346160507E1,4.020307201E0,3.570387907E2,2.186228103E0,3.000000000E0
9.007591804E2,2.619514237E1,9.169906207E1,5.345557341E1,4.048099146E0,3.524572561E2,2.189609040E0,3.000000000E0
9.017592126E2,2.619517560E1,9.169904794E1,5.323740543E1,3.870702721E0,3.454256180E2,2.191347523E0,3.000000000E0
9.027592442E2,2.619521026E1,9.169903076E1,5.310283583E1,3.925643906E0,3.410116688E2,2.214432584E0,3.000000000E0
9.037592760E2,2.619524577E1,9.169901978E1,5.300475591E1,3.967955465E0,3.434341756E2,2.203710957E0,3.000000000E0
9.047593070E2,2.619528615E1,9.169901199E1,5.318072218E1,4.277756246E0,3.471494895E2,2.199399111E0,3.000000000E0
9.057593391E2,2.619531976E1,9.169900200E1,5.362237928E1,4.069900366E0,3.456488775E2,2.191092920E0,3.000000000E0
9.067593705E2,2.619535709E1,9.169899112E1,5.389714992E1,4.120033146E0,3.455556744E2,2.188941146E0,3.000000000E0
9.077594018E2,2.619539031E1,9.169898175E1,5.415643012E1,3.858627676E0,3.455518792E2,2.179494079E0,3.000000000E0
9.087594321E2,2.619542472E1,9.169897059E1,5.391498469E1,3.850886336E0,3.448545659E2,2.170519377E0,3.000000000E0
9.097594633E2,2.619545992E1,9.169896021E1,5.431017301E1,3.792045241E0,3.454644265E2,2.161993410E0,3.000000000E0
9.107594949E2,2.619550091E1,9.169895283E1,5.437583184E1,4.155154632E0,3.483565294E2,2.153893735E0,3.000000000E0
9.117595253E2,2.619553409E1,9.169893927E1,5.428509263E1,3.969891116E0,3.445076184E2,2.146199062E0,3.000000000E0
9.127595567E2,2.619556596E1,9.169892726E1,5.423940073E1,3.760478662E0,3.426709322E2,2.138889103E0,3.000000000E0
9.137595885E2,2.619560667E1,9.169891895E1,5.426624363E1,4.127891093E0,3.465398012E2,2.131944646E0,3.000000000E0
9.147596184E2,2.619564019E1,9.169890224E1,5.403372076E1,4.081385274E0,3.406206209E2,2.125347423E0,3.000000000E0
9.157596492E2,2.619567707E1,9.169888208E1,5.418612780E1,4.341371226E0,3.366110685E2,2.119080056E0,3.000000000E0
9.167596796E2,2.619570980E1,9.169886692E1,5.384777191E1,4.077786079E0,3.365442368E2,2.128044477E0,3.000000000E0
9.177597109E2,2.619574484E1,9.169884905E1,5.363320621E1,4.134915413E0,3.358022477E2,2.121642249E0,3.000000000E0
9.187597413E2,2.619578067E1,9.169882661E1,5.365480004E1,4.291775566E0,3.322385774E2,2.115560138E0,3.000000000E0
9.197597723E2,2.619581457E1,9.169880395E1,5.334550013E1,4.286509864E0,3.297699111E2,2.128913630E0,3.000000000E0
9.207598024E2,2.619584628E1,9.169878028E1,5.356508196E1,4.190045761E0,3.269077952E2,2.122467948E0,3.000000000E0
9.217598334E2,2.619587361E1,9.169874928E1,5.341591822E1,4.193845773E0,3.182388287E2,2.126054999E0,3.000000000E0
9.227598639E2,2.619589798E1,9.169871938E1,5.323157640E1,4.041688006E0,3.131919159E2,2.124473951E0,3.000000000E0
9.237598943E2,2.619591415E1,9.169868184E1,5.350508149E1,4.022215758E0,2.992592028E2,2.118250264E0,3.000000000E0
9.247599250E2,2.619592728E1,9.169864642E1,5.352848167E1,3.819912740E0,2.938164881E2,2.112337751E0,3.000000000E0
9.257599553E2,2.619593829E1,9.169860527E1,5.308863168E1,4.032347760E0,2.885548544E2,2.106720858E0,3.000000000E0
9.267599859E2,2.619594606E1,9.169856335E1,5.301427422E1,4.178524090E0,2.836427006E2,2.101384826E0,3.000000000E0
9.277600163E2,2.619595324E1,9.169852931E1,5.369437024E1,3.801216759E0,2.811553107E2,2.096315592E0,3.000000000E0
9.287600461E2,2.619595723E1,9.169848821E1,5.341007044E1,3.940433064E0,2.772936292E2,2.091499825E0,3.000000000E0
9.297600765E2,2.619596109E1,9.169844929E1,5.360892970E1,3.903766735E0,2.758048129E2,2.086924840E0,3.000000000E0
9.307601068E2,2.619596253E1,9.169841348E1,5.364312320E1,3.691616968E0,2.741659673E2,2.086924852E0,3.000000000E0
9.317601372E2,2.619596143E1,9.169837069E1,5.327840901E1,4.004124750E0,2.707319774E2,2.087738811E0,3.000000000E0
9.327601680E2,2.619596084E1,9.169833503E1,5.351369992E1,3.738649523E0,2.699046113E2,2.095340064E0,3.000000000E0
9.337601983E2,2.619595648E1,9.169829464E1,5.356416050E1,3.958348049E0,2.646256183E2,2.112095269E0,3.000000000E0
9.347602289E2,2.619595811E1,9.169825384E1,5.368116240E1,3.982193755E0,2.706671038E2,2.114813238E0,3.000000000E0
9.357602594E2,2.619595897E1,9.169821293E1,5.342920068E1,3.927336812E0,2.704904962E2,2.103331912E0,3.000000000E0
9.367602890E2,2.619596262E1,9.169817193E1,5.364682205E1,3.990092037E0,2.730244248E2,2.093938104E0,3.000000000E0
9.377603198E2,2.619595965E1,9.169813208E1,5.332563665E1,4.025234222E0,2.678977088E2,2.099509321E0,3.000000000E0
9.387603501E2,2.619596024E1,9.169809246E1,5.368135893E1,3.955779436E0,2.692585285E2,2.091854764E0,3.000000000E0
9.397603798E2,2.619595911E1,9.169805378E1,5.345040783E1,3.825982054E0,2.670329674E2,2.091484169E0,3.000000000E0
9.407604108E2,2.619595413E1,9.169801261E1,5.327330582E1,3.962966141E0,2.634418660E2,2.101638818E0,3.000000000E0
9.417604399E2,2.619594609E1,9.169797308E1,5.297220254E1,3.952645970E0,2.588991586E2,2.125372454E0,3.000000000E0
9.427604704E2,2.619593916E1,9.169793253E1,5.260275481E1,4.005137189E0,2.582109419E2,2.126280952E0,3.000000000E0
9.437605014E2,2.619593172E1,9.169789429E1,5.263965121E1,3.859190592E0,2.589104676E2,2.119265350E0,3.000000000E0
9.447605313E2,2.619592999E1,9.169785107E1,5.272094871E1,4.026097364E0,2.646661688E2,2.129058152E0,3.000000000E0
9.457605609E2,2.619592447E1,9.169781046E1,5.240544311E1,4.041446672E0,2.633801036E2,2.122605255E0,3.000000000E0
9.467605910E2,2.619592217E1,9.169776884E1,5.259448114E1,4.084501613E0,2.656025538E2,2.126083778E0,3.000000000E0
9.477606213E2,2.619592113E1,9.169773196E1,5.240437222E1,3.856165540E0,2.656180372E2,2.119779572E0,3.000000000E0
9.487606517E2,2.619592008E1,9.169769262E1,5.226215171E1,3.863964033E0,2.685441432E2,2.113790610E0,3.000000000E0
9.497606821E2,2.619592096E1,9.169765309E1,5.227612331E1,3.879772747E0,2.718573692E2,2.108101073E0,3.000000000E0
9.507607116E2,2.619591895E1,9.169761214E1,5.215243636E1,4.026810224E0,2.675213369E2,2.102696022E0,3.000000000E0
9.517607424E2,2.619591582E1,9.169757343E1,5.222866047E1,3.902341500E0,2.650815830E2,2.097561228E0,3.000000000E0
9.527607719E2,2.619591349E1,9.169753543E1,5.209019305E1,3.820641194E0,2.651242636E2,2.092683170E0,3.000000000E0
9.537608022E2,2.619591217E1,9.169749611E1,5.208914837E1,3.856185376E0,2.672328261E2,2.093924199E0,3.000000000E0
9.547608327E2,2.619591144E1,9.169746057E1,5.191375513E1,3.683830152E0,2.669544858E2,2.089227993E0,3.000000000E0
9.557608622E2,2.619591025E1,9.169742332E1,5.243720008E1,3.770290117E0,2.663008011E2,2.084766603E0,3.000000000E0
9.567608932E2,2.619590847E1,9.169738419E1,5.238065991E1,3.886317818E0,2.658271915E2,2.080528277E0,3.000000000E0
9.577609235E2,2.619590697E1,9.169734552E1,5.230906781E1,3.940349872E0,2.672453564E2,2.076501860E0,3.000000000E0
9.587609531E2,2.619590350E1,9.169730562E1,5.215876766E1,3.987239329E0,2.653616311E2,2.072676768E0,3.000000000E0
9.597609837E2,2.619590079E1,9.169726500E1,5.220419016E1,4.006775462E0,2.655271201E2,2.069042926E0,3.000000000E0
9.607610132E2,2.619589721E1,9.169722573E1,5.208614241E1,3.905603608E0,2.631994200E2,2.065590786E0,3.000000000E0
9.617610433E2,2.619589487E1,9.169718639E1,5.210583549E1,3.874555883E0,2.647199756E2,2.062311259E0,3.000000000E0
9.627610742E2,2.619589122E1,9.169714577E1,5.214462389E1,3.957711071E0,2.646731426E2,2.059195699E0,3.000000000E0
9.637563658E2,2.619588951E1,9.169710563E1,5.199255722E1,3.976205306E0,2.657958160E2,2.056235901E0,3.000000000E0
9.647563290E2,2.619588466E1,9.169706438E1,5.193530554E1,4.081026515E0,2.641526770E2,2.053424124E0,3.000000000E0
9.657564223E2,2.619587890E1,9.169702360E1,5.209892704E1,4.056410697E0,2.624191384E2,2.050752920E0,3.000000000E0
9.667564609E2,2.619587923E1,9.169698301E1,5.231241725E1,4.008091051E0,2.680390131E2,2.048215261E0,3.000000000E0
9.677564991E2,2.619587917E1,9.169694368E1,5.249720975E1,3.991225668E0,2.684221150E2,2.045804516E0,3.000000000E0
9.687566010E2,2.619587719E1,9.169690010E1,5.273158060E1,4.230245771E0,2.678164337E2,2.057169152E0,3.000000000E0
9.697566354E2,2.619587186E1,9.169686476E1,5.305735865E1,3.848586009E0,2.627808006E2,2.054310699E0,3.000000000E0
9.707566694E2,2.619587280E1,9.169682413E1,5.299620067E1,3.985275698E0,2.672920500E2,2.051595165E0,3.000000000E0
9.717567655E2,2.619586929E1,9.169678688E1,5.289035570E1,3.883926594E0,2.662783621E2,2.049015408E0,3.000000000E0
9.727567905E2,2.619586588E1,9.169674132E1,5.276734537E1,4.294513449E0,2.654097573E2,2.046564647E0,3.000000000E0
9.737568100E2,2.619586053E1,9.169669798E1,5.276769509E1,4.339447871E0,2.633691375E2,2.044236436E0,3.000000000E0
9.747568982E2,2.619585375E1,9.169665302E1,5.296004386E1,4.495951523E0,2.609631996E2,2.042024609E0,3.000000000E0
9.757569124E2,2.619584807E1,9.169661035E1,5.327779148E1,4.395175395E0,2.604052441E2,2.039923396E0,3.000000000E0
9.767569237E2,2.619584181E1,9.169656576E1,5.348848571E1,4.444000895E0,2.606158346E2,2.037927232E0,3.000000000E0
9.777570017E2,2.619584072E1,9.169652230E1,5.360846780E1,4.332827425E0,2.660518703E2,2.036030874E0,3.000000000E0
9.787570781E2,2.619583821E1,9.169647779E1,5.377603728E1,4.483790820E0,2.660783708E2,2.036327577E0,3.000000000E0
9.797571517E2,2.619583228E1,9.169643541E1,5.396819066E1,4.456382621E0,2.629183211E2,2.047960009E0,3.000000000E0
9.807572204E2,2.619582736E1,9.169639356E1,5.395925374E1,4.297892578E0,2.625954779E2,2.045562014E0,3.000000000E0
9.817572885E2,2.619582684E1,9.169634742E1,5.422805412E1,4.491613819E0,2.663241175E2,2.043283922E0,3.000000000E0
9.827573537E2,2.619581936E1,9.169630519E1,5.417525547E1,4.402122497E0,2.626027032E2,2.062608175E0,3.000000000E0
9.837574173E2,2.619581858E1,9.169626321E1,5.442567074E1,4.265060716E0,2.656286480E2,2.059477769E0,3.000000000E0
9.847574781E2,2.619581784E1,9.169621963E1,5.449264137E1,4.285382956E0,2.679755810E2,2.056503885E0,3.000000000E0
9.857575381E2,2.619581822E1,9.169617822E1,5.437200517E1,4.161168293E0,2.705096553E2,2.053678692E0,3.000000000E0
9.867575954E2,2.619581988E1,9.169613958E1,5.440757156E1,3.969756664E0,2.714360067E2,2.050994758E0,3.000000000E0
9.877576502E2,2.619582373E1,9.169610357E1,5.445592915E1,3.776143449E0,2.749128094E2,2.066216379E0,3.000000000E0
9.887577048E2,2.619582421E1,9.169606194E1,5.476755930E1,3.975626276E0,2.735586375E2,2.062905566E0,3.000000000E0
9.897577568E2,2.619582949E1,9.169602254E1,5.492311846E1,4.044849083E0,2.769422941E2,2.078566042E0,3.000000000E0
9.907578085E2,2.619583968E1,9.169598625E1,5.531928644E1,3.932408653E0,2.847417466E2,2.077630420E0,3.000000000E0
9.917578579E2,2.619584986E1,9.169594742E1,5.520266535E1,4.004744423E0,2.859995790E2,2.073748929E0,3.000000000E0
9.927579069E2,2.619586302E1,9.169590880E1,5.503068206E1,4.023029090E0,2.889604801E2,2.073748907E0,3.000000000E0
9.937579539E2,2.619587975E1,9.169587193E1,5.514533393E1,4.071984416E0,2.956742710E2,2.059203594E0,3.000000000E0
9.947580004E2,2.619589950E1,9.169583770E1,5.513625064E1,4.017608301E0,3.012616123E2,2.070999390E0,3.000000000E0
9.957580460E2,2.619592318E1,9.169580501E1,5.490257787E1,4.043208006E0,3.064579375E2,2.104765672E0,3.000000000E0
9.967580905E2,2.619594302E1,9.169577113E1,5.494530299E1,3.953514758E0,3.046572926E2,2.175612282E0,3.000000000E0
9.977581335E2,2.619596154E1,9.169573673E1,5.498017520E1,3.978846932E0,3.031231783E2,2.156099798E0,3.000000000E0
9.987581767E2,2.619598329E1,9.169570497E1,5.479805252E1,3.930198459E0,3.054070262E2,2.201199066E0,3.000000000E0
9.997582184E2,2.619600156E1,9.169567109E1,5.483397673E1,3.916825778E0,3.029000296E2,2.216731705E0,3.000000000E0
1.000758259E3,2.619602214E1,9.169563917E1,5.467448854E1,3.885504322E0,3.041895808E2,2.226140992E0,3.000000000E0
1.001758300E3,2.619604603E1,9.169560875E1,5.458008283E1,3.941994391E0,3.086734201E2,2.208745528E0,3.000000000E0
1.002758339E3,2.619607198E1,9.169557949E1,5.450138572E1,4.021390314E0,3.115826927E2,2.193835132E0,3.000000000E0
1.003758379E3,2.619609846E1,9.169555330E1,5.454412040E1,3.973313523E0,3.150282526E2,2.180912788E0,3.000000000E0
1.004758417E3,2.619612275E1,9.169552551E1,5.445192397E1,3.868378674E0,3.143495967E2,2.178729331E0,3.000000000E0
1.005758455E3,2.619614446E1,9.169549548E1,5.437629002E1,3.831409922E0,3.119875270E2,2.168215841E0,3.000000000E0
1.006758493E3,2.619616809E1,9.169546669E1,5.425636417E1,3.866741720E0,3.125811395E2,2.173736068E0,3.000000000E0
1.007758531E3,2.619619294E1,9.169543939E1,5.411737686E1,3.855106489E0,3.142739258E2,2.164592060E0,3.000000000E0
1.008758567E3,2.619621634E1,9.169541357E1,5.395459804E1,3.740083952E0,3.141138632E2,2.156362456E0,3.000000000E0
1.009758604E3,2.619623505E1,9.169538115E1,5.390611790E1,3.746498838E0,3.073539603E2,2.148544331E0,3.000000000E0
1.010758639E3,2.619625341E1,9.169535054E1,5.392375603E1,3.692512726E0,3.049242838E2,2.141117115E0,3.000000000E0
1.011758675E3,2.619627251E1,9.169531872E1,5.378440643E1,3.681432449E0,3.048249141E2,2.134061258E0,3.000000000E0
1.012758710E3,2.619629024E1,9.169528813E1,5.386061521E1,3.508618656E0,3.036055142E2,2.132781051E0,3.000000000E0
1.013758745E3,2.619630589E1,9.169525682E1,5.394048248E1,3.375064749E0,3.010202652E2,2.126141997E0,3.000000000E0
1.014758780E3,2.619631540E1,9.169522322E1,5.401483609E1,3.329733209E0,2.933536138E2,2.135192691E0,3.000000000E0
1.015758814E3,2.619632131E1,9.169518507E1,5.423120923E1,3.593056796E0,2.868789727E2,2.128433062E0,3.000000000E0
1.016758848E3,2.619632405E1,9.169514976E1,5.438112181E1,3.507058425E0,2.814283165E2,2.137662477E0,3.000000000E0
1.017758881E3,2.619632142E1,9.169511274E1,5.431857853E1,3.544954613E0,2.738103694E2,2.136192551E0,3.000000000E0
1.018319341E3,2.619624381E1,9.169478037E1,5.092833581E1,3.106561981E0,2.559528516E2,3.059501400E1,3.342858905E1
1.020741799E3,2.619603816E1,9.169449644E1,5.712891656E1,NaN,NaN,3.600000000E1,3.000000000E1
1.020745472E3,2.619603816E1,9.169449644E1,5.712891656E1,NaN,NaN,2.545586312E1,3.000000000E1
1.020748572E3,2.619603816E1,9.169449644E1,5.712891656E1,NaN,NaN,2.545591156E1,3.000000000E1
1.020751438E3,2.619603816E1,9.169449644E1,5.712891656E1,NaN,NaN,2.545595735E1,3.000000000E1
1.020754223E3,2.619603816E1,9.169449644E1,5.712891656E1,NaN,NaN,2.545600010E1,3.000000000E1
1.020756933E3,2.619603816E1,9.169449644E1,5.712891656E1,NaN,NaN,2.545605930E1,3.000000000E1
1.020760115E3,2.619603816E1,9.169449644E1,5.712891656E1,NaN,NaN,2.545610261E1,3.000000000E1
1.020762814E3,2.619603816E1,9.169449644E1,5.712891656E1,NaN,NaN,2.545616855E1,3.000000000E1
1.020766136E3,2.619603816E1,9.169449644E1,5.712891656E1,NaN,NaN,2.545622281E1,3.000000000E1
1.020769185E3,2.619603816E1,9.169449644E1,5.712891656E1,NaN,NaN,2.545626450E1,3.000000000E1
1.020771860E3,2.619603816E1,9.169449644E1,5.712891656E1,NaN,NaN,2.545631708E1,3.000000000E1
1.020774835E3,2.619603816E1,9.169449644E1,5.712891656E1,NaN,NaN,2.545637665E1,3.000000000E1
1.020778050E3,2.619603816E1,9.169449644E1,5.712891656E1,NaN,NaN,2.545643193E1,3.000000000E1
1.020781063E3,2.619603816E1,9.169449644E1,5.712891656E1,NaN,NaN,2.545651655E1,3.000000000E1
1.020784860E3,2.619603816E1,9.169449644E1,5.712891656E1,NaN,NaN,2.545657334E1,3.000000000E1
1.020787989E3,2.619603816E1,9.169449644E1,5.712891656E1,NaN,NaN,2.545665104E1,3.000000000E1
1.021123757E3,2.619603816E1,9.169449644E1,5.712891656E1,NaN,NaN,2.609259633E1,3.000000000E1
1.021630277E3,2.619610336E1,9.169466238E1,5.228616643E1,2.606507540E0,NaN,6.169378054E0,1.542489147E1
1.022630310E3,2.619605449E1,9.169461332E1,5.579782843E1,3.587173939E0,2.275997709E2,7.489895238E0,3.000000000E0
1.023630342E3,2.619601416E1,9.169457236E1,5.558150402E1,3.341585398E0,2.242993416E2,6.342862716E0,3.000000000E0
1.024630328E3,2.619598517E1,9.169455264E1,5.569580922E1,3.341585398E0,2.352171257E2,5.751222954E0,3.000000000E0
1.025630359E3,2.619596947E1,9.169453471E1,5.543560692E1,3.141618967E0,2.427836366E2,5.446155628E0,3.000000000E0
1.026485385E3,2.619596697E1,9.169451622E1,5.563979297E1,3.141618967E0,2.403636186E2,4.986931191E0,3.000000000E0
1.027482709E3,2.619597000E1,9.169449596E1,5.572634683E1,3.141618967E0,2.438025916E2,4.815011329E0,3.000000000E0
1.028482677E3,2.619595720E1,9.169447101E1,5.557427875E1,3.230767250E0,2.521893808E2,4.665152090E0,3.000000000E0
1.029482734E3,2.619594828E1,9.169444124E1,5.535041884E1,3.543551445E0,2.648454755E2,4.299914969E0,3.000000000E0
1.030482736E3,2.619594556E1,9.169441243E1,5.540250467E1,3.877151728E0,2.641604075E2,3.827554132E0,3.000000000E0
1.031482738E3,2.619594452E1,9.169437384E1,5.554783240E1,3.877151728E0,2.676594588E2,3.632521040E0,3.000000000E0
1.032482809E3,2.619594746E1,9.169433707E1,5.522169695E1,3.806782246E0,2.833231589E2,3.359319214E0,3.000000000E0
1.033482813E3,2.619596128E1,9.169430208E1,5.519948160E1,3.564182997E0,2.896351826E2,3.099217682E0,3.000000000E0
1.034482813E3,2.619597209E1,9.169426849E1,5.519948165E1,3.564182997E0,2.896351678E2,4.748651530E0,3.677303531E0
1.035482880E3,2.619599282E1,9.169423343E1,5.516750083E1,3.584398985E0,2.958320351E2,4.748651530E0,3.991777516E0
1.036482882E3,2.619601375E1,9.169420232E1,5.510803815E1,3.702409029E0,2.978801354E2,4.748651530E0,4.157138817E0
1.037482880E3,2.619603800E1,9.169417374E1,5.505618760E1,3.702409029E0,3.065061465E2,4.748651530E0,4.341253161E0
1.038482948E3,2.619606099E1,9.169414259E1,5.513223396E1,3.742943048E0,3.077154453E2,4.748651530E0,4.580286320E0
1.039482946E3,2.619608310E1,9.169411573E1,5.518800720E1,3.669286728E0,3.103024484E2,4.748651530E0,4.444938180E0
1.040482940E3,2.619611219E1,9.169409847E1,5.523472351E1,3.702668428E0,3.221499056E2,4.748651530E0,3.924435174E0
1.041483003E3,2.619614362E1,9.169408715E1,5.522426056E1,3.669286728E0,3.340643540E2,4.748651530E0,3.884958846E0
1.042483066E3,2.619617309E1,9.169407969E1,5.528542466E1,3.552726030E0,3.403512444E2,4.748651530E0,8.059164217E0
1.043483128E3,2.619620220E1,9.169408052E1,5.540043110E1,3.350607634E0,3.503074500E2,4.748651530E0,8.630501787E0
1.044483187E3,2.619623619E1,9.169408040E1,5.531070865E1,3.469831705E0,3.561482741E2,4.748651530E0,9.120435871E0
1.045483245E3,2.619626726E1,9.169408516E1,5.539463817E1,3.469831705E0,5.864145858E-1,4.748651530E0,9.588604846E0
1.046483301E3,2.619629841E1,9.169408346E1,5.561819637E1,3.469831705E0,3.582722449E2,4.748651530E0,9.964955637E0
1.047483354E3,2.619632282E1,9.169408577E1,5.588021637E1,3.441218853E0,3.592318048E2,4.748651530E0,5.258744266E0
1.048483407E3,2.619635211E1,9.169408533E1,5.619570988E1,3.463115692E0,3.586912088E2,4.748651530E0,6.290943730E0
1.049483458E3,2.619637786E1,9.169408855E1,5.659126322E1,3.441218853E0,6.642465317E-1,4.748651530E0,4.995907819E0
1.050483508E3,2.619640809E1,9.169408801E1,5.672747630E1,3.376240253E0,3.591961785E2,4.748651530E0,4.790354357E0
1.051483557E3,2.619644645E1,9.169407746E1,5.644023163E1,3.697143316E0,3.536818647E2,4.748651530E0,5.756659952E0
1.052483604E3,2.619648651E1,9.169406505E1,5.645466436E1,3.697143316E0,3.482826259E2,4.748651530E0,6.582556129E0
1.053483651E3,2.619652588E1,9.169405386E1,5.661731871E1,3.697143316E0,3.482592394E2,4.748651530E0,4.823665747E0
1.054483696E3,2.619656806E1,9.169404485E1,5.581068531E1,3.813130594E0,3.422386042E2,1.999999998E0,3.000000000E0
1.055483741E3,2.619660419E1,9.169402771E1,5.561896530E1,4.019171193E0,3.362054928E2,1.999999999E0,3.000000000E0
1.056483784E3,2.619663935E1,9.169400113E1,5.557872142E1,4.096315942E0,3.322717414E2,2.005686540E0,3.000000000E0
1.057483827E3,2.619666637E1,9.169396684E1,5.566549724E1,4.197808446E0,3.242797243E2,2.004264908E0,3.000000000E0
1.058483868E3,2.619668899E1,9.169393218E1,5.555901269E1,4.302338552E0,3.152754397E2,2.003411935E0,3.000000000E0
1.059483910E3,2.619671570E1,9.169390193E1,5.564336827E1,4.308640304E0,3.148051903E2,2.002843283E0,3.000000000E0
1.060483950E3,2.619673998E1,9.169386956E1,5.568794910E1,4.284795263E0,3.125958826E2,2.106839153E0,3.000000000E0
1.061483990E3,2.619676099E1,9.169383690E1,5.528058276E1,4.032723816E0,3.087666546E2,2.107611933E0,3.000000000E0
1.062484029E3,2.619678657E1,9.169380834E1,5.541970574E1,3.914029855E0,3.110898281E2,2.149845987E0,3.000000000E0
1.063484068E3,2.619681511E1,9.169378013E1,5.525704481E1,4.007318858E0,3.149274701E2,2.203833061E0,3.000000000E0
1.064484106E3,2.619683608E1,9.169374688E1,5.501342106E1,3.939248327E0,3.091623007E2,2.213841243E0,3.000000000E0
1.065484144E3,2.619686094E1,9.169371462E1,5.471873495E1,3.948917658E0,3.097315167E2,2.207376512E0,3.000000000E0
1.066484181E3,2.619688490E1,9.169367872E1,5.413612867E1,4.015813407E0,3.074387122E2,2.213065830E0,3.000000000E0
1.067484217E3,2.619691371E1,9.169364586E1,5.389947252E1,4.121290750E0,3.104505300E2,2.197846839E0,3.000000000E0
1.068484255E3,2.619694001E1,9.169361076E1,5.390770426E1,4.175670652E0,3.089261377E2,2.184657050E0,3.000000000E0
1.069484290E3,2.619696393E1,9.169357690E1,5.360186955E1,4.132770481E0,3.076722113E2,2.173115987E0,3.000000000E0
1.070484325E3,2.619698544E1,9.169354371E1,5.335655153E1,4.008284679E0,3.067153314E2,2.162932692E0,3.000000000E0
1.071484361E3,2.619700587E1,9.169350942E1,5.270032617E1,3.954915783E0,3.047495158E2,2.187719099E0,3.000000000E0
1.072484396E3,2.619702814E1,9.169347076E1,5.269929313E1,4.183091707E0,3.039848312E2,2.179945518E0,3.000000000E0
1.073484430E3,2.619705398E1,9.169343862E1,5.263911558E1,4.137786167E0,3.081497412E2,2.174482718E0,3.000000000E0
1.074484465E3,2.619708086E1,9.169340482E1,5.275393147E1,4.169909743E0,3.091120832E2,2.168163258E0,3.000000000E0
1.075484498E3,2.619710498E1,9.169336924E1,5.263598046E1,4.247133986E0,3.080080187E2,2.159755096E0,3.000000000E0
1.076484533E3,2.619712940E1,9.169333725E1,5.257822614E1,4.150401961E0,3.091112738E2,2.151767341E0,3.000000000E0
1.077484566E3,2.619715620E1,9.169330586E1,5.236093912E1,4.152693104E0,3.114704378E2,2.144897130E0,3.000000000E0
1.078484600E3,2.619718309E1,9.169327472E1,5.252707770E1,4.208049296E0,3.134775520E2,2.137652279E0,3.000000000E0
1.079484632E3,2.619720852E1,9.169324201E1,5.257526923E1,4.264180716E0,3.123873711E2,2.130769667E0,3.000000000E0
1.080484665E3,2.619723575E1,9.169321155E1,5.250525773E1,4.271103692E0,3.145206589E2,2.124231187E0,3.000000000E0
1.081484699E3,2.619726082E1,9.169318130E1,5.239359370E1,4.146074183E0,3.135592599E2,2.118308237E0,3.000000000E0
1.082484731E3,2.619728442E1,9.169314731E1,5.224724490E1,4.214809012E0,3.085947675E2,2.112392835E0,3.000000000E0
1.083484763E3,2.619729617E1,9.169310689E1,5.222457938E1,4.175449298E0,2.929315536E2,2.106773220E0,3.000000000E0
1.084484796E3,2.619729939E1,9.169306910E1,5.226706201E1,3.915720597E0,2.805780268E2,2.101434581E0,3.000000000E0
1.085484828E3,2.619729765E1,9.169302500E1,5.259884832E1,4.232766806E0,2.715361102E2,2.099946164E0,3.000000000E0
1.086484860E3,2.619728768E1,9.169298495E1,5.244983507E1,4.226393866E0,2.602021353E2,2.094948861E0,3.000000000E0
1.087484891E3,2.619727759E1,9.169294458E1,5.265351445E1,4.231701197E0,2.572668007E2,2.097685817E0,3.000000000E0
1.088484924E3,2.619726797E1,9.169290941E1,5.235074177E1,3.895939818E0,2.525663682E2,2.092801521E0,3.000000000E0
1.089484955E3,2.619725731E1,9.169286961E1,5.263975277E1,4.082283207E0,2.527749500E2,2.088161481E0,3.000000000E0
1.090484987E3,2.619724607E1,9.169283355E1,5.271980942E1,3.976018078E0,2.510861625E2,2.112259315E0,3.000000000E0
1.091485018E3,2.619722776E1,9.169279606E1,5.270226744E1,4.129386293E0,2.463785643E2,2.106646394E0,3.000000000E0
1.092485050E3,2.619721321E1,9.169275746E1,5.285261202E1,4.163465495E0,2.475537322E2,2.150290170E0,3.000000000E0
1.093485081E3,2.619720513E1,9.169272307E1,5.346502865E1,3.782876899E0,2.519812135E2,2.179309047E0,3.000000000E0
1.094485112E3,2.619719847E1,9.169268323E1,5.382140980E1,3.968519839E0,2.557854996E2,2.205287947E0,3.000000000E0
1.095485144E3,2.619719537E1,9.169264682E1,5.412655472E1,3.846236972E0,2.583286542E2,2.248711834E0,3.000000000E0
1.096485175E3,2.619718333E1,9.169260676E1,5.419108952E1,4.030994797E0,2.540209749E2,2.273792609E0,3.000000000E0
1.097485206E3,2.619717271E1,9.169256914E1,5.448203884E1,3.993189258E0,2.523670879E2,2.262838718E0,3.000000000E0
1.098485237E3,2.619715943E1,9.169253333E1,5.453746606E1,3.880731010E0,2.494524261E2,2.249696786E0,3.000000000E0
1.099485268E3,2.619714993E1,9.169249910E1,5.491395940E1,3.645186175E0,2.502429081E2,2.249951352E0,3.000000000E0
1.100485299E3,2.619713862E1,9.169245523E1,5.489506380E1,4.027789212E0,2.518955511E2,2.237552086E0,3.000000000E0
1.101485329E3,2.619713330E1,9.169241782E1,5.526533805E1,3.867161544E0,2.562785944E2,2.265925015E0,3.000000000E0
1.102485360E3,2.619712362E1,9.169237802E1,5.530857472E1,3.997028849E0,2.557864096E2,2.252628776E0,3.000000000E0
1.103485392E3,2.619711863E1,9.169233953E1,5.548395059E1,4.003546769E0,2.603484607E2,2.244877902E0,3.000000000E0
1.104485421E3,2.619711588E1,9.169229827E1,5.535618155E1,4.090820087E0,2.627314997E2,2.290900820E0,3.000000000E0
1.105485452E3,2.619711562E1,9.169226709E1,5.641675783E1,3.543423795E0,2.681339626E2,2.276355770E0,3.000000000E0
1.106485483E3,2.619710757E1,9.169222652E1,5.591402333E1,3.757891557E0,2.622767241E2,2.264621485E0,3.000000000E0
1.107485514E3,2.619710344E1,9.169218437E1,5.579730527E1,3.988080416E0,2.625394365E2,2.251390468E0,3.000000000E0
1.108485544E3,2.619709748E1,9.169214083E1,5.612353316E1,4.228591791E0,2.625514875E2,2.238820922E0,3.000000000E0
1.109485575E3,2.619709667E1,9.169210604E1,5.628902452E1,3.740017469E0,2.642849644E2,2.226879867E0,3.000000000E0
1.110485605E3,2.619709265E1,9.169206205E1,5.590499260E1,4.042660303E0,2.640088783E2,2.215535901E0,3.000000000E0
1.111485637E3,2.619708625E1,9.169202208E1,5.584391417E1,3.930855325E0,2.615146864E2,2.204759069E0,3.000000000E0
1.112485666E3,2.619708197E1,9.169198199E1,5.565877782E1,3.888758258E0,2.619107509E2,2.194521153E0,3.000000000E0
1.113485697E3,2.619707172E1,9.169194220E1,5.588645038E1,4.000218375E0,2.546929666E2,2.184795082E0,3.000000000E0
1.114485727E3,2.619705675E1,9.169190586E1,5.600524856E1,3.982604075E0,2.459889812E2,2.175555344E0,3.000000000E0
1.115485757E3,2.619703932E1,9.169187719E1,5.580904211E1,3.482865526E0,2.387039080E2,2.167685746E0,3.000000000E0
1.116485788E3,2.619700807E1,9.169184550E1,5.508638802E1,3.996503563E0,2.259271194E2,2.163244184E0,3.000000000E0
1.117485818E3,2.619698584E1,9.169181472E1,5.497262264E1,3.916030740E0,2.272554704E2,2.155081955E0,3.000000000E0
1.118485849E3,2.619695683E1,9.169179164E1,5.499438622E1,3.855800997E0,2.197989313E2,2.147327852E0,3.000000000E0
1.119485879E3,2.619693296E1,9.169176215E1,5.457573914E1,3.834191690E0,2.225093618E2,2.155555092E0,3.000000000E0
1.120485910E3,2.619691338E1,9.169172517E1,5.487991001E1,4.010807058E0,2.336235691E2,2.147777331E0,3.000000000E0
1.121485940E3,2.619689833E1,9.169168934E1,5.449569150E1,3.825438862E0,2.417578625E2,2.154760209E0,3.000000000E0
1.122485970E3,2.619688918E1,9.169164211E1,5.448186760E1,4.184896512E0,2.553820733E2,2.180396624E0,3.000000000E0
1.123486000E3,2.619688712E1,9.169160262E1,5.447762281E1,3.994550634E0,2.645419614E2,2.205210272E0,3.000000000E0
1.124486031E3,2.619688906E1,9.169155873E1,5.426706764E1,4.082195220E0,2.714379131E2,2.217737685E0,3.000000000E0
1.125486061E3,2.619689297E1,9.169151544E1,5.413559186E1,4.188381507E0,2.746783631E2,2.209333149E0,3.000000000E0
1.126486091E3,2.619689573E1,9.169147293E1,5.385456043E1,4.175103830E0,2.744004513E2,2.227617362E0,3.000000000E0
1.127486121E3,2.619689745E1,9.169142846E1,5.388047980E1,4.304910089E0,2.727270304E2,2.230016888E0,3.000000000E0
1.128486152E3,2.619689466E1,9.169138370E1,5.377982901E1,4.381268710E0,2.679594400E2,2.232800193E0,3.000000000E0
1.129486182E3,2.619688759E1,9.169134082E1,5.368657316E1,4.316567949E0,2.625997035E2,2.239480745E0,3.000000000E0
1.130486212E3,2.619687534E1,9.169129680E1,5.356828079E1,4.471737016E0,2.559061061E2,2.227506723E0,3.000000000E0
1.131486242E3,2.619686584E1,9.169125780E1,5.345536589E1,4.238481274E0,2.554478182E2,2.222446121E0,3.000000000E0
1.132486272E3,2.619685537E1,9.169121493E1,5.351055241E1,4.311239190E0,2.553202258E2,2.211793875E0,3.000000000E0
1.133486302E3,2.619684660E1,9.169117408E1,5.350063546E1,4.271623164E0,2.565242613E2,2.208558889E0,3.000000000E0
1.134486333E3,2.619683257E1,9.169113517E1,5.392579393E1,4.195906189E0,2.507729572E2,2.198130967E0,3.000000000E0
1.135486363E3,2.619682056E1,9.169109185E1,5.382057260E1,4.432813734E0,2.522496226E2,2.188224445E0,3.000000000E0
1.136486393E3,2.619681404E1,9.169105167E1,5.383298049E1,4.276333720E0,2.577422650E2,2.178813225E0,3.000000000E0
1.137486423E3,2.619680513E1,9.169100445E1,5.300808327E1,4.541101108E0,2.589357914E2,2.203089792E0,3.000000000E0
1.138486454E3,2.619679334E1,9.169095850E1,5.325084304E1,4.698756719E0,2.565111670E2,2.194626958E0,3.000000000E0
1.139486484E3,2.619678111E1,9.169091025E1,5.264980126E1,4.890692051E0,2.552469441E2,2.184895638E0,3.000000000E0
1.140486514E3,2.619676792E1,9.169087292E1,5.284500683E1,4.398310752E0,2.515751143E2,2.175650833E0,3.000000000E0
1.141486544E3,2.619675421E1,9.169083344E1,5.317359235E1,4.256781716E0,2.508222437E2,2.166868280E0,3.000000000E0
1.142486574E3,2.619674285E1,9.169079258E1,5.303218281E1,4.218205315E0,2.524193953E2,2.165784501E0,3.000000000E0
1.143486604E3,2.619674139E1,9.169075565E1,5.300683344E1,3.828815616E0,2.612766511E2,2.161400742E0,3.000000000E0
1.144486634E3,2.619672679E1,9.169071470E1,5.255755602E1,4.003945207E0,2.537588318E2,2.179043715E0,3.000000000E0
1.145486665E3,2.619671469E1,9.169067720E1,5.270655523E1,3.907063026E0,2.514772403E2,2.212571610E0,3.000000000E0
1.146486694E3,2.619670516E1,9.169064282E1,5.205669821E1,3.678023616E0,2.528927604E2,2.235877590E0,3.000000000E0
1.147486725E3,2.619670006E1,9.169060810E1,5.225530506E1,3.500753516E0,2.593645928E2,2.226870120E0,3.000000000E0
1.148486755E3,2.619669071E1,9.169057146E1,5.201313650E1,3.574499006E0,2.575574100E2,2.230907310E0,3.000000000E0
1.149486785E3,2.619667754E1,9.169052966E1,5.235456899E1,4.027863595E0,2.534311570E2,2.219361958E0,3.000000000E0
1.150486816E3,2.619666699E1,9.169049147E1,5.252842777E1,3.969099247E0,2.539262210E2,2.208393840E0,3.000000000E0
1.151486846E3,2.619665456E1,9.169045045E1,5.213887027E1,4.007524443E0,2.518945530E2,2.219579640E0,3.000000000E0
1.152481763E3,2.619664467E1,9.169040974E1,5.223866213E1,3.976939563E0,2.540248552E2,2.208600658E0,3.000000000E0
1.153481728E3,2.619663499E1,9.169036556E1,5.226036246E1,4.095541468E0,2.556998721E2,2.198170627E0,3.000000000E0
1.154481841E3,2.619662594E1,9.169032642E1,5.238200281E1,3.965105100E0,2.563880333E2,2.199593044E0,3.000000000E0
1.155481905E3,2.619661682E1,9.169028838E1,5.244268542E1,3.829867685E0,2.556364900E2,2.189613393E0,3.000000000E0
1.156481970E3,2.619660711E1,9.169025227E1,5.208623322E1,3.752827173E0,2.538069148E2,2.196349267E0,3.000000000E0
1.157482094E3,2.619659915E1,9.169021544E1,5.281103989E1,3.778052059E0,2.552202333E2,2.200228298E0,3.000000000E0
1.158482153E3,2.619658715E1,9.169017602E1,5.269921773E1,4.000481101E0,2.529585309E2,2.190216896E0,3.000000000E0
1.159482205E3,2.619657641E1,9.169013920E1,5.260841720E1,3.852352775E0,2.529993702E2,2.188389008E0,3.000000000E0
1.160482322E3,2.619656539E1,9.169009722E1,5.249901606E1,4.093658939E0,2.533040097E2,2.178969554E0,3.000000000E0
1.161482369E3,2.619655819E1,9.169005813E1,5.271326781E1,3.967154078E0,2.575784465E2,2.170021078E0,3.000000000E0
1.162482415E3,2.619654481E1,9.169001616E1,5.230170703E1,4.169514696E0,2.537236582E2,2.172045567E0,3.000000000E0
1.163482517E3,2.619653567E1,9.168997557E1,5.260034393E1,4.145587558E0,2.545712204E2,2.163443272E0,3.000000000E0
1.164482551E3,2.619652760E1,9.168993333E1,5.286330387E1,4.177832497E0,2.562304601E2,2.155271131E0,3.000000000E0
1.165482585E3,2.619651454E1,9.168989626E1,5.295888943E1,4.041763143E0,2.517333844E2,2.147507566E0,3.000000000E0
1.166482676E3,2.619650543E1,9.168986520E1,5.226791529E1,3.497717583E0,2.515734151E2,2.169603757E0,3.000000000E0
1.167482762E3,2.619649817E1,9.168982375E1,5.292938892E1,3.886028668E0,2.560368556E2,2.161123581E0,3.000000000E0
1.168482845E3,2.619648641E1,9.168978864E1,5.290039797E1,3.737912534E0,2.528789849E2,2.153067411E0,3.000000000E0
1.169482925E3,2.619647128E1,9.168975209E1,5.281780632E1,3.820544824E0,2.491190813E2,2.170626570E0,3.000000000E0
1.170483001E3,2.619646181E1,9.168971840E1,5.301200378E1,3.638136975E0,2.509616002E2,2.162095250E0,3.000000000E0
1.171483075E3,2.619645201E1,9.168968358E1,5.294245350E1,3.606343460E0,2.524477033E2,2.153990481E0,3.000000000E0
1.172483146E3,2.619644086E1,9.168964945E1,5.310825922E1,3.598522139E0,2.520094890E2,2.146290967E0,3.000000000E0
1.173483214E3,2.619643042E1,9.168961682E1,5.350413118E1,3.511456792E0,2.518210627E2,2.138976422E0,3.000000000E0
1.174483280E3,2.619641818E1,9.168958348E1,5.306247207E1,3.525303180E0,2.492652352E2,2.167011882E0,3.000000000E0
1.175483344E3,2.619641234E1,9.168954925E1,5.320197382E1,3.447819563E0,2.543597099E2,2.189428073E0,3.000000000E0
1.176483405E3,2.619640407E1,9.168951561E1,5.305378206E1,3.427447993E0,2.551086558E2,2.186590677E0,3.000000000E0
1.177483465E3,2.619639221E1,9.168947942E1,5.310941570E1,3.630096011E0,2.518964850E2,2.179469733E0,3.000000000E0
1.178483523E3,2.619638085E1,9.168944418E1,5.335950802E1,3.700873302E0,2.508541416E2,2.215780948E0,3.000000000E0
1.179483579E3,2.619636888E1,9.168941097E1,5.366843918E1,3.596437518E0,2.489139552E2,2.204991903E0,3.000000000E0
1.180483634E3,2.619635758E1,9.168937377E1,5.392892574E1,3.776172751E0,2.497616308E2,2.194742332E0,3.000000000E0
1.181483686E3,2.619634208E1,9.168933965E1,5.446102628E1,3.780775841E0,2.460981019E2,2.208353902E0,3.000000000E0
1.182483738E3,2.619633634E1,9.168930578E1,5.504144737E1,3.496365179E0,2.530124527E2,2.203920419E0,3.000000000E0
1.183483788E3,2.619632107E1,9.168926932E1,5.442303730E1,3.636684518E0,2.479122424E2,2.208548855E0,3.000000000E0
1.184483837E3,2.619630760E1,9.168923745E1,5.448361888E1,3.504929749E0,2.448076324E2,2.198121394E0,3.000000000E0
1.185483885E3,2.619628804E1,9.168920952E1,5.492254702E1,3.499749772E0,2.374844310E2,2.206498929E0,3.000000000E0
1.186483932E3,2.619626721E1,9.168918159E1,5.424297561E1,3.452857616E0,2.328595791E2,2.201412694E0,3.000000000E0
1.187483977E3,2.619624735E1,9.168915006E1,5.413434419E1,3.618195558E0,2.324204083E2,2.212044401E0,3.000000000E0
1.188484021E3,2.619622530E1,9.168912804E1,5.455405222E1,3.342377599E0,2.242160496E2,2.202437682E0,3.000000000E0
1.189484066E3,2.619619867E1,9.168911451E1,5.464170440E1,3.160728517E0,2.105692559E2,2.192315793E0,3.000000000E0
1.190484108E3,2.619616777E1,9.168910326E1,5.467040641E1,3.323308324E0,2.021400920E2,2.191419588E0,3.000000000E0
1.191484150E3,2.619613736E1,9.168909580E1,5.481968061E1,3.396497991E0,1.959844970E2,2.181848601E0,3.000000000E0
1.192484191E3,2.619610647E1,9.168909041E1,5.504159254E1,3.443718507E0,1.911580569E2,2.172756172E0,3.000000000E0
1.193484233E3,2.619607713E1,9.168908827E1,5.467841280E1,3.273803987E0,1.864079039E2,2.164118357E0,3.000000000E0
1.194484272E3,2.619604522E1,9.168908262E1,5.490364798E1,3.349385210E0,1.874736804E2,2.159393409E0,3.000000000E0
1.195484312E3,2.619601053E1,9.168908060E1,5.507014067E1,3.622889821E0,1.849387463E2,2.151423746E0,3.000000000E0
1.196484351E3,2.619597795E1,9.168908090E1,5.514274969E1,3.632855463E0,1.821189962E2,2.162881952E0,3.000000000E0
1.197484389E3,2.619594514E1,9.168907824E1,5.504765061E1,3.655680677E0,1.831077645E2,2.154737857E0,3.000000000E0
1.198484427E3,2.619591273E1,9.168907578E1,5.490773657E1,3.624191575E0,1.830162692E2,2.147000967E0,3.000000000E0
1.199484464E3,2.619588019E1,9.168907402E1,5.503174851E1,3.605759028E0,1.817463513E2,2.164153978E0,3.000000000E0
1.200484500E3,2.619584645E1,9.168907891E1,5.447058466E1,3.560191015E0,1.779569573E2,2.155946276E0,3.000000000E0
1.201484537E3,2.619581582E1,9.168908189E1,5.449194453E1,3.385660688E0,1.765927514E2,2.148148956E0,3.000000000E0
1.202484573E3,2.619578510E1,9.168908144E1,5.435140768E1,3.323127590E0,1.785478384E2,2.140741507E0,3.000000000E0
1.203484609E3,2.619575605E1,9.168908121E1,5.470452457E1,3.200677524E0,1.793548917E2,2.133704434E0,3.000000000E0
1.204484644E3,2.619572767E1,9.168908132E1,5.484620211E1,3.092374553E0,1.791757822E2,2.127019213E0,3.000000000E0
1.205484679E3,2.619569767E1,9.168908302E1,5.492012067E1,3.098955962E0,1.784846854E2,2.120668251E0,3.000000000E0
1.206484714E3,2.619566569E1,9.168908359E1,5.457484907E1,3.242009086E0,1.791112646E2,2.130064509E0,3.000000000E0
1.207484748E3,2.619563689E1,9.168908554E1,5.459233901E1,3.215196565E0,1.779730187E2,2.123561286E0,3.000000000E0
1.208484782E3,2.619560916E1,9.168908550E1,5.475588878E1,3.164001221E0,1.786295510E2,2.117383217E0,3.000000000E0
1.209484816E3,2.619557844E1,9.168908679E1,5.468131586E1,3.176600371E0,1.777599651E2,2.111514062E0,3.000000000E0
1.210484850E3,2.619554703E1,9.168909427E1,5.486170177E1,3.231216097E0,1.728039263E2,2.105938362E0,3.000000000E0
1.211484882E3,2.619551615E1,9.168909870E1,5.477411387E1,3.159539359E0,1.732092134E2,2.101072536E0,3.000000000E0
1.212484915E3,2.619548034E1,9.168909936E1,5.473397479E1,3.562480725E0,1.768499626E2,2.096018913E0,3.000000000E0
1.213484949E3,2.619544295E1,9.168909498E1,5.464751084E1,3.901928991E0,1.827934638E2,2.091217968E0,3.000000000E0
1.214484982E3,2.619540678E1,9.168908404E1,5.476347596E1,4.024278697E0,1.903593813E2,2.086657069E0,3.000000000E0
1.215485015E3,2.619537226E1,9.168906965E1,5.495032594E1,3.998714707E0,1.961176933E2,2.082324216E0,3.000000000E0
1.216485046E3,2.619533898E1,9.168905758E1,5.531787743E1,3.866985319E0,1.976425356E2,2.078208007E0,3.000000000E0
1.217485079E3,2.619530914E1,9.168904626E1,5.548285570E1,3.575987777E0,1.982507385E2,2.074297604E0,3.000000000E0
1.218485112E3,2.619527949E1,9.168903406E1,5.549150366E1,3.530311805E0,2.004197809E2,2.073715211E0,3.000000000E0
1.219485143E3,2.619525197E1,9.168901301E1,5.568017098E1,3.594313844E0,2.083507706E2,2.070029448E0,3.000000000E0
1.220485175E3,2.619522586E1,9.168899219E1,5.565709609E1,3.500585824E0,2.129771316E2,2.066527972E0,3.000000000E0
1.221485207E3,2.619520421E1,9.168897355E1,5.584567375E1,3.156174750E0,2.156385828E2,2.071797485E0,3.000000000E0
1.222485239E3,2.619518195E1,9.168895994E1,5.583490463E1,2.942594445E0,2.130970196E2,2.068207610E0,3.000000000E0
1.223485271E3,2.619515408E1,9.168894672E1,5.599889067E1,3.245970639E0,2.079508505E2,2.064797230E0,3.000000000E0
1.224485302E3,2.619512368E1,9.168893474E1,5.603404792E1,3.480162629E0,2.045922087E2,2.061557368E0,3.000000000E0
1.225485334E3,2.619509749E1,9.168891532E1,5.592328470E1,3.511632669E0,2.101031535E2,2.058479497E0,3.000000000E0
1.226485365E3,2.619507731E1,9.168888689E1,5.577965643E1,3.492152474E0,2.231482719E2,2.055555522E0,3.000000000E0
1.227485396E3,2.619506254E1,9.168885317E1,5.565180919E1,3.557678858E0,2.348049417E2,2.052777745E0,3.000000000E0
1.228485427E3,2.619504913E1,9.168881795E1,5.554167150E1,3.657355178E0,2.415901388E2,2.050138857E0,3.000000000E0
1.229485459E3,2.619503717E1,9.168878028E1,5.551302879E1,3.813408310E0,2.469654150E2,2.047631915E0,3.000000000E0
1.230485490E3,2.619502488E1,9.168874424E1,5.544778172E1,3.829491970E0,2.487550091E2,2.057284096E0,3.000000000E0
1.231485521E3,2.619501235E1,9.168870662E1,5.537531086E1,3.934325533E0,2.497422334E2,2.054419893E0,3.000000000E0
1.232485551E3,2.619499307E1,9.168867506E1,5.530539003E1,3.747576062E0,2.415768748E2,2.051698900E0,3.000000000E0
1.233485583E3,2.619496568E1,9.168865118E1,5.558240842E1,3.675760698E0,2.288428219E2,2.049113957E0,3.000000000E0
1.234485613E3,2.619494550E1,9.168862938E1,5.557847864E1,3.278919983E0,2.282771653E2,2.046658261E0,3.000000000E0
1.235485644E3,2.619493337E1,9.168859822E1,5.565746384E1,3.201099468E0,2.386575670E2,2.062512176E0,3.000000000E0
1.236485675E3,2.619493256E1,9.168856652E1,5.567451034E1,3.071782905E0,2.545970206E2,2.066332673E0,3.000000000E0
1.237485706E3,2.619494311E1,9.168853235E1,5.560101556E1,3.376603682E0,2.728252193E2,2.063016041E0,3.000000000E0
1.238485736E3,2.619496222E1,9.168850333E1,5.581800908E1,3.426083030E0,2.912403172E2,2.059865235E0,3.000000000E0
1.239485766E3,2.619498227E1,9.168847841E1,5.570048875E1,3.365335489E0,3.022208443E2,2.056871971E0,3.000000000E0
1.240485798E3,2.619500126E1,9.168845357E1,5.571722526E1,3.257613493E0,3.060528962E2,2.054028371E0,3.000000000E0
1.241485829E3,2.619501730E1,9.168842599E1,5.575494881E1,3.237986585E0,3.041311901E2,2.051326952E0,3.000000000E0
1.242485859E3,2.619502798E1,9.168839411E1,5.572047747E1,3.273302178E0,2.972063911E2,2.048760606E0,3.000000000E0
1.243485889E3,2.619503375E1,9.168836000E1,5.579382735E1,3.345039809E0,2.890705976E2,2.046322577E0,3.000000000E0
1.244485919E3,2.619504310E1,9.168832616E1,5.579409900E1,3.371813755E0,2.885488601E2,2.044006449E0,3.000000000E0
1.245485950E3,2.619505724E1,9.168829643E1,5.576990936E1,3.386384945E0,2.935681226E2,2.041806127E0,3.000000000E0
1.246485981E3,2.619507298E1,9.168826376E1,5.569256503E1,3.559198444E0,2.955296707E2,2.039715820E0,3.000000000E0
1.247486011E3,2.619508305E1,9.168823339E1,5.571519769E1,3.231177686E0,2.928085292E2,2.037730029E0,3.000000000E0
1.248486041E3,2.619508916E1,9.168820995E1,5.582121552E1,2.693696810E0,2.896295719E2,2.035843529E0,3.000000000E0
1.249486072E3,2.619509329E1,9.168819331E1,5.594925956E1,1.956296332E0,2.870631520E2,2.034051352E0,3.000000000E0