"Time (s)","Latitude (°)","Longitude (°)","Height (m)","Velocity (m/s)","Direction (°)","Horizontal Accuracy (m)","Vertical Accuracy (°)"
1.881003380E-3,2.619535329E1,9.168843948E1,5.753056311E1,NaN,NaN,2.715804435E1,3.000000000E1
3.125298023E-2,2.619535692E1,9.168843047E1,5.752733969E1,NaN,NaN,3.440836362E1,3.504191449E1
6.977609396E-1,2.619539759E1,9.168850302E1,5.758416838E1,NaN,NaN,2.873014883E1,3.000000000E1
2.921941042E0,2.619534780E1,9.168839912E1,5.763935081E1,NaN,NaN,1.884176600E1,3.000000000E1
3.356685400E0,2.619518258E1,9.168830245E1,5.966685106E1,1.632698655E0,NaN,2.354884696E1,2.226237297E1
4.356715083E0,2.619514883E1,9.168827442E1,5.701315910E1,1.632698655E0,NaN,3.074681110E1,1.609637833E1
5.356746078E0,2.619512951E1,9.168825857E1,5.719321702E1,1.632698655E0,NaN,2.736359139E1,2.184999847E1
6.356776357E0,2.619510681E1,9.168825621E1,5.723472755E1,1.682555914E0,NaN,2.618056683E1,2.088045883E1
7.356805921E0,2.619499399E1,9.168818783E1,5.729151942E1,2.257733583E0,NaN,1.150920672E1,2.653631020E1
8.356836319E0,2.619496874E1,9.168819320E1,5.741231558E1,2.257733583E0,NaN,1.042700840E1,2.404144096E1
9.356864929E0,2.619495783E1,9.168821636E1,5.762813580E1,2.252760649E0,NaN,1.269376838E1,2.911793709E1
1.035689509E1,2.619494396E1,9.168823018E1,5.781338664E1,2.252760649E0,NaN,1.104004865E1,1.485432529E1
1.134720540E1,2.619493296E1,9.168825094E1,5.800123250E1,2.219117880E0,NaN,8.142521272E0,2.914744377E1
1.233785653E1,2.619494963E1,9.168829673E1,5.689783574E1,2.131546497E0,1.411215984E2,3.434194461E0,3.000000000E0
1.333786058E1,2.619493638E1,9.168831287E1,5.674649719E1,2.333380222E0,1.387941158E2,2.735101137E0,3.000000000E0
1.457759559E1,2.619491582E1,9.168833505E1,5.700080648E1,2.241488695E0,1.352906112E2,2.906912655E0,3.000000000E0
1.557739544E1,2.619490144E1,9.168835083E1,5.700080593E1,2.241488695E0,1.352906182E2,4.748651530E0,3.920573295E0
1.657718277E1,2.619488474E1,9.168837286E1,5.702628554E1,2.333380222E0,1.310461345E2,4.748651530E0,4.387840507E0
1.757697070E1,2.619486741E1,9.168839302E1,5.679958209E1,2.428939819E0,1.313870705E2,4.748651530E0,4.724863391E0
1.857680964E1,2.619485067E1,9.168841237E1,5.685525551E1,2.428939819E0,1.322577966E2,4.748651530E0,4.864548281E0
1.957663441E1,2.619483168E1,9.168842792E1,5.689654726E1,2.350016832E0,1.354665642E2,4.748651530E0,4.909701871E0
2.057645941E1,2.619481516E1,9.168844487E1,5.723143281E1,2.350016832E0,1.398602604E2,4.748651530E0,4.864101907E0
2.157633245E1,2.619479758E1,9.168845967E1,5.725732008E1,2.505585670E0,1.420841154E2,4.748651530E0,4.805661274E0
2.257618976E1,2.619478053E1,9.168847843E1,5.715217892E1,2.678627014E0,1.371235005E2,4.748651530E0,4.659316787E0
2.357607293E1,2.619476662E1,9.168850376E1,5.708154555E1,2.678627014E0,1.266972455E2,4.748651530E0,4.701744823E0
2.457597172E1,2.619477099E1,9.168853221E1,5.706685115E1,2.570536613E0,9.643381293E1,4.748651530E0,4.519124108E0
2.557587886E1,2.619478353E1,9.168854648E1,5.711555429E1,2.241646051E0,6.279200056E1,4.748651530E0,4.252110112E0
2.657579231E1,2.619479376E1,9.168856562E1,5.717420586E1,2.209782362E0,5.614953844E1,4.748651530E0,4.060547397E0
2.757571375E1,2.619481775E1,9.168857846E1,5.730219485E1,2.351864576E0,3.479786973E1,4.748651530E0,5.101239882E0
2.857564008E1,2.619484477E1,9.168858464E1,5.709341955E1,2.566687584E0,2.019769633E1,4.748651530E0,6.021641323E0
2.957557297E1,2.619487100E1,9.168858965E1,5.701281938E1,2.566687584E0,1.305501697E1,4.748651530E0,6.815417725E0
3.057551181E1,2.619490233E1,9.168859515E1,5.684607309E1,2.830052376E0,1.101402052E1,4.748651530E0,7.586230294E0
3.157545555E1,2.619493693E1,9.168860165E1,5.682289529E1,2.997926235E0,8.775475169E0,4.748651530E0,4.949089199E0
3.257540405E1,2.619496830E1,9.168860186E1,5.665356590E1,2.974895477E0,3.334041067E0,4.748651530E0,6.054400725E0
3.357535648E1,2.619499308E1,9.168860637E1,5.655568229E1,2.974895477E0,9.312947984E0,4.748651530E0,6.955845238E0
3.457531488E1,2.619501356E1,9.168862095E1,5.651415192E1,2.802197933E0,2.270513135E1,4.748651530E0,7.720195907E0
3.557527649E1,2.619504330E1,9.168862868E1,5.678504882E1,2.633621671E0,2.897483585E1,3.654213549E0,3.000000000E0
3.657524157E1,2.619506927E1,9.168865017E1,5.671589486E1,3.050236718E0,3.246777342E1,3.875870522E0,3.000000000E0
3.757520974E1,2.619509512E1,9.168866790E1,5.678502651E1,3.229591454E0,3.076379174E1,4.071835174E0,3.000000000E0
3.857518184E1,2.619511824E1,9.168868874E1,5.652542490E1,3.179473954E0,3.120287502E1,4.012583442E0,3.542033099E0
3.957515717E1,2.619513929E1,9.168870681E1,5.644065319E1,3.000338177E0,3.427650741E1,3.999665948E0,3.518312124E0
4.057513499E1,2.619515896E1,9.168871808E1,5.628552854E1,2.676747498E0,2.988229998E1,4.071916504E0,3.598238496E0
4.157511616E1,2.619517941E1,9.168873896E1,5.619524489E1,2.795461102E0,3.825189628E1,4.000617453E0,3.580487559E0
4.257509899E1,2.619519618E1,9.168876181E1,5.629461237E1,2.844754223E0,4.426854291E1,3.938814911E0,3.495241756E0
4.357508516E1,2.619521363E1,9.168878585E1,5.610187749E1,2.940051368E0,4.818659526E1,3.827903468E0,3.398499328E0
4.457507360E1,2.619522758E1,9.168880924E1,5.612049700E1,2.864861234E0,5.297416564E1,3.725773580E0,3.311960072E0
4.557506359E1,2.619524234E1,9.168883386E1,5.600676762E1,2.919801016E0,5.500291720E1,3.623235105E0,3.231406595E0
4.657505608E1,2.619526079E1,9.168885985E1,5.578791119E1,3.122719539E0,5.351244815E1,3.644930072E0,3.258739871E0
4.757504952E1,2.619528020E1,9.168888352E1,5.579089236E1,3.179021883E0,4.969663364E1,3.684289282E0,3.285371041E0
4.857504535E1,2.619530064E1,9.168890581E1,5.558980975E1,3.151623037E0,4.716601342E1,3.670584247E0,3.269749668E0
4.957504296E1,2.619532104E1,9.168892831E1,5.530240470E1,3.198761669E0,4.591872447E1,3.674825727E0,3.288838009E0
5.057504177E1,2.619534017E1,9.168895650E1,5.477384031E1,3.391172863E0,5.002760255E1,3.696620003E0,3.356052729E0
5.157504249E1,2.619535587E1,9.168899056E1,5.437309337E1,3.616411138E0,5.715725780E1,3.744708338E0,3.401588208E0
5.257504332E1,2.619537885E1,9.168902334E1,5.433958439E1,3.877572768E0,5.407369071E1,3.762596985E0,3.384633839E0
5.357504618E1,2.619540993E1,9.168905093E1,5.402657124E1,4.080798840E0,4.453895996E1,3.778370806E0,3.424144107E0
5.457505059E1,2.619544562E1,9.168907062E1,5.374088825E1,4.161265349E0,3.393755873E1,3.784927339E0,3.469886672E0
5.557505572E1,2.619548050E1,9.168908838E1,5.372380104E1,4.136763631E0,2.820611816E1,3.715979340E0,3.435299875E0
5.657506180E1,2.619551756E1,9.168909264E1,5.392771105E1,4.072050088E0,1.458848428E1,3.677556403E0,3.447601158E0
5.757506907E1,2.619555543E1,9.168908466E1,5.403403712E1,4.049864781E0,2.924852206E-1,3.711692232E0,3.450598896E0
5.857507753E1,2.619558973E1,9.168906757E1,5.440859901E1,3.982933388E0,3.463027203E2,3.701587467E0,3.459475020E0
5.957508564E1,2.619562161E1,9.168904985E1,5.428123613E1,3.901630544E0,3.388195453E2,3.717300595E0,3.489031063E0
6.057509589E1,2.619564867E1,9.168903865E1,5.369164542E1,3.507030854E0,3.396867148E2,3.737691008E0,3.519444203E0
6.157510638E1,2.619567570E1,9.168903411E1,5.265648876E1,3.226098228E0,3.468468523E2,3.712896478E0,3.548691512E0
6.257511759E1,2.619570604E1,9.168902912E1,5.247643571E1,3.299947567E0,3.508256174E2,3.714182286E0,3.589095217E0
6.357512939E1,2.619573897E1,9.168903038E1,5.236033507E1,3.508012239E0,3.568281016E2,3.685105489E0,3.549191049E0
6.457514179E1,2.619576907E1,9.168903342E1,5.258705541E1,3.416733650E0,8.268436226E-1,3.675327848E0,3.505980309E0
6.557515502E1,2.619580311E1,9.168902951E1,5.298323537E1,3.596675627E0,3.562159018E2,3.701196001E0,3.522898300E0
6.657516849E1,2.619583803E1,9.168903074E1,5.285960465E1,3.750730472E0,3.593187261E2,3.708624856E0,3.546567214E0
6.757518280E1,2.619587179E1,9.168903205E1,5.269773806E1,3.707514384E0,1.512992846E0,3.719802244E0,3.548796331E0
6.857519722E1,2.619590395E1,9.168903030E1,5.288242042E1,3.537285430E0,3.597080066E2,3.747685159E0,3.568329239E0
6.957521224E1,2.619594055E1,9.168902879E1,5.294586301E1,3.699043479E0,3.584665114E2,3.759056251E0,3.542311650E0
7.057522845E1,2.619597252E1,9.168902343E1,5.301675637E1,3.630467964E0,3.537818776E2,3.751419858E0,3.524305599E0
7.157524443E1,2.619600656E1,9.168901921E1,5.285749778E1,3.659976973E0,3.534260995E2,3.733965570E0,3.500086671E0
7.257526040E1,2.619603969E1,9.168900895E1,5.275708607E1,3.678838525E0,3.476099382E2,3.757510809E0,3.590670785E0
7.357527637E1,2.619607240E1,9.168899543E1,5.273201950E1,3.670816559E0,3.444895464E2,3.807535315E0,3.665620013E0
7.457529306E1,2.619610474E1,9.168899477E1,5.308417419E1,3.553240293E0,3.551522911E2,3.829263506E0,3.651612215E0
7.557531023E1,2.619613327E1,9.168901234E1,5.322523603E1,3.428979939E0,1.574834627E1,3.806040292E0,3.582807405E0
7.657532799E1,2.619615514E1,9.168903523E1,5.337018973E1,3.329842764E0,3.199429499E1,3.812123544E0,3.543703387E0
7.757534635E1,2.619617739E1,9.168905395E1,5.316889490E1,3.253537310E0,3.536107376E1,3.820019941E0,3.581739437E0
7.857536435E1,2.619620229E1,9.168906604E1,5.321862916E1,3.183881574E0,3.076437468E1,3.857926908E0,3.562767252E0
7.957538259E1,2.619622986E1,9.168907012E1,5.304316821E1,3.104279607E0,1.953419083E1,3.861850757E0,3.560453423E0
8.057540143E1,2.619625509E1,9.168907276E1,5.272618224E1,2.892980389E0,1.390987032E1,3.841899693E0,3.503023263E0
8.157541931E1,2.619627952E1,9.168908289E1,5.273162797E1,2.880085373E0,1.951650961E1,3.827684710E0,3.477566994E0
8.257543802E1,2.619630221E1,9.168910565E1,5.293105797E1,3.050495667E0,3.496008860E1,3.859021447E0,3.582155031E0
8.357545698E1,2.619631890E1,9.168912338E1,5.339680864E1,2.753007723E0,4.052870898E1,3.883134390E0,3.615589931E0
8.457547641E1,2.619634414E1,9.168914489E1,5.309522055E1,3.120629851E0,4.097283756E1,3.886666581E0,3.602434834E0
8.557549572E1,2.619635966E1,9.168917103E1,5.301710924E1,3.130167802E0,5.028551152E1,3.924038558E0,3.622540508E0
8.657551551E1,2.619637428E1,9.168920225E1,5.322753182E1,3.296472026E0,5.935998792E1,3.928518456E0,3.602271803E0
8.757553530E1,2.619638333E1,9.168923135E1,5.349913917E1,3.167815509E0,6.611884744E1,3.943691601E0,3.609607361E0
8.857555521E1,2.619639489E1,9.168926968E1,5.337292785E1,3.548727575E0,7.005456210E1,3.959114457E0,3.578114429E0
8.957557487E1,2.619640691E1,9.168930139E1,5.358482602E1,3.464995151E0,6.839810397E1,3.976016154E0,3.604112169E0
9.057559502E1,2.619641736E1,9.168933344E1,5.305862786E1,3.393948295E0,6.955460249E1,3.981991841E0,3.595661167E0
9.157561529E1,2.619642532E1,9.168936498E1,5.300562391E1,3.273932780E0,7.297939515E1,4.002208208E0,3.611645996E0
9.257563567E1,2.619643763E1,9.168939814E1,5.372352056E1,3.352582087E0,7.140836562E1,3.963596393E0,3.704446060E0
9.357565510E1,2.619645263E1,9.168943465E1,5.326850044E1,3.601453929E0,6.876209273E1,3.988105223E0,3.794640303E0
9.457567585E1,2.619647234E1,9.168945676E1,5.486639179E1,3.109814467E0,5.719570389E1,4.012701212E0,3.786328438E0
9.557569635E1,2.619647862E1,9.168950177E1,5.438705674E1,3.568284649E0,7.175113383E1,4.022119967E0,3.756801402E0
9.657571709E1,2.619649016E1,9.168953406E1,5.465675993E1,3.439864816E0,7.148703420E1,4.035847249E0,3.726902219E0
9.757573807E1,2.619650068E1,9.168956823E1,5.479721530E1,3.458040549E0,7.204015779E1,4.031574570E0,3.687661505E0
9.857575881E1,2.619650946E1,9.168960454E1,5.452308118E1,3.548208699E0,7.402221933E1,4.035437240E0,3.699580798E0
9.957577896E1,2.619651991E1,9.168964089E1,5.441133224E1,3.581413111E0,7.340967930E1,4.113494779E0,3.762286903E0
1.005758005E2,2.619652839E1,9.168967894E1,5.410883053E1,3.679787788E0,7.521109933E1,4.176776771E0,3.794872710E0
1.015758209E2,2.619653880E1,9.168971578E1,5.409261984E1,3.743565629E0,7.459407211E1,4.253751101E0,3.805287761E0
1.025758426E2,2.619655047E1,9.168975625E1,5.351727985E1,3.953766453E0,7.339208529E1,4.296378058E0,3.879315415E0
1.035758638E2,2.619656479E1,9.168979746E1,5.334893704E1,4.161221185E0,7.118409728E1,4.303776838E0,3.909497139E0
1.045758839E2,2.619657521E1,9.168983526E1,5.274188912E1,3.984424140E0,7.218387904E1,4.307245636E0,3.896766800E0
1.055759050E2,2.619658506E1,9.168987961E1,5.294789759E1,4.117576867E0,7.564154729E1,4.340603645E0,3.906689204E0
1.065759270E2,2.619659808E1,9.168992336E1,5.283113246E1,4.234414142E0,7.408566270E1,4.412992606E0,3.961594486E0
1.075759480E2,2.619661061E1,9.168996379E1,5.310289797E1,4.145835875E0,7.327591124E1,4.452757059E0,3.951381142E0
1.085759684E2,2.619662164E1,9.169000399E1,5.329526000E1,4.076150254E0,7.372020311E1,4.471481103E0,3.967086666E0
1.095759903E2,2.619663084E1,9.169004177E1,5.382340051E1,3.854002879E0,7.497671230E1,4.482922761E0,3.966521060E0
1.105760109E2,2.619664164E1,9.169007701E1,5.352462502E1,3.679880161E0,7.284605086E1,4.495915377E0,3.987498263E0
1.115760331E2,2.619665257E1,9.169011283E1,5.408974283E1,3.632909104E0,7.308723356E1,4.489934176E0,3.983935964E0
1.125760541E2,2.619666096E1,9.169014428E1,5.410642799E1,3.408308799E0,7.411918737E1,4.507041117E0,4.021746474E0
1.135760751E2,2.619666431E1,9.169017420E1,5.434877914E1,3.163250879E0,7.790511188E1,4.563090267E0,4.051704276E0
1.145760965E2,2.619667132E1,9.169020657E1,5.467874160E1,3.184670237E0,7.768900824E1,4.503450139E0,3.988527484E0
1.155761181E2,2.619667930E1,9.169023715E1,5.484871530E1,3.164984638E0,7.596029077E1,4.461984938E0,3.948894017E0
1.165761393E2,2.619668516E1,9.169026361E1,5.507442414E1,2.928427556E0,7.568668557E1,4.429551537E0,3.946147167E0
1.175761613E2,2.619669435E1,9.169029446E1,5.461039590E1,3.057158089E0,7.276917969E1,4.478246621E0,4.032748847E0
1.185761827E2,2.619670279E1,9.169032375E1,5.447967206E1,3.059342132E0,7.328723650E1,4.544554364E0,4.070036579E0
1.195762039E2,2.619670919E1,9.169035610E1,5.469938654E1,3.183731360E0,7.607126672E1,4.568722645E0,4.108743925E0
1.205762259E2,2.619671444E1,9.169038834E1,5.463742663E1,3.262859556E0,7.791814057E1,4.537601626E0,4.095183144E0
1.215762470E2,2.619672188E1,9.169042297E1,5.458374098E1,3.421007693E0,7.745069800E1,4.560100435E0,4.096289703E0
1.225762682E2,2.619673529E1,9.169045690E1,5.471415401E1,3.521266301E0,7.216490387E1,4.502561793E0,4.042539639E0
1.235762905E2,2.619674628E1,9.169049064E1,5.498845896E1,3.486535334E0,7.186806373E1,4.490489434E0,4.037665827E0
1.245763122E2,2.619675592E1,9.169052603E1,5.521792193E1,3.532268541E0,7.310956720E1,4.489587645E0,4.039749752E0
1.255763330E2,2.619676371E1,9.169055982E1,5.522141867E1,3.453662996E0,7.513227287E1,4.522380821E0,4.075336153E0
1.265763559E2,2.619677195E1,9.169059127E1,5.546569689E1,3.271530043E0,7.504196243E1,4.546553543E0,4.288219082E0
1.275763762E2,2.619677827E1,9.169062048E1,5.516801528E1,3.024914251E0,7.752418658E1,4.610437741E0,4.413239333E0
1.285763979E2,2.619678639E1,9.169064986E1,5.515171743E1,2.952480906E0,7.715405546E1,4.574572159E0,4.408961396E0
1.295764197E2,2.619678950E1,9.169067679E1,5.444562262E1,2.801314551E0,8.170714906E1,4.594821258E0,4.544042645E0
1.305764420E2,2.619679863E1,9.169070531E1,5.481218362E1,2.810880207E0,7.696655183E1,4.630653276E0,4.545665254E0
1.315764635E2,2.619680790E1,9.169073966E1,5.451686681E1,3.144195857E0,7.386693152E1,4.681510150E0,4.544676070E0
1.325764846E2,2.619681704E1,9.169077517E1,5.420080213E1,3.340036429E0,7.430382007E1,4.689518355E0,4.549169361E0
1.335765060E2,2.619682485E1,9.169081570E1,5.328996951E1,3.622754628E0,7.720398874E1,4.671058463E0,4.462414551E0
1.345746965E2,2.619683681E1,9.169085398E1,5.362254082E1,3.691260297E0,7.438869730E1,4.693367582E0,4.475038438E0
1.355746930E2,2.619685218E1,9.169089026E1,5.356959800E1,3.713939183E0,6.990086467E1,4.669254834E0,4.431364540E0
1.365747170E2,2.619686376E1,9.169092673E1,5.374743539E1,3.616079469E0,7.114796172E1,4.666325579E0,4.416925939E0
1.375747141E2,2.619687192E1,9.169096282E1,5.380866929E1,3.541624951E0,7.455712837E1,4.662208855E0,4.444888822E0
1.385747088E2,2.619688106E1,9.169099488E1,5.388156979E1,3.327749117E0,7.496145579E1,4.642308797E0,4.354896827E0
1.395747247E2,2.619688681E1,9.169102669E1,5.379467467E1,3.141884042E0,7.904971034E1,4.595492740E0,4.227949227E0
1.405747104E2,2.619688830E1,9.169106014E1,5.350067907E1,3.122760051E0,8.493615199E1,4.579557067E0,4.209812468E0
1.415746964E2,2.619689405E1,9.169108897E1,5.337750550E1,2.912390210E0,8.223985897E1,4.561986339E0,4.170129147E0
1.425747067E2,2.619690117E1,9.169111465E1,5.314111246E1,2.634138151E0,7.800288791E1,4.656624261E0,4.297256845E0
1.435746927E2,2.619690658E1,9.169114348E1,5.278666395E1,2.657984385E0,7.815752844E1,4.673017439E0,4.334780204E0
1.445746797E2,2.619691893E1,9.169117819E1,5.284515857E1,3.076264980E0,7.234408644E1,4.709383740E0,4.365827688E0
1.455746912E2,2.619693150E1,9.169121099E1,5.302172835E1,3.275466442E0,6.997789526E1,4.688061433E0,4.285051792E0
1.465746728E2,2.619693997E1,9.169124447E1,5.307633075E1,3.309083134E0,7.322355722E1,4.751323348E0,4.317400765E0
1.475746558E2,2.619694623E1,9.169127792E1,5.273079185E1,3.267630852E0,7.523243671E1,4.776653233E0,4.263926110E0
1.485746635E2,2.619696034E1,9.169131011E1,5.277365963E1,3.314682977E0,6.882901907E1,4.795204493E0,4.334698598E0
1.495746708E2,2.619697497E1,9.169134179E1,5.273183828E1,3.315703919E0,6.505593328E1,4.803921219E0,4.305817152E0
1.505746789E2,2.619699099E1,9.169137270E1,5.256705039E1,3.309107311E0,6.185343014E1,4.809559789E0,4.317862068E0
1.515746871E2,2.619700696E1,9.169140342E1,5.262257375E1,3.356662828E0,6.023302823E1,4.769328339E0,4.290534034E0
1.525746967E2,2.619702695E1,9.169142906E1,5.297978748E1,3.322351665E0,5.316619699E1,4.694356295E0,4.200682783E0
1.535747076E2,2.619705096E1,9.169145192E1,5.278060211E1,3.334719528E0,4.495921294E1,4.664661162E0,4.124635613E0
1.545747182E2,2.619707815E1,9.169146886E1,5.260908356E1,3.325503490E0,3.578365558E1,4.638217091E0,4.116741182E0
1.555747302E2,2.619710552E1,9.169148614E1,5.256758800E1,3.362202361E0,3.236593114E1,4.589986232E0,4.061743510E0
1.565747422E2,2.619713083E1,9.169150924E1,5.256277364E1,3.453499284E0,3.647140047E1,4.530930523E0,3.997812538E0
1.575747544E2,2.619715242E1,9.169153757E1,5.256501978E1,3.535114269E0,4.319064653E1,4.466518911E0,3.921147685E0
1.585747675E2,2.619717074E1,9.169156512E1,5.228415942E1,3.431808471E0,4.900631265E1,4.439326309E0,3.892756730E0
1.595747814E2,2.619718264E1,9.169160120E1,5.260311509E1,3.545298832E0,6.235044463E1,4.385976245E0,3.838058207E0
1.605747951E2,2.619718220E1,9.169163727E1,5.260740732E1,3.474412776E0,7.884306793E1,4.364486202E0,3.812965845E0
1.615748439E2,2.619717588E1,9.169167053E1,5.255743985E1,3.334108326E0,9.302046752E1,4.348168150E0,3.802270314E0
1.625748253E2,2.619716964E1,9.169170455E1,5.260295171E1,3.391561027E0,9.817968024E1,4.406015044E0,3.845861047E0
1.635748396E2,2.619716118E1,9.169173725E1,5.257582953E1,3.419387785E0,1.023084225E2,4.445072502E0,3.881116897E0
1.645748552E2,2.619715494E1,9.169177051E1,5.274736442E1,3.444356889E0,1.014718658E2,4.454014187E0,3.883910525E0
1.655748706E2,2.619715142E1,9.169180604E1,5.288131784E1,3.504590307E0,9.828826491E1,4.439120610E0,3.863440461E0
1.665748874E2,2.619714907E1,9.169183953E1,5.299570322E1,3.423068946E0,9.625203155E1,4.376524756E0,3.799045282E0
1.675749042E2,2.619714712E1,9.169187460E1,5.325191559E1,3.489742837E0,9.426158964E1,4.405206522E0,3.816184573E0
1.685749201E2,2.619715096E1,9.169191070E1,5.328740591E1,3.574245802E0,8.823133458E1,4.394219406E0,3.812317996E0
1.695749369E2,2.619715185E1,9.169194411E1,5.327355450E1,3.472285113E0,8.790565634E1,4.416694593E0,3.827318926E0
1.705749547E2,2.619715571E1,9.169198166E1,5.360822768E1,3.596589533E0,8.497361777E1,4.364060074E0,3.815128132E0
1.715749723E2,2.619715801E1,9.169201749E1,5.386593400E1,3.559019307E0,8.598918653E1,4.384824678E0,3.838936327E0
1.725749898E2,2.619716152E1,9.169205326E1,5.351359919E1,3.546764600E0,8.518178580E1,4.421090663E0,3.851196674E0
1.735750074E2,2.619716366E1,9.169209024E1,5.376876290E1,3.596995260E0,8.553065252E1,4.408682038E0,3.824536617E0
1.745750254E2,2.619716644E1,9.169212398E1,5.406043710E1,3.428214933E0,8.498148054E1,4.411480587E0,3.879646498E0
1.755750436E2,2.619716792E1,9.169215831E1,5.494315870E1,3.425515556E0,8.560642212E1,4.488673238E0,3.951409699E0
1.765750618E2,2.619717344E1,9.169219425E1,5.459871996E1,3.538096452E0,8.270269637E1,4.511404863E0,3.972841123E0
1.775750802E2,2.619717885E1,9.169223084E1,5.446581586E1,3.575905794E0,8.155565365E1,4.504383762E0,3.963593108E0
1.785750984E2,2.619718561E1,9.169226698E1,5.494373808E1,3.640608252E0,7.993410755E1,4.453978283E0,3.937341689E0
1.795751173E2,2.619719060E1,9.169230088E1,5.488910476E1,3.507227086E0,7.976114319E1,4.402029713E0,3.893275404E0
1.805751356E2,2.619719672E1,9.169233165E1,5.524587872E1,3.248414252E0,7.873387588E1,4.401286018E0,3.885411084E0
1.815751549E2,2.619720001E1,9.169236967E1,5.519871751E1,3.466373571E0,8.225162211E1,4.405825200E0,3.878653249E0
1.825751737E2,2.619720734E1,9.169240279E1,5.495558594E1,3.331973559E0,7.963243812E1,4.370022182E0,3.909595862E0
1.835751930E2,2.619721903E1,9.169243824E1,5.495712140E1,3.432193287E0,7.427270278E1,4.418715767E0,3.977222343E0
1.845752122E2,2.619722643E1,9.169247514E1,5.497883661E1,3.552510217E0,7.579644480E1,4.423770709E0,3.982842628E0
1.855752317E2,2.619723593E1,9.169250786E1,5.511068473E1,3.492368983E0,7.408469848E1,4.408292886E0,4.026736152E0
1.865752515E2,2.619724557E1,9.169254226E1,5.524013027E1,3.532878915E0,7.309990280E1,4.424880295E0,4.075757789E0
1.875752701E2,2.619725507E1,9.169257696E1,5.520728912E1,3.574338219E0,7.262968227E1,4.408291428E0,4.006396497E0
1.885752900E2,2.619726458E1,9.169261372E1,5.503547908E1,3.671218257E0,7.254151924E1,4.430130148E0,4.027036519E0
1.895753105E2,2.619727603E1,9.169264954E1,5.507726747E1,3.697491644E0,7.148053115E1,4.440758271E0,4.036648418E0
1.905753297E2,2.619728559E1,9.169268490E1,5.510258061E1,3.643354181E0,7.201276845E1,4.525264184E0,4.115186659E0
1.915753489E2,2.619729541E1,9.169271624E1,5.446808614E1,3.407827204E0,7.050217245E1,4.565238864E0,4.222986147E0
1.925753691E2,2.619730817E1,9.169275599E1,5.459379777E1,3.741147677E0,6.963959315E1,4.587275014E0,4.173782105E0
1.935753886E2,2.619731946E1,9.169278997E1,5.437432592E1,3.622857867E0,6.903136687E1,4.614770266E0,4.193262253E0
1.945754081E2,2.619733079E1,9.169282691E1,5.416761837E1,3.703483250E0,6.982610765E1,4.619722568E0,4.176359447E0
1.955754288E2,2.619734186E1,9.169286383E1,5.412017803E1,3.707753070E0,7.115501377E1,4.618778334E0,4.146067375E0
1.965754491E2,2.619735636E1,9.169290047E1,5.388067349E1,3.729341540E0,6.791113939E1,4.676497012E0,4.162820978E0
1.975754688E2,2.619736601E1,9.169293150E1,5.409557521E1,3.401823387E0,6.971808353E1,4.690070234E0,4.162220129E0
1.985754883E2,2.619737546E1,9.169296235E1,5.397513811E1,3.283817409E0,7.049938978E1,4.717551256E0,4.157720797E0
1.995755082E2,2.619738426E1,9.169299566E1,5.389509904E1,3.363416103E0,7.252866811E1,4.684879485E0,4.085636916E0
2.005755292E2,2.619738731E1,9.169302961E1,5.393659370E1,3.346799391E0,8.017883328E1,4.748209310E0,4.143964426E0
2.015755483E2,2.619738498E1,9.169306160E1,5.420705555E1,3.219379228E0,8.822681651E1,4.705624542E0,4.099551174E0
2.025755687E2,2.619737815E1,9.169309446E1,5.417704070E1,3.224632400E0,9.698071415E1,4.683468687E0,4.061379934E0
2.035755893E2,2.619736617E1,9.169312707E1,5.428041310E1,3.344175242E0,1.053598428E2,4.639405166E0,4.003046949E0
2.045756096E2,2.619734662E1,9.169315060E1,5.431409989E1,3.212502577E0,1.196185745E2,4.631466766E0,3.990148751E0
2.055756299E2,2.619732983E1,9.169317799E1,5.407985085E1,3.277304866E0,1.223603406E2,4.619341979E0,3.975495804E0
2.065756499E2,2.619731124E1,9.169320524E1,5.424752868E1,3.346084407E0,1.255810765E2,4.606669166E0,3.936861651E0
2.075756698E2,2.619729144E1,9.169323148E1,5.443666317E1,3.355768698E0,1.281655246E2,4.573713010E0,3.879081484E0
2.085756915E2,2.619727175E1,9.169325802E1,5.447227643E1,3.364647429E0,1.284887714E2,4.523445657E0,3.850026655E0
2.095757114E2,2.619725175E1,9.169328384E1,5.457529467E1,3.365512018E0,1.292161971E2,4.508561466E0,3.808789007E0
2.105757318E2,2.619723147E1,9.169330675E1,5.470100786E1,3.297489537E0,1.319120051E2,4.547318552E0,3.826068596E0
2.115757513E2,2.619721151E1,9.169333152E1,5.481933041E1,3.306692267E0,1.313929872E2,4.506605396E0,3.791180207E0
2.125757726E2,2.619719094E1,9.169335693E1,5.495282073E1,3.357424094E0,1.316267393E2,4.470063896E0,3.781545947E0
2.135757926E2,2.619717075E1,9.169338584E1,5.476469436E1,3.483131586E0,1.299471996E2,4.471166261E0,3.785375399E0
2.145758125E2,2.619715089E1,9.169341058E1,5.470706140E1,3.363094515E0,1.308350615E2,4.487006234E0,3.802756835E0
2.155758334E2,2.619712932E1,9.169343755E1,5.479142477E1,3.412507839E0,1.321896757E2,4.475275801E0,3.807426553E0
2.165758539E2,2.619711178E1,9.169346386E1,5.515335528E1,3.292803860E0,1.293037288E2,4.487596988E0,3.805770110E0
2.175758747E2,2.619709165E1,9.169348963E1,5.496892117E1,3.283820124E0,1.313590454E2,4.519313382E0,3.817682804E0
2.185758951E2,2.619707223E1,9.169351315E1,5.494677664E1,3.208817029E0,1.320125133E2,4.546956071E0,3.847328902E0
2.195759158E2,2.619705587E1,9.169353632E1,5.509454174E1,3.044254733E0,1.298962607E2,4.568107272E0,3.835019584E0
2.205759356E2,2.619703930E1,9.169355932E1,5.520073502E1,2.962515142E0,1.293223432E2,4.519826964E0,3.774395462E0
2.215759566E2,2.619702275E1,9.169358298E1,5.533250139E1,2.936671446E0,1.291247056E2,4.559506011E0,3.794975948E0
2.225759772E2,2.619700265E1,9.169360318E1,5.547053589E1,2.956941052E0,1.335239882E2,4.599972815E0,3.820408057E0
2.235759978E2,2.619698385E1,9.169362650E1,5.560768207E1,3.108670137E0,1.322142500E2,4.553872471E0,3.818313445E0
2.245760182E2,2.619696799E1,9.169364690E1,5.546783121E1,2.868062627E0,1.309360500E2,4.602259624E0,3.858752681E0
2.255760382E2,2.619694540E1,9.169366723E1,5.603281223E1,3.021761836E0,1.359488382E2,4.647877369E0,3.968098645E0
2.265760585E2,2.619692835E1,9.169369139E1,5.635186513E1,3.066662284E0,1.326343774E2,4.685350514E0,4.032565919E0
2.275760795E2,2.619691146E1,9.169371217E1,5.654086692E1,2.899823022E0,1.311705132E2,4.717313708E0,4.085547275E0
2.285760998E2,2.619689569E1,9.169373743E1,5.650434402E1,2.949372445E0,1.265640184E2,4.753522882E0,4.214798714E0
2.295761201E2,2.619688261E1,9.169375071E1,5.559393174E1,2.284171166E0,1.316620273E2,4.736403050E0,4.206338781E0
2.305761406E2,2.619686802E1,9.169377893E1,5.539496492E1,2.604524334E0,1.257260082E2,4.733861408E0,4.398848908E0
2.315761620E2,2.619685145E1,9.169379393E1,5.579305811E1,2.386156619E0,1.326649175E2,4.676728618E0,4.347699211E0
2.325761822E2,2.619682907E1,9.169382051E1,5.565518554E1,2.969926219E0,1.331256308E2,4.660507991E0,4.342429849E0
2.335762032E2,2.619681264E1,9.169384458E1,5.599002547E1,2.932420222E0,1.296679846E2,4.692977971E0,4.286096393E0
2.345762237E2,2.619679319E1,9.169386812E1,5.576571015E1,2.890850216E0,1.310933457E2,4.732941831E0,4.235097964E0
2.355762435E2,2.619677090E1,9.169389410E1,5.577582726E1,3.072004047E0,1.322276549E2,4.761961122E0,4.270336341E0
2.365762640E2,2.619675444E1,9.169391409E1,5.527546961E1,2.721679676E0,1.324742322E2,4.772404947E0,4.222888928E0
2.375762846E2,2.619673495E1,9.169393582E1,5.479500816E1,2.695661474E0,1.345918767E2,4.787590914E0,4.255454490E0
2.385763059E2,2.619671564E1,9.169395676E1,5.521214051E1,2.708155113E0,1.350007347E2,4.731061002E0,4.215764624E0
2.395763267E2,2.619669921E1,9.169397492E1,5.562200094E1,2.549486614E0,1.356703847E2,4.717740134E0,4.321690742E0
2.405763463E2,2.619667652E1,9.169399208E1,5.653498119E1,2.750006768E0,1.406620581E2,4.650314286E0,4.271923265E0
2.415763667E2,2.619665698E1,9.169400961E1,5.659895362E1,2.725813844E0,1.412693246E2,4.539880775E0,4.059443760E0
2.425763872E2,2.619663591E1,9.169402450E1,5.677365921E1,2.714000652E0,1.445605336E2,4.489571648E0,3.987044895E0
2.435764090E2,2.619661293E1,9.169403877E1,5.665430264E1,2.770681678E0,1.499535504E2,4.491056751E0,3.959424531E0
2.445764295E2,2.619658718E1,9.169404989E1,5.650129844E1,2.824283071E0,1.560233769E2,4.452359066E0,3.896460362E0
2.455764502E2,2.619655919E1,9.169406088E1,5.657692162E1,3.015544304E0,1.593225769E2,4.468413972E0,3.843745866E0
2.465764703E2,2.619652850E1,9.169406601E1,5.661076866E1,3.217561961E0,1.681305231E2,4.471804849E0,4.015631454E0
2.475764914E2,2.619650022E1,9.169407427E1,5.634037342E1,3.233920784E0,1.677703514E2,4.517219470E0,4.183868002E0
2.485765125E2,2.619647277E1,9.169407964E1,5.642263622E1,3.067631951E0,1.721905692E2,4.464249423E0,4.144090012E0
2.495765315E2,2.619644485E1,9.169408517E1,5.627338113E1,3.050395165E0,1.742626592E2,4.441464052E0,4.087352191E0
2.505765529E2,2.619641611E1,9.169408744E1,5.625995859E1,3.147155818E0,1.776389156E2,4.422334531E0,4.134272291E0
2.515765736E2,2.619638747E1,9.169408730E1,5.609915204E1,3.187140152E0,1.810652536E2,4.371409427E0,4.131010756E0
2.525765946E2,2.619635784E1,9.169408425E1,5.564248557E1,3.285273663E0,1.848515969E2,4.362571612E0,4.033159971E0
2.535766146E2,2.619632501E1,9.169408525E1,5.576662304E1,3.498356025E0,1.810366670E2,4.293451120E0,3.975757846E0
2.545766357E2,2.619629030E1,9.169408357E1,5.556711782E1,3.667294131E0,1.819850259E2,4.279495102E0,3.989312351E0
2.555766554E2,2.619625499E1,9.169408502E1,5.560164032E1,3.834331117E0,1.775583759E2,4.320132677E0,3.977191815E0
2.565766764E2,2.619621989E1,9.169409283E1,5.583248253E1,3.982906160E0,1.711123757E2,4.277270169E0,4.048417249E0
2.575766971E2,2.619618588E1,9.169410700E1,5.539387636E1,3.985269686E0,1.630730090E2,4.330381414E0,4.061536761E0
2.585767177E2,2.619615280E1,9.169412780E1,5.562150226E1,4.084416061E0,1.539233799E2,4.314753722E0,4.000374401E0
2.595767384E2,2.619611828E1,9.169415279E1,5.529531113E1,4.285561502E0,1.471674878E2,4.372610750E0,4.066767290E0
2.605749317E2,2.619609082E1,9.169418202E1,5.523875551E1,4.191350126E0,1.387989656E2,4.380531408E0,4.062713487E0
2.615749280E2,2.619606733E1,9.169421370E1,5.529325563E1,3.949267008E0,1.311822411E2,4.425544624E0,4.095304264E0
2.625749487E2,2.619605009E1,9.169423953E1,5.527148909E1,3.332107021E0,1.261212201E2,4.403605707E0,4.115249749E0
2.635749353E2,2.619604381E1,9.169426450E1,5.539515406E1,2.806990520E0,1.127620206E2,4.326034212E0,4.046735383E0
2.645749239E2,2.619603906E1,9.169429512E1,5.544652385E1,2.927702925E0,1.035617278E2,4.328708712E0,4.058714505E0
2.655749300E2,2.619603014E1,9.169432263E1,5.515790108E1,2.856212320E0,1.059717409E2,4.306458541E0,3.521223057E0
2.665749117E2,2.619602530E1,9.169435245E1,5.542580636E1,2.888922937E0,1.020243977E2,4.351644473E0,3.541380342E0
2.675748924E2,2.619602101E1,9.169437993E1,5.516722473E1,2.790461730E0,9.989801109E1,4.411067665E0,3.678923748E0
2.685748962E2,2.619601936E1,9.169440703E1,5.501467156E1,2.666284627E0,9.649786177E1,4.388462709E0,3.774622593E0
2.695748755E2,2.619601965E1,9.169443805E1,5.514125217E1,2.850628866E0,9.170139154E1,4.463723431E0,3.785068555E0
2.705748534E2,2.619602824E1,9.169446544E1,5.514113803E1,2.774970550E0,7.907903234E1,4.513726223E0,3.971037428E0
2.715748546E2,2.619604053E1,9.169448952E1,5.481501108E1,2.628573191E0,6.734024309E1,4.464680722E0,3.949019201E0
2.725748336E2,2.619605551E1,9.169451862E1,5.466182216E1,2.902971437E0,6.191824441E1,4.426164478E0,3.936755125E0
2.735748129E2,2.619606621E1,9.169454528E1,5.476572376E1,2.834305480E0,6.332087318E1,4.393063923E0,3.895982982E0
2.745748148E2,2.619607720E1,9.169457283E1,5.442229572E1,2.868756042E0,6.316926951E1,4.317977573E0,3.840693567E0
2.755748202E2,2.619609519E1,9.169459719E1,5.455092129E1,2.951292478E0,5.402159638E1,4.305650251E0,3.844602582E0
2.765748264E2,2.619611849E1,9.169461607E1,5.492690282E1,2.978396135E0,4.292119848E1,4.294807025E0,3.797811355E0
2.775748332E2,2.619614200E1,9.169462953E1,5.493193700E1,2.895578928E0,3.403334013E1,4.346992703E0,3.831012903E0
2.785748408E2,2.619616371E1,9.169464594E1,5.478206044E1,2.895703957E0,3.300376502E1,4.319747093E0,3.857289351E0
2.795748504E2,2.619618415E1,9.169466150E1,5.477676300E1,2.775086981E0,3.328267809E1,4.292827885E0,3.816635312E0
2.805748585E2,2.619620517E1,9.169467583E1,5.510061794E1,2.703990668E0,3.106236697E1,4.282166365E0,3.797161649E0
2.815748698E2,2.619622557E1,9.169469219E1,5.507763043E1,2.713922401E0,3.344610992E1,4.276524721E0,3.760438430E0
2.825748791E2,2.619624496E1,9.169470753E1,5.491418970E1,2.662986648E0,3.381616740E1,4.256055509E0,3.732320985E0
2.835748901E2,2.619626685E1,9.169472370E1,5.519263254E1,2.700630232E0,3.347319870E1,4.267330235E0,3.755423240E0
2.850222006E2,2.619632458E1,9.169481286E1,5.536102172E1,2.151393700E0,5.657871835E1,4.424931162E0,3.957538579E0
2.860222150E2,2.619633618E1,9.169483307E1,5.516345911E1,2.299931825E0,5.806158191E1,4.378417757E0,3.934656028E0
2.870222290E2,2.619634625E1,9.169486243E1,5.523422917E1,2.791178083E0,6.418317978E1,4.323486211E0,3.845805534E0
2.880222432E2,2.619635384E1,9.169489119E1,5.504243533E1,2.927149398E0,6.958491994E1,4.345507135E0,3.773705930E0
2.890222580E2,2.619636168E1,9.169492366E1,5.504695495E1,3.143635838E0,7.267349967E1,4.357134583E0,3.769046846E0
2.900222727E2,2.619636906E1,9.169495622E1,5.516887791E1,3.239358530E0,7.426315198E1,4.299692867E0,3.699393486E0
2.910222879E2,2.619637519E1,9.169498870E1,5.507361824E1,3.268733271E0,7.675191712E1,4.244903540E0,3.622444877E0
2.920223037E2,2.619638403E1,9.169502154E1,5.522560941E1,3.291511845E0,7.604541424E1,4.251557535E0,3.668310564E0
2.930223205E2,2.619638682E1,9.169505766E1,5.540073515E1,3.415787179E0,8.205915404E1,4.313378504E0,3.707554455E0
2.940223355E2,2.619638569E1,9.169509058E1,5.555283637E1,3.381624467E0,8.767544504E1,4.338965623E0,3.755980203E0
2.950223521E2,2.619638364E1,9.169512621E1,5.569392964E1,3.487448273E0,9.135002311E1,4.378154879E0,3.815087361E0
2.960223689E2,2.619637859E1,9.169516114E1,5.548928329E1,3.509288348E0,9.619263802E1,4.392781196E0,3.866868291E0
2.970223852E2,2.619637357E1,9.169519632E1,5.557990955E1,3.495529421E0,9.859464151E1,4.368321584E0,3.827895476E0
2.980224020E2,2.619636580E1,9.169522876E1,5.585022857E1,3.404248671E0,1.023939492E2,4.295339470E0,3.755642582E0
2.990224197E2,2.619635570E1,9.169525910E1,5.579690019E1,3.290239584E0,1.069263342E2,4.275090507E0,3.803591130E0
3.000224360E2,2.619634356E1,9.169529156E1,5.568691546E1,3.423499212E0,1.106257007E2,4.219693911E0,3.776679100E0
3.010224534E2,2.619632838E1,9.169531874E1,5.578211904E1,3.358533598E0,1.170662325E2,4.296034477E0,3.874716930E0
3.020224716E2,2.619631329E1,9.169535001E1,5.596503769E1,3.467648815E0,1.183919092E2,4.287272978E0,3.869275243E0
3.030224882E2,2.619629943E1,9.169537939E1,5.650941117E1,3.440722001E0,1.183634055E2,4.265309849E0,3.870689445E0
3.040225069E2,2.619627959E1,9.169540399E1,5.626793096E1,3.348083660E0,1.260711033E2,4.316848674E0,4.062237978E0
3.050225242E2,2.619625752E1,9.169542349E1,5.594412445E1,3.182200013E0,1.356636980E2,4.390105145E0,4.074432730E0
3.060225423E2,2.619623829E1,9.169544469E1,5.630962653E1,3.130976664E0,1.357042953E2,4.493117995E0,4.178163749E0
3.070225597E2,2.619621793E1,9.169546658E1,5.632460370E1,3.084239273E0,1.361595200E2,4.523730422E0,4.216643351E0
3.080225775E2,2.619619533E1,9.169549326E1,5.636619290E1,3.310339809E0,1.358720322E2,4.559266978E0,4.213306648E0
3.090225967E2,2.619617478E1,9.169552010E1,5.626102004E1,3.386683474E0,1.332278668E2,4.608530068E0,4.209832246E0
3.100226139E2,2.619615338E1,9.169554375E1,5.603166228E1,3.298280319E0,1.347384616E2,4.741042805E0,4.319493322E0
3.110226322E2,2.619612970E1,9.169556856E1,5.597866826E1,3.367602354E0,1.367830995E2,4.738733528E0,4.305685410E0
3.120226515E2,2.619610668E1,9.169559583E1,5.597764886E1,3.476569676E0,1.354024935E2,4.750025238E0,4.289764921E0
3.130226693E2,2.619609047E1,9.169562130E1,5.575758338E1,3.214181646E0,1.295003772E2,4.741829895E0,4.287396102E0
3.140226884E2,2.619606765E1,9.169564760E1,5.576874257E1,3.399939627E0,1.319111840E2,4.759892719E0,4.314065784E0
3.150227073E2,2.619604897E1,9.169567704E1,5.580756496E1,3.463786839E0,1.285171680E2,4.767109585E0,4.349543893E0
3.160227255E2,2.619603244E1,9.169570770E1,5.570671303E1,3.427112035E0,1.246527334E2,4.761163597E0,4.338260569E0
3.170227449E2,2.619601627E1,9.169574016E1,5.560422199E1,3.530286081E0,1.214518296E2,4.804599145E0,4.369660897E0
3.180227636E2,2.619599814E1,9.169577035E1,5.553860813E1,3.542104915E0,1.228105471E2,4.806541230E0,4.322123320E0
3.190227819E2,2.619598137E1,9.169579995E1,5.516197266E1,3.492092817E0,1.226556225E2,4.891580969E0,4.393145630E0
3.200228012E2,2.619596623E1,9.169583224E1,5.519721315E1,3.514709326E0,1.199947842E2,4.908173558E0,4.377782877E0
3.210228196E2,2.619594922E1,9.169586094E1,5.524809257E1,3.431790743E0,1.203775287E2,5.051310734E0,4.562012575E0
3.220228386E2,2.619593623E1,9.169589110E1,5.525294041E1,3.327403090E0,1.177460508E2,5.058719107E0,4.562019725E0
3.230228581E2,2.619592468E1,9.169592703E1,5.509926870E1,3.541050864E0,1.124924772E2,4.972213192E0,4.538405950E0
3.240228768E2,2.619591365E1,9.169595887E1,5.492964073E1,3.487963674E0,1.108282863E2,4.951986390E0,4.505428735E0
3.250228952E2,2.619590569E1,9.169599123E1,5.508607332E1,3.427247883E0,1.079794018E2,4.890089826E0,4.427456183E0
3.260229152E2,2.619590045E1,9.169602517E1,5.519015082E1,3.388885728E0,1.037090047E2,4.802524330E0,4.348189214E0
3.270229340E2,2.619589633E1,9.169606008E1,5.544341016E1,3.416804279E0,9.959261991E1,4.757455452E0,4.343103843E0
3.280229525E2,2.619589035E1,9.169609184E1,5.510783588E1,3.320891988E0,1.003138242E2,4.782919177E0,4.347851559E0
3.290229723E2,2.619589026E1,9.169612655E1,5.522116503E1,3.329979534E0,9.435750841E1,4.732450688E0,4.304325622E0
3.300229914E2,2.619589170E1,9.169616159E1,5.578052830E1,3.374774279E0,9.047618051E1,4.710043550E0,4.294984792E0
3.310230100E2,2.619589162E1,9.169619591E1,5.525553961E1,3.341870431E0,8.905076087E1,4.701573837E0,4.295500020E0
3.320230293E2,2.619589153E1,9.169622992E1,5.565631500E1,3.353624498E0,9.010158430E1,4.654367970E0,4.349103614E0
3.330230488E2,2.619589496E1,9.169626950E1,5.581167855E1,3.596414549E0,8.698980233E1,4.655740783E0,4.346649595E0
3.340230674E2,2.619590137E1,9.169630436E1,5.578495849E1,3.535552575E0,8.210324625E1,4.595775995E0,4.222338166E0
3.350230871E2,2.619590372E1,9.169634306E1,5.602184403E1,3.654512795E0,8.433842325E1,4.529240152E0,4.123291107E0
3.360231059E2,2.619590348E1,9.169638019E1,5.630639782E1,3.621671685E0,8.852859483E1,4.497058632E0,4.067103854E0
3.370231251E2,2.619590339E1,9.169641894E1,5.625991472E1,3.702067569E0,8.956098006E1,4.422894977E0,3.981985059E0
3.380231449E2,2.619590906E1,9.169645788E1,5.614669469E1,3.766339436E0,8.463774687E1,4.438047547E0,3.981639293E0
3.390231638E2,2.619591275E1,9.169649439E1,5.590961534E1,3.699431281E0,8.392914843E1,4.514697919E0,4.041316929E0
3.400231833E2,2.619591313E1,9.169653370E1,5.593273333E1,3.801322417E0,8.778297510E1,4.515698265E0,4.031708052E0
3.410232029E2,2.619591528E1,9.169656839E1,5.591831991E1,3.637292448E0,8.591143847E1,4.504398298E0,4.037917895E0
3.420232218E2,2.619591657E1,9.169660822E1,5.606170619E1,3.796821866E0,8.660325715E1,4.475960187E0,4.004529502E0
3.430232410E2,2.619592065E1,9.169664678E1,5.615531114E1,3.807900583E0,8.469277229E1,4.536912280E0,4.082635671E0
3.440232604E2,2.619592671E1,9.169668657E1,5.614012608E1,3.887950692E0,8.287810970E1,4.532258344E0,4.051857912E0
3.450232803E2,2.619593008E1,9.169672442E1,5.592508978E1,3.809193910E0,8.388500262E1,4.510034333E0,4.015126292E0
3.460232989E2,2.619593197E1,9.169676398E1,5.593111352E1,3.835174701E0,8.613684335E1,4.516625616E0,4.023309401E0
3.470233183E2,2.619593231E1,9.169679887E1,5.590677039E1,3.619684600E0,8.824962192E1,4.506022883E0,4.007829517E0
3.480233388E2,2.619593544E1,9.169683291E1,5.587917373E1,3.458971673E0,8.595321617E1,4.476015655E0,3.950125337E0
3.490233582E2,2.619593775E1,9.169686399E1,5.589282867E1,3.330663664E0,8.651099702E1,4.491099576E0,3.958573729E0
3.500233774E2,2.619593834E1,9.169689886E1,5.575780898E1,3.378538923E0,8.873885149E1,4.519947601E0,3.972618196E0
3.510233973E2,2.619593926E1,9.169693927E1,5.517880641E1,3.695673427E0,8.894817206E1,4.580695787E0,4.043272145E0
3.520234154E2,2.619593945E1,9.169697983E1,5.488928857E1,3.893051251E0,8.915500365E1,4.610778362E0,4.070425008E0
3.530234351E2,2.619594700E1,9.169702234E1,5.489035392E1,4.079662991E0,8.338368520E1,4.627335340E0,4.094619302E0
3.540234545E2,2.619595455E1,9.169706313E1,5.480253211E1,4.115401855E0,8.065216316E1,4.591290358E0,4.085260351E0
3.550234744E2,2.619595949E1,9.169710666E1,5.471922137E1,4.229622195E0,8.231559512E1,4.589673521E0,4.093842634E0
3.560234934E2,2.619596012E1,9.169714881E1,5.464530248E1,4.166925869E0,8.598783866E1,4.572208784E0,4.044044814E0
3.570235128E2,2.619596138E1,9.169718870E1,5.474211112E1,4.051065652E0,8.708344515E1,4.629927112E0,4.079989254E0
3.580235328E2,2.619596172E1,9.169722731E1,5.451015280E1,3.904560806E0,8.836838072E1,4.629309873E0,4.063780280E0
3.590235521E2,2.619596906E1,9.169726819E1,5.447755985E1,3.952843632E0,8.345318937E1,4.651222909E0,4.102155946E0
3.600235710E2,2.619597506E1,9.169730836E1,5.434877396E1,3.938524558E0,8.269529362E1,4.632550283E0,4.061858120E0
3.610235910E2,2.619597577E1,9.169734760E1,5.430773231E1,3.857955209E0,8.666753662E1,4.588771162E0,4.009757524E0
3.620236097E2,2.619598146E1,9.169738703E1,5.416563194E1,3.863349423E0,8.442951082E1,4.600903631E0,4.013005876E0
3.630236303E2,2.619598017E1,9.169742376E1,5.409482513E1,3.729565326E0,8.929573563E1,4.657898479E0,4.058277702E0
3.640236491E2,2.619598339E1,9.169745806E1,5.420084534E1,3.560895363E0,8.652461646E1,4.657307818E0,4.092400392E0
3.650236686E2,2.619598956E1,9.169749603E1,5.426464618E1,3.674846420E0,8.347751828E1,4.650106843E0,4.055292473E0
3.660236879E2,2.619599040E1,9.169753408E1,5.393317052E1,3.711587602E0,8.617326377E1,4.629884353E0,4.018720787E0
3.670237078E2,2.619599414E1,9.169757377E1,5.416893783E1,3.820413103E0,8.485715268E1,4.622704635E0,4.007975831E0
3.680237273E2,2.619599472E1,9.169761333E1,5.406205352E1,3.844990364E0,8.796717046E1,4.592557552E0,3.984266334E0
3.690237465E2,2.619599421E1,9.169765211E1,5.420732283E1,3.828812699E0,8.909500157E1,4.580619567E0,3.976798123E0
3.700237666E2,2.619599392E1,9.169769036E1,5.411382706E1,3.832435997E0,8.923968732E1,4.568696589E0,3.969537544E0
3.710237850E2,2.619599729E1,9.169773068E1,5.412420109E1,3.951807861E0,8.636026740E1,4.578674753E0,3.997618214E0
3.720238048E2,2.619600466E1,9.169776878E1,5.395047569E1,3.911334586E0,8.125293885E1,4.565094209E0,3.987678889E0
3.730238237E2,2.619601031E1,9.169780886E1,5.400162891E1,3.932536788E0,8.095595738E1,4.571341729E0,3.961225804E0
3.740238437E2,2.619601452E1,9.169784882E1,5.391235112E1,3.926094547E0,8.245389718E1,4.483371185E0,3.900378000E0
3.750238634E2,2.619601600E1,9.169789260E1,5.397869388E1,4.116726501E0,8.604627483E1,4.420119105E0,3.855814860E0
3.760238830E2,2.619602095E1,9.169793344E1,5.380548433E1,4.076152869E0,8.476621558E1,4.356161851E0,3.784103202E0
3.770239018E2,2.619602355E1,9.169797438E1,5.378164527E1,4.095934938E0,8.531152225E1,4.364137156E0,3.786684834E0
3.780239219E2,2.619602552E1,9.169801184E1,5.406966572E1,3.896632068E0,8.645756094E1,4.342940435E0,3.769812769E0
3.792354801E2,2.619603214E1,9.169816397E1,5.349883748E1,3.776565167E0,8.803388841E1,4.424721982E0,3.944555146E0
3.802337251E2,2.619603463E1,9.169819965E1,5.373649010E1,3.658479404E0,8.708183925E1,4.451503765E0,3.949016319E0
3.812337206E2,2.619603731E1,9.169823767E1,5.339540795E1,3.696923662E0,8.605491873E1,4.457706948E0,4.110903551E0
3.822337396E2,2.619603732E1,9.169826961E1,5.339180100E1,3.414217045E0,8.729343508E1,4.441246873E0,4.052925672E0
3.832337242E2,2.619603797E1,9.169830299E1,5.347043237E1,3.364735913E0,8.823116767E1,4.470389995E0,4.043521632E0
3.842337111E2,2.619603912E1,9.169834009E1,5.319276323E1,3.549107299E0,8.812109602E1,4.512329591E0,4.081009644E0
3.852337222E2,2.619603522E1,9.169837193E1,5.279752000E1,3.318754864E0,9.315817583E1,4.474196995E0,4.065236854E0
3.862337009E2,2.619603218E1,9.169840210E1,5.319168488E1,3.070464317E0,9.545061861E1,4.510265758E0,4.128492018E0
3.872336800E2,2.619603314E1,9.169843654E1,5.304952787E1,3.197388365E0,9.094057469E1,4.480027096E0,4.113760608E0
3.882336827E2,2.619603360E1,9.169847229E1,5.290543194E1,3.370504266E0,9.025213664E1,4.453891824E0,4.068099730E0
3.892336569E2,2.619603399E1,9.169850878E1,5.297402101E1,3.477353923E0,9.050123586E1,4.508584673E0,4.095798447E0
3.902336327E2,2.619602996E1,9.169854338E1,5.277164074E1,3.459442012E0,9.459203911E1,4.422979761E0,3.998080054E0
3.912336336E2,2.619602122E1,9.169857936E1,5.305770907E1,3.580402328E0,1.009531984E2,4.370907880E0,4.034021636E0
3.922336075E2,2.619601111E1,9.169861603E1,5.287682587E1,3.699368815E0,1.040140129E2,4.369004353E0,4.120590419E0
3.932335848E2,2.619599912E1,9.169864907E1,5.257411656E1,3.616051619E0,1.089863108E2,4.389358020E0,4.085782008E0
3.942335850E2,2.619598416E1,9.169867975E1,5.251950789E1,3.549257517E0,1.145103981E2,4.375569890E0,4.020993651E0
3.952335855E2,2.619597047E1,9.169871105E1,5.237753978E1,3.534595802E0,1.153251261E2,4.364478647E0,3.993963756E0
3.962335875E2,2.619595505E1,9.169874578E1,5.215583418E1,3.695879200E0,1.161931343E2,4.415743119E0,4.021636445E0
3.972335894E2,2.619593285E1,9.169877000E1,5.210791239E1,3.481122690E0,1.263523226E2,4.394568847E0,3.986350656E0
3.982335937E2,2.619591576E1,9.169879276E1,5.125919898E1,3.118690061E0,1.288180685E2,4.436227233E0,3.977586904E0
3.992335980E2,2.619588275E1,9.169881889E1,5.120079174E1,3.620868422E0,1.378571827E2,4.463204966E0,4.080799551E0
4.002336032E2,2.619585521E1,9.169884111E1,5.167786901E1,3.691085662E0,1.424516745E2,4.421707654E0,4.034199775E0
4.012336095E2,2.619582771E1,9.169886065E1,5.204909456E1,3.649381516E0,1.465276295E2,4.322344106E0,3.893770118E0
4.022336172E2,2.619579995E1,9.169888016E1,5.236215084E1,3.645652463E0,1.478027255E2,4.283282976E0,3.865723426E0
4.032336241E2,2.619577054E1,9.169889574E1,5.242853471E1,3.622733104E0,1.515991815E2,4.259533374E0,3.827494933E0
4.042336323E2,2.619573903E1,9.169890606E1,5.250725567E1,3.616492501E0,1.586520412E2,4.210845934E0,3.781393339E0
4.052336413E2,2.619570685E1,9.169891314E1,5.271442004E1,3.693427802E0,1.648919608E2,4.197315692E0,3.753511297E0
4.062336510E2,2.619567447E1,9.169892177E1,5.283505474E1,3.738807950E0,1.660070631E2,4.191941962E0,3.695918166E0
4.072336613E2,2.619564342E1,9.169893500E1,5.308787160E1,3.747253431E0,1.631605617E2,4.161234231E0,3.655706192E0
4.082336714E2,2.619561257E1,9.169894729E1,5.298310173E1,3.715302924E0,1.621276915E2,4.129822636E0,3.617041312E0
4.092336829E2,2.619557992E1,9.169895932E1,5.298037528E1,3.766374993E0,1.627629110E2,4.114946853E0,3.607095814E0
4.102336944E2,2.619554693E1,9.169896856E1,5.294026865E1,3.764587516E0,1.653032578E2,4.101877113E0,3.643290055E0
4.112337059E2,2.619551108E1,9.169897715E1,5.324075076E1,3.896626858E0,1.675802588E2,4.173178331E0,3.674005513E0
4.122337174E2,2.619547870E1,9.169898508E1,5.327223749E1,3.744827864E0,1.684929084E2,4.143996139E0,3.642410970E0
4.132337308E2,2.619544329E1,9.169899324E1,5.295689517E1,3.790955505E0,1.689838393E2,4.184730595E0,3.704626839E0
4.142337432E2,2.619541092E1,9.169900670E1,5.270668986E1,3.809572975E0,1.640466558E2,4.137100984E0,3.642989746E0
4.152337569E2,2.619537782E1,9.169901909E1,5.279011028E1,3.835863957E0,1.627875501E2,4.108921448E0,3.613368389E0
4.162337705E2,2.619534294E1,9.169902883E1,5.265362557E1,3.885287264E0,1.653379720E2,4.166244006E0,3.652432658E0
4.172337843E2,2.619530947E1,9.169903597E1,5.297626342E1,3.777991244E0,1.675539349E2,4.183660624E0,3.825161952E0
4.182337987E2,2.619528052E1,9.169904452E1,5.299707253E1,3.492670976E0,1.663289532E2,4.156565524E0,3.912219610E0
4.192338130E2,2.619525016E1,9.169905422E1,5.331896022E1,3.459571820E0,1.645578837E2,4.220779858E0,4.021453451E0
4.202338272E2,2.619522087E1,9.169906556E1,5.292397196E1,3.417402764E0,1.632677732E2,4.222123231E0,3.912835377E0
4.212338420E2,2.619518400E1,9.169907129E1,5.311633168E1,3.790874983E0,1.670407534E2,4.211618220E0,3.881488366E0
4.222338565E2,2.619515085E1,9.169908428E1,5.342486669E1,3.858819002E0,1.641234854E2,4.260311730E0,3.922954955E0
4.232338730E2,2.619511609E1,9.169909523E1,5.310705249E1,3.868752873E0,1.650363771E2,4.278632901E0,3.949121370E0
4.242338881E2,2.619508106E1,9.169910421E1,5.286248169E1,3.869656626E0,1.661622193E2,4.264601932E0,3.917128385E0
4.252339030E2,2.619504695E1,9.169911196E1,5.284036307E1,3.815857828E0,1.674854957E2,4.237083825E0,3.880440383E0
4.262339193E2,2.619501520E1,9.169912049E1,5.279586624E1,3.632290260E0,1.675417985E2,4.232002581E0,3.873143344E0
4.272339346E2,2.619498232E1,9.169912415E1,5.243375092E1,3.574476904E0,1.720292827E2,4.263744797E0,3.887897682E0
4.282339504E2,2.619494724E1,9.169913335E1,5.241353650E1,3.721987735E0,1.698466909E2,4.274062427E0,3.926562781E0
4.292339673E2,2.619491302E1,9.169913855E1,5.226529027E1,3.766320263E0,1.713766198E2,4.264245275E0,3.849305178E0
4.302339827E2,2.619487973E1,9.169914616E1,5.213458574E1,3.730126405E0,1.705708461E2,4.336312457E0,3.894309782E0
4.312339998E2,2.619484694E1,9.169915160E1,5.207827108E1,3.686493142E0,1.718590294E2,4.353287962E0,3.896894077E0
4.322340163E2,2.619481171E1,9.169915489E1,5.200252233E1,3.743870752E0,1.738421730E2,4.349084250E0,3.920962798E0
4.332340327E2,2.619477809E1,9.169915860E1,5.186357128E1,3.655673360E0,1.749789648E2,4.352018034E0,3.950345258E0
4.342340499E2,2.619474401E1,9.169916173E1,5.171270550E1,3.694856972E0,1.753499906E2,4.300706966E0,3.911607019E0
4.352340659E2,2.619470996E1,9.169916370E1,5.192175559E1,3.735401861E0,1.761480787E2,4.262532652E0,3.834269265E0
4.362340828E2,2.619467775E1,9.169916467E1,5.197576093E1,3.643078589E0,1.772402122E2,4.259965713E0,3.795478027E0
4.372341001E2,2.619464285E1,9.169916594E1,5.197424655E1,3.734421941E0,1.774934176E2,4.224304937E0,3.789020741E0
4.382341173E2,2.619461225E1,9.169916910E1,5.172655590E1,3.550238976E0,1.760671132E2,4.203335853E0,3.776504629E0
4.392341337E2,2.619458412E1,9.169916668E1,5.122011244E1,3.277802105E0,1.800677166E2,4.238227218E0,3.837279756E0
4.402341510E2,2.619455069E1,9.169916102E1,5.103027107E1,3.403032570E0,1.856505943E2,4.270320255E0,3.891869627E0
4.412341683E2,2.619451649E1,9.169915765E1,5.126207515E1,3.522053535E0,1.863228305E2,4.277664974E0,3.908685380E0
4.422341860E2,2.619448391E1,9.169915649E1,5.166728188E1,3.575055178E0,1.839478638E2,4.281561187E0,3.885589649E0
4.432342029E2,2.619445269E1,9.169915418E1,5.187811671E1,3.512941339E0,1.834872414E2,4.279966734E0,3.879535030E0
4.442342199E2,2.619441871E1,9.169914836E1,5.205713469E1,3.602561251E0,1.871091886E2,4.291312326E0,3.885197203E0
4.452342390E2,2.619438593E1,9.169914168E1,5.215092177E1,3.568655190E0,1.901026844E2,4.288700197E0,3.877376758E0
4.462342542E2,2.619435457E1,9.169913193E1,5.212684574E1,3.500584419E0,1.938183408E2,4.247356506E0,3.814945742E0
4.472342727E2,2.619432292E1,9.169912025E1,5.205716245E1,3.554631745E0,1.968767422E2,4.324130460E0,3.875056369E0
4.482342893E2,2.619429464E1,9.169910983E1,5.238612782E1,3.456348414E0,1.974318805E2,4.266667026E0,3.857368403E0
4.492343073E2,2.619426511E1,9.169910247E1,5.252214294E1,3.375887251E0,1.956712172E2,4.267572891E0,3.896747962E0
4.502343254E2,2.619423521E1,9.169909659E1,5.273985891E1,3.372060075E0,1.929712119E2,4.234716902E0,3.886067955E0
4.512343432E2,2.619420788E1,9.169909454E1,5.251739316E1,3.180239419E0,1.880187558E2,4.239399344E0,3.897113949E0
4.522343597E2,2.619418010E1,9.169909171E1,5.235227907E1,3.125725210E0,1.864384169E2,4.234628293E0,3.897917356E0
4.532343784E2,2.619415060E1,9.169908658E1,5.249951213E1,3.222795176E0,1.879979686E2,4.263055515E0,3.895013210E0
4.542343960E2,2.619412509E1,9.169907867E1,5.250722428E1,3.128472487E0,1.917980022E2,4.303795236E0,3.935801129E0
4.552344135E2,2.619410293E1,9.169907431E1,5.235649541E1,2.828152538E0,1.925240293E2,4.338684875E0,3.989314329E0
4.562344315E2,2.619407650E1,9.169906718E1,5.255587092E1,2.870151902E0,1.934595049E2,4.380935379E0,3.986965635E0
4.572344495E2,2.619405482E1,9.169906048E1,5.275976396E1,2.625672746E0,1.929634327E2,4.390703199E0,3.995137399E0
4.582344670E2,2.619402605E1,9.169906316E1,5.246756369E1,2.859398212E0,1.819684763E2,4.479439898E0,4.146403284E0
4.592344850E2,2.619399633E1,9.169906151E1,5.261791973E1,2.981790073E0,1.820580816E2,4.529079852E0,4.247833064E0
4.602345021E2,2.619396514E1,9.169906100E1,5.271430742E1,3.132799318E0,1.809433315E2,4.590727928E0,4.369095591E0
4.612345201E2,2.619393292E1,9.169904950E1,5.279619511E1,3.392123584E0,1.903050216E2,4.638982106E0,4.334410235E0
4.622345379E2,2.619390570E1,9.169904054E1,5.267323193E1,3.229934611E0,1.936096629E2,4.684324453E0,4.328980099E0
4.632345562E2,2.619387650E1,9.169903313E1,5.242257165E1,3.248869713E0,1.925264052E2,4.749013802E0,4.366508337E0
4.642345743E2,2.619384684E1,9.169902965E1,5.251344557E1,3.208973100E0,1.895639339E2,4.767728767E0,4.354323249E0
4.652345918E2,2.619382110E1,9.169902131E1,5.292483705E1,2.925715230E0,1.951550186E2,4.792090933E0,4.948051316E0
4.662346090E2,2.619379435E1,9.169901380E1,5.241669103E1,2.959582267E0,1.961491712E2,4.810361720E0,4.765019630E0
4.672346274E2,2.619377157E1,9.169900074E1,5.223098862E1,2.876881351E0,2.011575692E2,4.826487113E0,4.517506779E0
4.682346451E2,2.619373627E1,9.169900287E1,5.199752733E1,3.249998460E0,1.862959758E2,4.871221965E0,4.523922103E0
4.692346636E2,2.619370203E1,9.169899759E1,5.240340794E1,3.539581972E0,1.874312115E2,4.868904060E0,4.483407783E0
4.702346815E2,2.619366928E1,9.169898806E1,5.242828156E1,3.631176190E0,1.917692556E2,4.828664567E0,4.433986678E0
4.712346991E2,2.619363607E1,9.169898129E1,5.216609766E1,3.657492018E0,1.909789519E2,4.819137132E0,4.403152089E0
4.722347172E2,2.619360314E1,9.169897171E1,5.207309886E1,3.641952798E0,1.929884224E2,4.824345275E0,4.432326733E0
4.732347352E2,2.619357175E1,9.169896584E1,5.197339416E1,3.507429454E0,1.911428396E2,4.830361289E0,4.425801571E0
4.742347536E2,2.619353598E1,9.169896139E1,5.205596230E1,3.668868561E0,1.879441245E2,4.862332173E0,4.453175040E0
4.752347715E2,2.619350417E1,9.169895610E1,5.188959348E1,3.576713046E0,1.893640485E2,4.810726802E0,4.372836763E0
4.762347898E2,2.619347488E1,9.169894844E1,5.192711868E1,3.381337049E0,1.922680046E2,4.813462711E0,4.328620920E0
4.772348076E2,2.619344368E1,9.169894032E1,5.198108105E1,3.351922691E0,1.927367058E2,4.820582991E0,4.308314768E0
4.782348258E2,2.619341233E1,9.169893303E1,5.203259044E1,3.403866211E0,1.922808102E2,4.767970757E0,4.253761171E0
4.792348431E2,2.619338232E1,9.169892471E1,5.200056560E1,3.351541374E0,1.935766302E2,4.741631208E0,4.217036046E0
4.802348614E2,2.619335367E1,9.169891654E1,5.188847987E1,3.282072981E0,1.936686070E2,4.727610705E0,4.549548223E0
4.812348794E2,2.619332208E1,9.169891110E1,5.183269596E1,3.479851935E0,1.886819709E2,4.711972139E0,4.608722219E0
4.822348975E2,2.619329631E1,9.169890684E1,5.154412937E1,3.172770030E0,1.900150331E2,4.650963847E0,4.624444458E0
4.832349156E2,2.619326863E1,9.169890242E1,5.153302581E1,3.104759237E0,1.875565171E2,4.632048312E0,4.525622219E0
4.842349337E2,2.619324030E1,9.169889508E1,5.191523636E1,3.148648113E0,1.896498117E2,4.620705670E0,4.085723218E0
4.852349520E2,2.619320888E1,9.169888907E1,5.189938078E1,3.315470703E0,1.897950219E2,4.627524764E0,4.105205060E0
4.862349700E2,2.619317772E1,9.169888350E1,5.181096714E1,3.359037014E0,1.885275563E2,4.624192375E0,4.115280691E0
4.872349872E2,2.619314434E1,9.169887523E1,5.186215934E1,3.515763057E0,1.906529392E2,4.644737552E0,4.070293749E0
4.882350050E2,2.619311309E1,9.169886648E1,5.187368010E1,3.526095264E0,1.929408747E2,4.651074013E0,4.098092902E0
4.892350232E2,2.619308422E1,9.169885702E1,5.165863313E1,3.470867161E0,1.951342118E2,4.612502013E0,4.050537621E0
4.902350420E2,2.619305701E1,9.169884481E1,5.141515320E1,3.388206997E0,1.983317866E2,4.582540864E0,4.000952622E0
4.912350593E2,2.619302800E1,9.169883816E1,5.141592809E1,3.312117925E0,1.952775842E2,4.569933862E0,4.032025156E0
4.922350774E2,2.619299613E1,9.169882568E1,5.147707460E1,3.513941156E0,1.975567480E2,4.647196986E0,4.124412291E0
4.932350955E2,2.619296288E1,9.169881851E1,5.152603571E1,3.609610898E0,1.935773828E2,4.657212664E0,4.144056653E0
4.942351138E2,2.619292464E1,9.169881485E1,5.168049303E1,3.860316647E0,1.882717125E2,4.636946533E0,4.122261236E0
4.952351320E2,2.619288792E1,9.169881300E1,5.181348983E1,3.888155028E0,1.852183933E2,4.599834573E0,4.067328896E0
4.962351502E2,2.619285033E1,9.169880696E1,5.170037274E1,3.948362696E0,1.865262296E2,4.605315838E0,4.111874699E0
4.972351683E2,2.619281558E1,9.169879626E1,5.204823848E1,3.891172289E0,1.904379716E2,4.619241552E0,4.108673836E0
4.982351868E2,2.619278352E1,9.169879047E1,5.233117821E1,3.715332822E0,1.892412540E2,4.664649061E0,4.142200398E0
4.991438014E2,2.619248714E1,9.169873562E1,5.389012161E1,NaN,NaN,3.131975203E1,3.046949622E1
5.025864237E2,2.619223141E1,9.169854832E1,5.650086970E1,2.066494942E0,1.909457656E2,1.062717875E1,1.838649750E1
5.035864419E2,2.619221242E1,9.169856794E1,5.398846169E1,2.116358757E0,1.924099943E2,7.497650802E0,3.000000000E0
5.045864608E2,2.619217593E1,9.169858283E1,5.375128652E1,2.116358757E0,1.985446653E2,6.385788140E0,3.000000000E0
5.055864694E2,2.619215493E1,9.169857827E1,5.343363469E1,2.494967937E0,2.004203718E2,5.299811092E0,3.000000000E0
5.065864869E2,2.619211884E1,9.169855849E1,5.304049477E1,2.730505228E0,2.028548971E2,4.919246352E0,3.000000000E0
5.075865058E2,2.619208015E1,9.169854672E1,5.218769923E1,2.908835649E0,2.038035558E2,4.682957237E0,3.000000000E0
5.085865242E2,2.619204492E1,9.169852722E1,5.223622565E1,2.908835649E0,2.063013969E2,4.442690752E0,3.000000000E0
5.095865429E2,2.619201787E1,9.169851423E1,5.206143103E1,2.984974384E0,2.033803436E2,4.136425192E0,3.000000000E0
5.105865609E2,2.619199064E1,9.169850203E1,5.191833615E1,3.106624842E0,2.028912747E2,3.800334870E0,3.000000000E0
5.115865805E2,2.619195998E1,9.169848780E1,5.161019320E1,3.533856392E0,2.047676916E2,3.388041222E0,3.000000000E0
5.125865979E2,2.619193192E1,9.169847277E1,5.165710123E1,3.390479088E0,2.084315417E2,3.155578571E0,3.000000000E0
5.135866172E2,2.619190422E1,9.169845755E1,5.162483879E1,3.423012018E0,2.036934395E2,2.888768906E0,3.000000000E0
5.145866354E2,2.619187593E1,9.169844379E1,5.162483878E1,3.423012018E0,2.036934334E2,4.748651530E0,3.945197589E0
5.155866535E2,2.619184186E1,9.169842733E1,5.169485327E1,3.469147205E0,2.046491951E2,4.748651530E0,4.174486918E0
5.165866717E2,2.619180622E1,9.169840989E1,5.186649478E1,3.683749676E0,2.054956325E2,4.748651530E0,4.258700225E0
5.175866903E2,2.619177567E1,9.169839220E1,5.174040506E1,3.603381872E0,2.063789945E2,4.748651530E0,4.872265023E0
5.185844895E2,2.619175146E1,9.169837589E1,5.146261582E1,3.603381872E0,2.087207653E2,4.748651530E0,6.267957491E0
5.194465051E2,2.619172908E1,9.169835981E1,5.133373901E1,3.600325823E0,2.103230054E2,4.748651530E0,7.158833099E0
5.204464901E2,2.619170717E1,9.169834359E1,5.132156157E1,3.591337681E0,2.113192008E2,4.748651530E0,5.457805042E0
5.214464761E2,2.619167916E1,9.169832881E1,5.145474438E1,3.591337681E0,2.085027593E2,4.748651530E0,6.535110908E0
5.224464871E2,2.619165133E1,9.169830837E1,5.127064554E1,3.526963711E0,2.110064467E2,4.748651530E0,4.940305660E0
5.234464918E2,2.619162457E1,9.169829039E1,5.123352639E1,3.504998207E0,2.121729198E2,4.748651530E0,6.047974974E0
5.244464983E2,2.619159996E1,9.169826965E1,5.112991720E1,3.452587128E0,2.185888158E2,4.748651530E0,4.882269008E0
5.254465043E2,2.619157772E1,9.169824367E1,5.122229794E1,3.422139883E0,2.242683493E2,4.748651530E0,4.779747074E0
5.264465110E2,2.619155866E1,9.169821511E1,5.125832182E1,3.422139883E0,2.275620571E2,4.748651530E0,5.875545730E0
5.274465186E2,2.619154131E1,9.169818834E1,5.121543587E1,3.393068552E0,2.294255511E2,4.748651530E0,6.796341397E0
5.284465266E2,2.619152032E1,9.169816391E1,5.106295423E1,3.346364737E0,2.277538764E2,4.748651530E0,7.584546867E0
5.294465353E2,2.619150324E1,9.169812954E1,5.097651202E1,3.634132624E0,2.352480396E2,4.748651530E0,8.232874335E0
5.304465434E2,2.619149720E1,9.169809422E1,5.093024173E1,3.652247429E0,2.473116000E2,4.748651530E0,8.836145925E0
5.314465541E2,2.619149583E1,9.169805735E1,5.091816230E1,3.634132624E0,2.591534806E2,4.748651530E0,9.360986944E0
5.324465646E2,2.619149534E1,9.169802255E1,5.094883496E1,3.544571877E0,2.642195960E2,4.748651530E0,9.832775169E0
5.334465745E2,2.619149630E1,9.169798719E1,5.091547155E1,3.530394316E0,2.679393170E2,4.748651530E0,1.025872017E1
5.344465858E2,2.619151284E1,9.169795849E1,5.038421474E1,3.491858191E0,2.710628450E2,1.999999985E0,3.000000000E0
5.354465971E2,2.619151523E1,9.169792507E1,5.040934546E1,3.439993404E0,2.693423229E2,1.999999987E0,3.000000000E0
5.364466096E2,2.619151518E1,9.169788827E1,5.025475336E1,3.412150017E0,2.698154028E2,1.999999987E0,3.000000000E0
5.374466217E2,2.619150965E1,9.169786120E1,5.018204097E1,3.132543992E0,2.701173770E2,1.999999960E0,3.000000000E0
5.384466345E2,2.619150911E1,9.169782449E1,5.012786475E1,3.394520123E0,2.697229477E2,1.999999957E0,3.000000000E0
5.394466466E2,2.619150881E1,9.169779337E1,5.029443235E1,3.212574627E0,2.692126321E2,1.999999952E0,3.000000000E0
5.404466605E2,2.619151249E1,9.169775797E1,5.001870806E1,3.355430040E0,2.741785971E2,1.999999948E0,3.000000000E0
5.414466739E2,2.619151244E1,9.169772410E1,5.023539853E1,3.365842149E0,2.716288821E2,1.999999959E0,3.000000000E0
5.424466872E2,2.619151131E1,9.169768968E1,5.027315305E1,3.396012048E0,2.694148517E2,1.999999954E0,3.000000000E0
5.434467017E2,2.619151225E1,9.169765427E1,5.025368495E1,3.504305670E0,2.708891086E2,1.999999960E0,3.000000000E0
5.444467153E2,2.619151458E1,9.169762565E1,5.041291465E1,3.032912178E0,2.724194568E2,1.999999969E0,3.000000000E0
5.454467295E2,2.619151529E1,9.169758717E1,5.079334631E1,3.442065287E0,2.715331689E2,1.999999959E0,3.000000000E0
5.464467445E2,2.619151566E1,9.169755063E1,5.103138392E1,3.663265193E0,2.709829950E2,1.999999964E0,3.000000000E0
5.474467587E2,2.619151871E1,9.169752381E1,5.114295588E1,3.046963136E0,2.728399755E2,1.999999968E0,3.000000000E0
5.484467742E2,2.619151913E1,9.169749074E1,5.143061387E1,3.109286187E0,2.696631319E2,1.999999980E0,3.000000000E0
5.494467891E2,2.619151667E1,9.169745151E1,5.137500112E1,3.757811885E0,2.673644696E2,1.999999976E0,3.000000000E0
5.504468046E2,2.619151586E1,9.169742088E1,5.153057941E1,3.383182681E0,2.681701904E2,1.999999982E0,3.000000000E0
5.514468193E2,2.619151647E1,9.169738484E1,5.153554363E1,3.465175400E0,2.698693709E2,1.999999984E0,3.000000000E0
5.524468350E2,2.619151683E1,9.169735161E1,5.187476120E1,3.356488955E0,2.696424673E2,1.999999984E0,3.000000000E0
5.534468510E2,2.619151862E1,9.169731694E1,5.185398671E1,3.461835654E0,2.716917285E2,1.999999980E0,3.000000000E0
5.544468661E2,2.619152153E1,9.169728348E1,5.184338355E1,3.393360523E0,2.740940222E2,1.999999979E0,3.000000000E0
5.554468818E2,2.619152019E1,9.169724894E1,5.195769018E1,3.356791017E0,2.712062472E2,1.999999987E0,3.000000000E0
5.564468981E2,2.619152072E1,9.169721500E1,5.195190031E1,3.338222372E0,2.707946800E2,1.999999984E0,3.000000000E0
5.574469142E2,2.619152118E1,9.169718099E1,5.208256691E1,3.377509351E0,2.708505554E2,1.999999987E0,3.000000000E0
5.584469299E2,2.619152184E1,9.169714744E1,5.222205630E1,3.391917774E0,2.709562073E2,1.999999992E0,3.000000000E0
5.594469463E2,2.619152305E1,9.169711494E1,5.257568537E1,3.299517669E0,2.702319354E2,1.999999994E0,3.000000000E0
5.604469624E2,2.619152362E1,9.169708149E1,5.282551654E1,3.326960383E0,2.707840759E2,1.999999994E0,3.000000000E0
5.614469791E2,2.619152443E1,9.169705042E1,5.291554928E1,3.223877593E0,2.708322594E2,1.999999995E0,3.000000000E0
5.624469951E2,2.619152490E1,9.169701709E1,5.304470677E1,3.309784747E0,2.701414838E2,1.999999996E0,3.000000000E0
5.634470129E2,2.619152632E1,9.169698527E1,5.338790308E1,3.286185066E0,2.711521044E2,2.000000005E0,3.000000000E0
5.644470282E2,2.619152690E1,9.169695328E1,5.339702809E1,3.279836079E0,2.703655176E2,2.000000005E0,3.000000000E0
5.654470881E2,2.619153032E1,9.169691987E1,5.347103822E1,3.330423058E0,2.739756555E2,2.000000005E0,3.000000000E0
5.664470615E2,2.619152618E1,9.169688557E1,5.351524660E1,3.401761168E0,2.675724195E2,2.011489154E0,3.000000000E0
5.674470788E2,2.619152970E1,9.169685184E1,5.365815096E1,3.350025395E0,2.711013541E2,2.010914695E0,3.000000000E0
5.684470952E2,2.619153273E1,9.169682050E1,5.376961617E1,3.230605118E0,2.730246631E2,2.010368959E0,3.000000000E0
5.694471118E2,2.619153141E1,9.169678738E1,5.376160154E1,3.266863830E0,2.696298525E2,2.009850518E0,3.000000000E0
5.704471285E2,2.619153316E1,9.169675330E1,5.365961495E1,3.378227120E0,2.708293304E2,2.009357993E0,3.000000000E0
5.714471461E2,2.619153314E1,9.169672009E1,5.391858763E1,3.336975820E0,2.696559115E2,2.008890089E0,3.000000000E0
5.724471623E2,2.619153324E1,9.169668619E1,5.375050769E1,3.383120766E0,2.698730292E2,2.008445583E0,3.000000000E0
5.734471796E2,2.619153057E1,9.169666230E1,5.426267834E1,2.736586404E0,2.660334755E2,2.008023308E0,3.000000000E0
5.744471972E2,2.619153302E1,9.169661903E1,5.390919265E1,3.543350764E0,2.712460250E2,2.007622138E0,3.000000000E0
5.754472132E2,2.619153312E1,9.169658426E1,5.405183107E1,3.527058033E0,2.709833224E2,2.007241038E0,3.000000000E0
5.764472312E2,2.619153588E1,9.169655416E1,5.378608249E1,3.173156847E0,2.736743359E2,2.024117387E0,3.000000000E0
5.774472478E2,2.619153692E1,9.169651439E1,5.391627759E1,3.604273572E0,2.724194038E2,2.049268953E0,3.000000000E0
5.784472646E2,2.619153891E1,9.169648078E1,5.415198311E1,3.444023800E0,2.717570023E2,2.046805501E0,3.000000000E0
5.794472824E2,2.619154121E1,9.169644452E1,5.427398642E1,3.491394928E0,2.727341348E2,2.049378789E0,3.000000000E0
5.804472990E2,2.619154093E1,9.169640864E1,5.420053424E1,3.458700024E0,2.706177166E2,2.046909846E0,3.000000000E0
5.814473166E2,2.619154073E1,9.169637408E1,5.411945244E1,3.402206015E0,2.688999816E2,2.044564353E0,3.000000000E0
5.824473342E2,2.619154144E1,9.169633752E1,5.427942964E1,3.469198795E0,2.696853663E2,2.042336136E0,3.000000000E0
5.834473509E2,2.619154224E1,9.169630208E1,5.402244061E1,3.373891709E0,2.702965217E2,2.040219316E0,3.000000000E0
5.844473680E2,2.619154119E1,9.169626682E1,5.416072599E1,3.373253044E0,2.691009505E2,2.038208358E0,3.000000000E0
5.854473855E2,2.619154170E1,9.169623242E1,5.437440629E1,3.310162291E0,2.703693676E2,2.036297941E0,3.000000000E0
5.864474016E2,2.619154333E1,9.169619885E1,5.449150235E1,3.294577768E0,2.713358837E2,2.034483039E0,3.000000000E0
5.874474196E2,2.619154370E1,9.169616886E1,5.430669956E1,3.060970835E0,2.716001614E2,2.032758886E0,3.000000000E0
5.884474365E2,2.619154444E1,9.169613933E1,5.443889226E1,2.898081137E0,2.709702146E2,2.045153048E0,3.000000000E0
5.894474542E2,2.619154312E1,9.169610673E1,5.438473910E1,3.087726243E0,2.686519710E2,2.042895390E0,3.000000000E0
5.904474713E2,2.619154731E1,9.169608101E1,5.432600615E1,2.733867656E0,2.747019776E2,2.040750623E0,3.000000000E0
5.914474886E2,2.619154631E1,9.169604823E1,5.428659558E1,3.095575970E0,2.712269132E2,2.041923321E0,3.000000000E0
5.924475053E2,2.619154555E1,9.169601622E1,5.443228250E1,3.093948203E0,2.701002150E2,2.039827159E0,3.000000000E0
5.934475231E2,2.619154510E1,9.169598254E1,5.436045135E1,3.157404949E0,2.703425371E2,2.037835800E0,3.000000000E0
5.944475405E2,2.619154210E1,9.169595117E1,5.454308791E1,2.984257769E0,2.677150436E2,2.035944011E0,3.000000000E0
5.954475581E2,2.619153466E1,9.169592480E1,5.443721490E1,2.684543687E0,2.570302558E2,2.034146810E0,3.000000000E0
5.964475752E2,2.619151531E1,9.169589138E1,5.430420681E1,3.354264837E0,2.434032344E2,2.032439470E0,3.000000000E0
5.974475929E2,2.619149625E1,9.169587512E1,5.407830671E1,2.945621428E0,2.328315011E2,2.030817492E0,3.000000000E0
5.984476100E2,2.619146961E1,9.169586178E1,5.425455919E1,2.878673597E0,2.174778443E2,2.029276614E0,3.000000000E0
5.994476277E2,2.619143667E1,9.169585414E1,5.412665264E1,3.230187596E0,2.039162537E2,2.027812786E0,3.000000000E0
6.004476445E2,2.619141139E1,9.169583598E1,5.422077273E1,3.232663663E0,2.093542197E2,2.027808768E0,3.000000000E0
6.014476622E2,2.619140868E1,9.169580169E1,5.434514670E1,2.845489984E0,2.394002144E2,2.026418327E0,3.000000000E0
6.024476789E2,2.619143027E1,9.169576887E1,5.433694354E1,2.779071165E0,2.791964544E2,2.025097414E0,3.000000000E0
6.034476969E2,2.619145881E1,9.169574310E1,5.402614269E1,3.153562273E0,3.036936226E2,2.041797161E0,3.000000000E0
6.044477136E2,2.619149584E1,9.169572728E1,5.423948664E1,3.599725792E0,3.232407127E2,2.039707305E0,3.000000000E0
6.054477316E2,2.619152621E1,9.169571256E1,5.428730838E1,3.666799444E0,3.290750182E2,2.037721943E0,3.000000000E0
6.064477492E2,2.619154652E1,9.169568828E1,5.444892868E1,3.483886042E0,3.192997754E2,2.035835848E0,3.000000000E0
6.074477659E2,2.619155122E1,9.169565140E1,5.419905364E1,3.379184565E0,2.965744233E2,2.041506319E0,3.000000000E0
6.084477843E2,2.619155090E1,9.169561474E1,5.447595557E1,3.473933524E0,2.822930378E2,2.039431004E0,3.000000000E0
6.094478017E2,2.619155044E1,9.169558007E1,5.443992133E1,3.525558717E0,2.752759509E2,2.037459454E0,3.000000000E0
6.104478185E2,2.619154799E1,9.169554493E1,5.433960843E1,3.537308625E0,2.694030289E2,2.035586481E0,3.000000000E0
6.114478360E2,2.619154323E1,9.169551072E1,5.427701342E1,3.525309975E0,2.656615688E2,2.033807156E0,3.000000000E0
6.124478535E2,2.619154315E1,9.169547169E1,5.430638363E1,3.699960044E0,2.678709772E2,2.032116798E0,3.000000000E0
6.134478706E2,2.619154652E1,9.169543422E1,5.436642601E1,3.716820396E0,2.708602517E2,2.030510960E0,3.000000000E0
6.144478883E2,2.619154574E1,9.169539555E1,5.445214683E1,3.767646402E0,2.691825937E2,2.028985414E0,3.000000000E0
6.154479055E2,2.619154378E1,9.169535614E1,5.429166971E1,3.807250587E0,2.682064154E2,2.030195508E0,3.000000000E0
6.164479231E2,2.619154466E1,9.169531675E1,5.402981119E1,3.856169871E0,2.700897362E2,2.028685733E0,3.000000000E0
6.174479403E2,2.619154663E1,9.169527611E1,5.410022400E1,3.925511261E0,2.714338569E2,2.027251446E0,3.000000000E0
6.184479583E2,2.619154932E1,9.169523439E1,5.400960685E1,4.019761854E0,2.726804511E2,2.025888876E0,3.000000000E0
6.194479756E2,2.619155207E1,9.169519529E1,5.425511204E1,3.926292117E0,2.734302675E2,2.024594432E0,3.000000000E0
6.204479929E2,2.619154958E1,9.169515541E1,5.413566828E1,3.890486512E0,2.690904073E2,2.030580714E0,3.000000000E0
6.214480100E2,2.619154661E1,9.169511676E1,5.393516466E1,3.847988870E0,2.671674173E2,2.029051677E0,3.000000000E0
6.224480273E2,2.619154797E1,9.169507679E1,5.394153590E1,3.886781439E0,2.700834100E2,2.027599095E0,3.000000000E0
6.234480453E2,2.619155052E1,9.169503930E1,5.383506246E1,3.814096212E0,2.722106670E2,2.026219141E0,3.000000000E0
6.244480631E2,2.619155365E1,9.169500219E1,5.383914798E1,3.746840041E0,2.737322217E2,2.045775748E0,3.000000000E0
6.254480799E2,2.619155693E1,9.169496610E1,5.378522141E1,3.654328756E0,2.743649726E2,2.043486960E0,3.000000000E0
6.264480973E2,2.619155691E1,9.169493043E1,5.367020596E1,3.604995911E0,2.721179053E2,2.041312613E0,3.000000000E0
6.274481148E2,2.619156010E1,9.169489494E1,5.359169553E1,3.588581605E0,2.742034360E2,2.039246983E0,3.000000000E0
6.284481320E2,2.619156324E1,9.169486033E1,5.380398219E1,3.547826702E0,2.744906358E2,2.037284635E0,3.000000000E0
6.294481495E2,2.619156336E1,9.169482442E1,5.376326099E1,3.583759976E0,2.720692514E2,2.035420403E0,3.000000000E0
6.304481670E2,2.619156491E1,9.169479028E1,5.396563370E1,3.506099000E0,2.724471739E2,2.033649385E0,3.000000000E0
6.314481848E2,2.619156994E1,9.169475636E1,5.375326945E1,3.466723853E0,2.755453798E2,2.031966915E0,3.000000000E0
6.324482016E2,2.619156563E1,9.169471993E1,5.359208763E1,3.561011787E0,2.664911695E2,2.030368569E0,3.000000000E0
6.334482191E2,2.619156164E1,9.169468356E1,5.364569681E1,3.598928710E0,2.646964004E2,2.028850139E0,3.000000000E0
6.344464749E2,2.619155947E1,9.169464816E1,5.356758227E1,3.512078665E0,2.645759242E2,2.027407635E0,3.000000000E0
6.354464708E2,2.619155864E1,9.169461272E1,5.339299173E1,3.571733734E0,2.672641115E2,2.034057424E0,3.000000000E0
6.364464875E2,2.619156061E1,9.169457605E1,5.299698813E1,3.619484246E0,2.709418160E2,2.032354554E0,3.000000000E0
6.374464727E2,2.619155158E1,9.169454196E1,5.321932729E1,3.498179214E0,2.593460540E2,2.030736817E0,3.000000000E0
6.384464577E2,2.619153777E1,9.169451090E1,5.305163224E1,3.425738827E0,2.505042071E2,2.040268206E0,3.000000000E0
6.394464597E2,2.619152142E1,9.169448048E1,5.302341211E1,3.435333954E0,2.444467232E2,2.038254795E0,3.000000000E0
6.404464380E2,2.619150948E1,9.169445128E1,5.298677860E1,3.300592977E0,2.451019708E2,2.036342056E0,3.000000000E0
6.414464157E2,2.619150230E1,9.169442190E1,5.290853003E1,3.109055295E0,2.500025182E2,2.034524950E0,3.000000000E0
6.424464175E2,2.619149989E1,9.169439163E1,5.290476660E1,3.034855998E0,2.571491475E2,2.032798703E0,3.000000000E0
6.434463934E2,2.619149571E1,9.169436025E1,5.310530872E1,3.062328493E0,2.596594968E2,2.031179577E0,3.000000000E0
6.444463703E2,2.619148920E1,9.169432913E1,5.329626296E1,3.110660843E0,2.584257018E2,2.029620598E0,3.000000000E0
6.454463685E2,2.619148097E1,9.169430325E1,5.334778674E1,2.892159513E0,2.544589041E2,2.028139568E0,3.000000000E0
6.464463436E2,2.619146545E1,9.169427996E1,5.336504191E1,2.798924326E0,2.445099576E2,2.026732590E0,3.000000000E0
6.474463195E2,2.619144675E1,9.169426089E1,5.349362990E1,2.705456694E0,2.338778578E2,2.027244267E0,3.000000000E0
6.484463174E2,2.619142611E1,9.169424275E1,5.323380436E1,2.729761448E0,2.266476931E2,2.025882054E0,3.000000000E0
6.494463160E2,2.619140330E1,9.169422537E1,5.323258200E1,2.959984400E0,2.210854217E2,2.024587951E0,3.000000000E0
6.504463163E2,2.619137690E1,9.169420476E1,5.327888503E1,3.282642004E0,2.175586692E2,2.023358551E0,3.000000000E0
6.514463177E2,2.619135165E1,9.169418679E1,5.324810020E1,3.312737694E0,2.156114203E2,2.032177539E0,3.000000000E0
6.524463189E2,2.619132679E1,9.169416687E1,5.327388800E1,3.395858002E0,2.158961872E2,2.030568661E0,3.000000000E0
6.534463219E2,2.619130326E1,9.169414249E1,5.316579624E1,3.469584987E0,2.199311062E2,2.029040232E0,3.000000000E0
6.544463259E2,2.619127982E1,9.169411761E1,5.297788587E1,3.538653645E0,2.220071223E2,2.027588220E0,3.000000000E0
6.554463311E2,2.619125621E1,9.169409383E1,5.258913893E1,3.543259151E0,2.222122714E2,2.026208807E0,3.000000000E0
6.564463359E2,2.619123272E1,9.169406947E1,5.251222007E1,3.553299894E0,2.226583856E2,2.038313397E0,3.000000000E0
6.574463427E2,2.619120714E1,9.169404424E1,5.248883760E1,3.653166548E0,2.220975603E2,2.036397729E0,3.000000000E0
6.584463481E2,2.619118204E1,9.169402067E1,5.215388048E1,3.630434439E0,2.208435546E2,2.034577840E0,3.000000000E0
6.594463549E2,2.619115506E1,9.169399712E1,5.211993584E1,3.716890409E0,2.196862294E2,2.032848946E0,3.000000000E0
6.604463638E2,2.619113213E1,9.169397573E1,5.200223487E1,3.524828695E0,2.196802229E2,2.031206501E0,3.000000000E0
6.614463712E2,2.619110821E1,9.169395198E1,5.192765163E1,3.508928505E0,2.210767763E2,2.029646174E0,3.000000000E0
6.624463799E2,2.619108599E1,9.169392627E1,5.188841564E1,3.474151111E0,2.234892502E2,2.028163865E0,3.000000000E0
6.634463896E2,2.619106403E1,9.169390326E1,5.187958102E1,3.372343958E0,2.231246473E2,2.026755674E0,3.000000000E0
6.644463989E2,2.619104101E1,9.169387979E1,5.160299083E1,3.374676089E0,2.227844587E2,2.025417889E0,3.000000000E0
6.654464091E2,2.619101821E1,9.169385482E1,5.128817697E1,3.428613408E0,2.239443120E2,2.024146996E0,3.000000000E0
6.664464187E2,2.619100117E1,9.169383108E1,5.123900093E1,3.242287679E0,2.271299511E2,2.022939649E0,3.000000000E0
6.674464300E2,2.619097891E1,9.169381067E1,5.117502927E1,3.151817978E0,2.235980831E2,2.021792676E0,3.000000000E0
6.684464412E2,2.619095504E1,9.169379167E1,5.154974569E1,3.245840016E0,2.204233753E2,2.020703038E0,3.000000000E0
6.694464517E2,2.619093340E1,9.169377234E1,5.138571952E1,3.123681835E0,2.202103100E2,2.019667883E0,3.000000000E0
6.704464638E2,2.619090983E1,9.169374978E1,5.139186933E1,3.304694691E0,2.209191118E2,2.018684489E0,3.000000000E0
6.714464764E2,2.619089038E1,9.169372925E1,5.135216934E1,3.098355784E0,2.220684285E2,2.017750267E0,3.000000000E0
6.724464887E2,2.619087189E1,9.169371016E1,5.152333572E1,2.874605665E0,2.229780270E2,2.016862754E0,3.000000000E0
6.734465013E2,2.619085222E1,9.169368784E1,5.190947346E1,2.855796736E0,2.243459856E2,2.016019617E0,3.000000000E0
6.744465142E2,2.619083662E1,9.169366796E1,5.211177079E1,2.639954524E0,2.260101454E2,2.020085632E0,3.000000000E0
6.754465272E2,2.619081644E1,9.169364727E1,5.226241750E1,2.704897679E0,2.248601476E2,2.030912514E0,3.000000000E0
6.764465401E2,2.619079536E1,9.169362318E1,5.212334031E1,3.148767005E0,2.250726447E2,2.029366889E0,3.000000000E0
6.774465533E2,2.619077320E1,9.169360183E1,5.233186217E1,3.303615968E0,2.232758837E2,2.027898544E0,3.000000000E0
6.784465671E2,2.619075174E1,9.169358292E1,5.261863858E1,3.233422351E0,2.213259711E2,2.026503619E0,3.000000000E0
6.794465808E2,2.619073055E1,9.169356149E1,5.275650895E1,3.203068186E0,2.218097100E2,2.025178439E0,3.000000000E0
6.804465937E2,2.619071155E1,9.169354073E1,5.278713654E1,3.009723256E0,2.232658459E2,2.023919516E0,3.000000000E0
6.814466077E2,2.619069146E1,9.169352077E1,5.290096110E1,3.021725783E0,2.224130091E2,2.022723539E0,3.000000000E0
6.824466227E2,2.619067060E1,9.169350267E1,5.262191791E1,2.946274719E0,2.201853703E2,2.021587360E0,3.000000000E0
6.834466368E2,2.619064845E1,9.169348659E1,5.251437041E1,2.812580022E0,2.178501120E2,2.020507987E0,3.000000000E0
6.844466511E2,2.619062488E1,9.169346694E1,5.229554549E1,2.898181079E0,2.176274590E2,2.019482582E0,3.000000000E0
6.854466654E2,2.619060605E1,9.169344216E1,5.217544406E1,2.983040674E0,2.222746724E2,2.018508449E0,3.000000000E0
6.864466804E2,2.619058755E1,9.169341816E1,5.222561399E1,3.066063406E0,2.242547034E2,2.017583022E0,3.000000000E0
6.874466953E2,2.619056640E1,9.169339974E1,5.219958680E1,3.088926667E0,2.203121414E2,2.016703869E0,3.000000000E0
6.884467098E2,2.619054353E1,9.169338054E1,5.214581807E1,3.042553401E0,2.179447976E2,2.039504048E0,3.000000000E0
6.894467243E2,2.619052067E1,9.169336699E1,5.221502749E1,2.848523925E0,2.117962550E2,2.037528849E0,3.000000000E0
6.904467400E2,2.619049266E1,9.169336298E1,5.216142611E1,2.861477437E0,1.978538522E2,2.035652408E0,3.000000000E0
6.914467549E2,2.619046094E1,9.169336490E1,5.206838128E1,3.180387561E0,1.868734914E2,2.033869787E0,3.000000000E0
6.924467696E2,2.619043159E1,9.169336856E1,5.220221026E1,3.231903018E0,1.795851652E2,2.036030868E0,3.000000000E0
6.934467862E2,2.619040344E1,9.169336945E1,5.212987077E1,3.109135292E0,1.790278967E2,2.034229325E0,3.000000000E0
6.944468001E2,2.619037509E1,9.169336805E1,5.223293016E1,3.087208526E0,1.802184056E2,2.032517859E0,3.000000000E0
6.954468149E2,2.619034727E1,9.169336655E1,5.234286188E1,3.034772295E0,1.812997454E2,2.030891965E0,3.000000000E0
6.964468305E2,2.619031995E1,9.169336607E1,5.237388399E1,3.010472856E0,1.810494346E2,2.029347367E0,3.000000000E0
6.974468461E2,2.619029294E1,9.169336620E1,5.250302250E1,2.983225960E0,1.801584037E2,2.027879998E0,3.000000000E0
6.984468609E2,2.619026591E1,9.169336703E1,5.262853305E1,2.981236334E0,1.789411116E2,2.026485998E0,3.000000000E0
6.994468768E2,2.619023954E1,9.169336855E1,5.266383952E1,2.925022068E0,1.780655902E2,2.025161698E0,3.000000000E0
7.004468927E2,2.619021517E1,9.169336764E1,5.269963257E1,2.781608586E0,1.793905536E2,2.023903614E0,3.000000000E0
7.014469082E2,2.619018721E1,9.169336818E1,5.290354840E1,2.933400331E0,1.784111263E2,2.022708433E0,3.000000000E0
7.024469236E2,2.619016058E1,9.169337043E1,5.297729510E1,2.974839672E0,1.769394749E2,2.021573012E0,3.000000000E0
7.034469391E2,2.619013367E1,9.169337410E1,5.299618649E1,2.961405150E0,1.747715984E2,2.020494361E0,3.000000000E0
7.044469548E2,2.619010894E1,9.169337796E1,5.299880251E1,2.830545552E0,1.735532677E2,2.019469642E0,3.000000000E0
7.054469714E2,2.619008465E1,9.169338128E1,5.303181964E1,2.693899956E0,1.727928968E2,2.018496160E0,3.000000000E0
7.062737109E2,2.618995405E1,9.169339025E1,5.298009337E1,2.285477927E0,1.716658655E2,2.013596377E0,3.000000000E0
7.062740099E2,2.618993103E1,9.169339399E1,5.298009337E1,2.247562453E0,1.716658655E2,5.595014000E0,4.923803348E0
7.088157650E2,2.618995476E1,9.169314160E1,5.594036886E1,NaN,NaN,5.539211892E1,3.000000000E1
7.088245039E2,2.618995476E1,9.169314160E1,5.594036886E1,NaN,NaN,3.916885781E1,3.000000000E1
7.088323519E2,2.618995476E1,9.169314160E1,5.594036886E1,NaN,NaN,3.917062537E1,3.000000000E1
7.088394969E2,2.618995476E1,9.169314160E1,5.594036886E1,NaN,NaN,3.917256417E1,3.000000000E1
7.088470740E2,2.618995476E1,9.169314160E1,5.594036886E1,NaN,NaN,3.917421129E1,3.000000000E1
7.088539159E2,2.618995476E1,9.169314160E1,5.594036886E1,NaN,NaN,3.917576194E1,3.000000000E1
7.088606159E2,2.618995476E1,9.169314160E1,5.594036886E1,NaN,NaN,3.917793258E1,3.000000000E1
7.088685729E2,2.618995476E1,9.169314160E1,5.594036886E1,NaN,NaN,3.917950643E1,3.000000000E1
7.088753129E2,2.618995476E1,9.169314160E1,5.594036886E1,NaN,NaN,3.918148748E1,3.000000000E1
7.088829299E2,2.618995476E1,9.169314160E1,5.594036886E1,NaN,NaN,3.918308382E1,3.000000000E1
7.088897089E2,2.618995476E1,9.169314160E1,5.594036886E1,NaN,NaN,3.918480911E1,3.000000000E1
7.088968490E2,2.618995476E1,9.169314160E1,5.594036886E1,NaN,NaN,3.918648906E1,3.000000000E1
7.089038219E2,2.618995476E1,9.169314160E1,5.594036886E1,NaN,NaN,3.918810790E1,3.000000000E1
7.089106329E2,2.618995476E1,9.169314160E1,5.594036886E1,NaN,NaN,3.919010929E1,3.000000000E1
7.089182759E2,2.618995476E1,9.169314160E1,5.594036886E1,NaN,NaN,3.919165159E1,3.000000000E1
7.089249589E2,2.618995476E1,9.169314160E1,5.594036886E1,NaN,NaN,3.919347133E1,3.000000000E1
7.089322349E2,2.618995476E1,9.169314160E1,5.594036886E1,NaN,NaN,3.919503639E1,3.000000000E1
7.089389779E2,2.618995476E1,9.169314160E1,5.594036886E1,NaN,NaN,3.919662046E1,3.000000000E1
7.089457619E2,2.618995476E1,9.169314160E1,5.594036886E1,NaN,NaN,3.919852646E1,3.000000000E1
7.089532269E2,2.618995476E1,9.169314160E1,5.594036886E1,NaN,NaN,3.920005432E1,3.000000000E1
7.089598640E2,2.618995476E1,9.169314160E1,5.594036886E1,NaN,NaN,3.920205709E1,3.000000000E1
7.089675099E2,2.618995476E1,9.169314160E1,5.594036886E1,NaN,NaN,3.920361325E1,3.000000000E1
7.089742139E2,2.618995476E1,9.169314160E1,5.594036886E1,NaN,NaN,3.920532053E1,3.000000000E1
7.089812869E2,2.618995476E1,9.169314160E1,5.594036886E1,NaN,NaN,3.920708682E1,3.000000000E1
7.089884339E2,2.618995476E1,9.169314160E1,5.594036886E1,NaN,NaN,3.920852195E1,3.000000000E1
7.089949199E2,2.618995476E1,9.169314160E1,5.594036886E1,NaN,NaN,3.921035922E1,3.000000000E1
7.090022129E2,2.618995476E1,9.169314160E1,5.594036886E1,NaN,NaN,3.921195794E1,3.000000000E1
7.090090429E2,2.618995476E1,9.169314160E1,5.594036886E1,NaN,NaN,3.921387741E1,3.000000000E1
7.090165070E2,2.618995476E1,9.169314160E1,5.594036886E1,NaN,NaN,3.921546612E1,3.000000000E1
7.090232999E2,2.618995476E1,9.169314160E1,5.594036886E1,NaN,NaN,3.921716289E1,3.000000000E1
7.090303529E2,2.618995476E1,9.169314160E1,5.594036886E1,NaN,NaN,3.921874953E1,3.000000000E1
7.090371209E2,2.618995476E1,9.169314160E1,5.594036886E1,NaN,NaN,3.922030571E1,3.000000000E1
7.090438599E2,2.618995476E1,9.169314160E1,5.594036886E1,NaN,NaN,3.922221949E1,3.000000000E1
7.090513829E2,2.618995476E1,9.169314160E1,5.594036886E1,NaN,NaN,3.922396738E1,3.000000000E1
7.090584509E2,2.618995476E1,9.169314160E1,5.594036886E1,NaN,NaN,3.922581740E1,3.000000000E1
7.090657869E2,2.618995476E1,9.169314160E1,5.594036886E1,NaN,NaN,3.922733326E1,3.000000000E1
7.090724299E2,2.618995476E1,9.169314160E1,5.594036886E1,NaN,NaN,3.922896133E1,3.000000000E1
7.090795249E2,2.618995476E1,9.169314160E1,5.594036886E1,NaN,NaN,3.923081835E1,3.000000000E1
7.095633297E2,2.618989214E1,9.169341157E1,6.318837247E1,3.338156462E0,1.511418547E2,7.882985943E0,1.346537971E1
7.105633466E2,2.618986805E1,9.169343384E1,5.484099635E1,3.400833845E0,1.459804447E2,5.270454557E0,3.000000000E0
7.115633708E2,2.618983530E1,9.169345173E1,5.431604709E1,3.383559942E0,1.349649751E2,4.525784256E0,3.000000000E0
7.125633865E2,2.618980612E1,9.169347183E1,5.410627905E1,3.383559942E0,1.346416750E2,3.909613590E0,3.000000000E0
7.135634020E2,2.618978558E1,9.169348376E1,5.372935583E1,3.233607054E0,1.385883085E2,3.925323531E0,3.000000000E0
7.145634187E2,2.618976311E1,9.169350264E1,5.346395418E1,3.233607054E0,1.299892779E2,3.895781662E0,3.000000000E0
7.155634343E2,2.618974448E1,9.169353462E1,5.354947875E1,3.175667763E0,1.299791556E2,3.832815840E0,3.000000000E0
7.165634500E2,2.618972102E1,9.169355927E1,5.369971443E1,3.147765636E0,1.381955863E2,3.720930467E0,3.000000000E0
7.175634666E2,2.618969731E1,9.169358043E1,5.372025999E1,3.217864037E0,1.321060355E2,3.730128782E0,3.000000000E0
7.185634827E2,2.618967695E1,9.169360386E1,5.377817445E1,3.217864037E0,1.278079751E2,3.782463210E0,3.000000000E0
7.195634989E2,2.618965885E1,9.169362856E1,5.373489439E1,3.194658041E0,1.330985030E2,3.790797033E0,3.000000000E0
7.205635143E2,2.618963490E1,9.169365569E1,5.403638193E1,3.135695934E0,1.347462042E2,2.683877693E0,3.000000000E0
7.215635311E2,2.618961498E1,9.169367797E1,5.403638176E1,3.135695934E0,1.347462140E2,4.748651530E0,4.246379839E0
7.225635465E2,2.618960380E1,9.169369588E1,5.389933257E1,2.874194145E0,1.338271021E2,4.748651530E0,4.496060048E0
7.235635628E2,2.618958651E1,9.169372223E1,5.385160601E1,3.159379721E0,1.318422367E2,4.748651530E0,4.507376462E0
7.245635790E2,2.618956809E1,9.169374547E1,5.382775271E1,3.159379721E0,1.311856371E2,4.748651530E0,5.471819647E0
7.255635953E2,2.618955056E1,9.169377314E1,5.373772487E1,3.268765211E0,1.286299450E2,4.748651530E0,6.224979689E0
7.265636111E2,2.618953119E1,9.169379658E1,5.367722939E1,3.386869669E0,1.324509984E2,4.748651530E0,4.809174260E0
7.275624065E2,2.618950832E1,9.169381702E1,5.356873593E1,3.386869669E0,1.381667455E2,4.748651530E0,5.695775335E0
7.286754009E2,2.618948766E1,9.169384371E1,5.350929117E1,3.247006655E0,1.355824900E2,4.748651530E0,6.407775495E0
7.296754152E2,2.618946051E1,9.169385821E1,5.349607859E1,3.000630617E0,1.483758673E2,4.748651530E0,7.009113064E0
7.306754267E2,2.618943905E1,9.169387674E1,5.357565092E1,3.157229424E0,1.468923645E2,4.748651530E0,4.791428281E0
7.316754386E2,2.618940922E1,9.169389266E1,5.360624690E1,3.157229424E0,1.486928840E2,4.748651530E0,5.647699394E0
7.326754505E2,2.618938036E1,9.169390546E1,5.364443384E1,3.022952795E0,1.528058588E2,4.748651530E0,6.349728946E0
7.336754628E2,2.618934782E1,9.169391926E1,5.419184370E1,3.022733927E0,1.505811437E2,4.748651530E0,3.700199418E0
7.346754747E2,2.618930602E1,9.169393512E1,5.417423109E1,3.017553091E0,1.568257521E2,4.748651530E0,4.264708779E0
7.356754879E2,2.618926675E1,9.169395998E1,5.416813410E1,3.053684711E0,1.556330102E2,4.748651530E0,4.354236867E0
7.366755006E2,2.618923331E1,9.169396849E1,5.399588424E1,3.027401209E0,1.604110953E2,4.748651530E0,5.400255301E0
7.376755140E2,2.618920003E1,9.169396481E1,5.391041892E1,3.027401209E0,1.784824603E2,4.748651530E0,6.388454215E0
7.386755268E2,2.618917593E1,9.169396130E1,5.371715787E1,2.575366259E0,1.860294899E2,4.748651530E0,7.199461120E0
7.396755411E2,2.618915251E1,9.169394685E1,5.364349172E1,2.575366259E0,2.022592047E2,4.748651530E0,4.862504799E0
7.406755534E2,2.618913103E1,9.169393040E1,5.353227830E1,2.575366259E0,2.098164115E2,4.748651530E0,5.969154985E0
7.416755680E2,2.618913656E1,9.169393457E1,5.340553851E1,2.807238196E0,2.141178635E2,2.106310364E0,3.000000000E0
7.426755819E2,2.618911069E1,9.169391418E1,5.350480044E1,2.915575691E0,2.194014324E2,2.053155179E0,3.000000000E0
7.436756022E2,2.618909390E1,9.169388787E1,5.359937886E1,2.735741431E0,2.352554523E2,2.035436782E0,3.000000000E0
7.446756092E2,2.618911744E1,9.169384014E1,5.358976109E1,3.157323397E0,2.394658914E2,2.155857465E0,3.000000000E0
7.456756238E2,2.618910390E1,9.169381170E1,5.347046273E1,3.114757625E0,2.428642074E2,2.176791020E0,3.000000000E0
7.466756381E2,2.618909068E1,9.169378077E1,5.359861710E1,3.226445378E0,2.461892249E2,2.147325844E0,3.000000000E0
7.476756524E2,2.618907390E1,9.169375654E1,5.260375082E1,3.000843835E0,2.416739614E2,2.126279305E0,3.000000000E0
7.486756676E2,2.618905907E1,9.169372848E1,5.267808668E1,3.018542092E0,2.436289854E2,2.110494397E0,3.000000000E0
7.496756820E2,2.618904316E1,9.169369814E1,5.277664383E1,3.275722193E0,2.432474252E2,2.098217243E0,3.000000000E0
7.506756963E2,2.618902898E1,9.169366915E1,5.258636019E1,3.245946011E0,2.451335323E2,2.088395512E0,3.000000000E0
7.516757108E2,2.618901489E1,9.169364256E1,5.200242128E1,3.112116624E0,2.450571893E2,2.080359556E0,3.000000000E0
7.526757259E2,2.618900148E1,9.169361484E1,5.161702224E1,3.036076320E0,2.454666723E2,2.073662928E0,3.000000000E0
7.536757411E2,2.618898364E1,9.169358901E1,5.087169985E1,2.998111941E0,2.404389435E2,2.067996519E0,3.000000000E0
7.546757556E2,2.618896936E1,9.169355564E1,5.103098670E1,3.224212231E0,2.444508156E2,2.065387758E0,3.000000000E0
7.556757713E2,2.618895568E1,9.169352476E1,5.116512346E1,3.353427409E0,2.451161880E2,2.061478315E0,3.000000000E0
7.566757862E2,2.618894269E1,9.169349432E1,5.133414220E1,3.350173180E0,2.474705108E2,2.057635918E0,3.000000000E0
7.576758023E2,2.618893103E1,9.169346297E1,5.111474184E1,3.321920608E0,2.490824271E2,2.054245573E0,3.000000000E0
7.586758169E2,2.618892069E1,9.169343072E1,5.103783593E1,3.347016904E0,2.513645624E2,2.060125480E0,3.000000000E0
7.596758318E2,2.618891440E1,9.169339728E1,5.113290601E1,3.279730115E0,2.578335302E2,2.056960982E0,3.000000000E0
7.606758473E2,2.618891026E1,9.169336292E1,5.108243311E1,3.344572758E0,2.620031137E2,2.056745935E0,3.000000000E0
7.616758625E2,2.618890791E1,9.169332771E1,5.147295725E1,3.456019096E0,2.653632504E2,2.053908645E0,3.000000000E0
7.626758779E2,2.618890358E1,9.169329218E1,5.158856641E1,3.578572634E0,2.643515205E2,2.059660749E0,3.000000000E0
7.636758930E2,2.618890666E1,9.169325742E1,5.136199164E1,3.538148229E0,2.715735777E2,2.056677707E0,3.000000000E0
7.646759091E2,2.618890371E1,9.169321939E1,5.151449532E1,3.648360258E0,2.675268548E2,2.069473910E0,3.000000000E0
7.656759246E2,2.618889909E1,9.169318379E1,5.175863776E1,3.630196474E0,2.640657327E2,2.066000221E0,3.000000000E0
7.666759398E2,2.618889409E1,9.169314954E1,5.177896939E1,3.550875170E0,2.623259697E2,2.062700205E0,3.000000000E0
7.676759553E2,2.618888642E1,9.169311357E1,5.195445175E1,3.602239899E0,2.604277466E2,2.059565200E0,3.000000000E0
7.686759708E2,2.618888050E1,9.169307972E1,5.209150232E1,3.449668909E0,2.589899879E2,2.056586945E0,3.000000000E0
7.696759866E2,2.618886778E1,9.169305102E1,5.176593029E1,3.227288955E0,2.502702109E2,2.053757594E0,3.000000000E0
7.706760024E2,2.618884164E1,9.169302797E1,5.145589493E1,3.296848437E0,2.334262149E2,2.051069713E0,3.000000000E0
7.716760179E2,2.618881362E1,9.169301269E1,5.146351339E1,3.254592143E0,2.189680084E2,2.048516230E0,3.000000000E0
7.726760335E2,2.618878613E1,9.169299342E1,5.153886094E1,3.419325897E0,2.163542772E2,2.046090428E0,3.000000000E0
7.736760490E2,2.618876506E1,9.169297219E1,5.149075197E1,3.256148442E0,2.200177954E2,2.043785909E0,3.000000000E0
7.746760655E2,2.618874177E1,9.169294970E1,5.160512476E1,3.320373649E0,2.206499715E2,2.041596615E0,3.000000000E0
7.756760811E2,2.618871482E1,9.169292726E1,5.157980716E1,3.514373960E0,2.192775685E2,2.039516788E0,3.000000000E0
7.766760964E2,2.618868788E1,9.169290811E1,5.169603820E1,3.483859821E0,2.162914348E2,2.037540947E0,3.000000000E0
7.776761127E2,2.618866230E1,9.169289017E1,5.180700293E1,3.356857155E0,2.150589421E2,2.035663900E0,3.000000000E0
7.786761282E2,2.618863836E1,9.169287427E1,5.195652099E1,3.212634761E0,2.134130631E2,2.033880703E0,3.000000000E0
7.796761438E2,2.618861323E1,9.169286115E1,5.211859197E1,3.141109036E0,2.094648980E2,2.032186671E0,3.000000000E0
7.806761596E2,2.618859215E1,9.169284438E1,5.292815954E1,2.961416987E0,2.133117537E2,2.030577342E0,3.000000000E0
7.816761753E2,2.618857301E1,9.169282839E1,5.300043783E1,2.779301508E0,2.153045145E2,2.029048465E0,3.000000000E0
7.826761914E2,2.618854980E1,9.169281863E1,5.314093153E1,2.691131154E0,2.084085276E2,2.027596050E0,3.000000000E0
7.836762064E2,2.618852585E1,9.169281094E1,5.344177108E1,2.696307654E0,2.017780617E2,2.026216254E0,3.000000000E0
7.846762230E2,2.618849987E1,9.169280854E1,5.431644813E1,2.788713180E0,1.931295789E2,2.024905441E0,3.000000000E0
7.856762385E2,2.618847226E1,9.169280070E1,5.551269771E1,2.984766537E0,1.931470673E2,2.023660176E0,3.000000000E0
7.866762550E2,2.618844418E1,9.169279249E1,5.559808569E1,3.076066539E0,1.938335152E2,2.022477173E0,3.000000000E0
7.876762702E2,2.618841027E1,9.169278697E1,5.534283757E1,3.436424680E0,1.899710226E2,2.021353313E0,3.000000000E0
7.886762864E2,2.618838100E1,9.169278431E1,5.521601206E1,3.314137051E0,1.862524117E2,2.020285644E0,3.000000000E0
7.896763019E2,2.618835150E1,9.169278131E1,5.550393227E1,3.238768965E0,1.841069489E2,2.019271368E0,3.000000000E0
7.906763180E2,2.618832107E1,9.169277995E1,5.565987577E1,3.242562061E0,1.820773925E2,2.018307803E0,3.000000000E0
7.916763337E2,2.618829016E1,9.169278882E1,5.559463196E1,3.269366234E0,1.735268152E2,2.017392419E0,3.000000000E0
7.926763498E2,2.618825832E1,9.169280134E1,5.595449179E1,3.403850136E0,1.667341293E2,2.028843519E0,3.000000000E0
7.936763659E2,2.618822860E1,9.169281584E1,5.554524535E1,3.416786934E0,1.606773926E2,2.027401334E0,3.000000000E0
7.946763812E2,2.618819749E1,9.169282565E1,5.557445248E1,3.454178235E0,1.624108545E2,2.026031273E0,3.000000000E0
7.956763968E2,2.618816660E1,9.169283633E1,5.566668247E1,3.516275968E0,1.623279276E2,2.024729717E0,3.000000000E0
7.966764129E2,2.618813730E1,9.169284867E1,5.545018159E1,3.455041818E0,1.604243244E2,2.023493235E0,3.000000000E0
7.976764287E2,2.618810656E1,9.169285704E1,5.532584940E1,3.433148112E0,1.629185660E2,2.022318568E0,3.000000000E0
7.986764449E2,2.618807780E1,9.169286372E1,5.549626156E1,3.345433679E0,1.643815923E2,2.021202644E0,3.000000000E0
7.996764613E2,2.618804834E1,9.169287029E1,5.509381472E1,3.176295875E0,1.676564800E2,2.050921073E0,3.000000000E0
8.006764769E2,2.618801787E1,9.169287684E1,5.485712675E1,3.283151398E0,1.679273897E2,2.048375014E0,3.000000000E0
8.016764926E2,2.618799010E1,9.169287686E1,5.509946439E1,3.089419517E0,1.758011167E2,2.045956247E0,3.000000000E0
8.026765090E2,2.618795608E1,9.169287773E1,5.516659456E1,3.492633217E0,1.775761192E2,2.043658447E0,3.000000000E0
8.036765245E2,2.618792760E1,9.169288091E1,5.533166993E1,3.360209809E0,1.750628547E2,2.041475523E0,3.000000000E0
8.046765403E2,2.618789547E1,9.169287981E1,5.537851457E1,3.455214427E0,1.798161778E2,2.039401749E0,3.000000000E0
8.056765559E2,2.618786535E1,9.169287879E1,5.468242629E1,3.291112756E0,1.816855477E2,2.037431661E0,3.000000000E0
8.066765718E2,2.618783943E1,9.169288392E1,5.450480597E1,3.017400723E0,1.770849182E2,2.035560069E0,3.000000000E0
8.076765879E2,2.618781030E1,9.169288762E1,5.507846258E1,3.102338880E0,1.749988797E2,2.033782079E0,3.000000000E0
8.086766037E2,2.618777961E1,9.169289102E1,5.598418508E1,3.240371144E0,1.746007920E2,2.032092982E0,3.000000000E0
8.096766198E2,2.618775125E1,9.169289889E1,5.586556859E1,3.265032734E0,1.687372811E2,2.030488350E0,3.000000000E0
8.106766353E2,2.618772524E1,9.169290855E1,5.598453084E1,3.084308539E0,1.651641656E2,2.028963935E0,3.000000000E0
8.116766520E2,2.618769346E1,9.169292208E1,5.559208734E1,3.360696555E0,1.622442633E2,2.027515719E0,3.000000000E0
8.126766674E2,2.618766436E1,9.169293350E1,5.536991776E1,3.333103082E0,1.624140956E2,2.036623312E0,3.000000000E0
8.136766844E2,2.618763363E1,9.169293988E1,5.515005148E1,3.291002497E0,1.675622613E2,2.054742147E0,3.000000000E0
8.146767002E2,2.618759828E1,9.169294201E1,5.523700426E1,3.527604761E0,1.725822640E2,2.052005042E0,3.000000000E0
8.156767155E2,2.618756698E1,9.169295032E1,5.532670985E1,3.501535571E0,1.697967136E2,2.049404791E0,3.000000000E0
8.166767316E2,2.618753568E1,9.169296136E1,5.538280958E1,3.536339153E0,1.662414754E2,2.046934557E0,3.000000000E0
8.176767478E2,2.618750416E1,9.169296837E1,5.582678647E1,3.596442878E0,1.687802154E2,2.044587843E0,3.000000000E0
8.186767639E2,2.618747363E1,9.169297410E1,5.585162304E1,3.530151283E0,1.707192730E2,2.042358461E0,3.000000000E0
8.196767798E2,2.618744250E1,9.169297856E1,5.602918690E1,3.532982482E0,1.726451067E2,2.040240548E0,3.000000000E0
8.206767948E2,2.618741065E1,9.169298181E1,5.601096604E1,3.474529319E0,1.738299398E2,2.038228517E0,3.000000000E0
8.216768111E2,2.618737995E1,9.169298487E1,5.631518034E1,3.424870961E0,1.747722905E2,2.036317101E0,3.000000000E0
8.226768268E2,2.618735022E1,9.169298930E1,5.698288408E1,3.421372059E0,1.742635788E2,2.034501246E0,3.000000000E0
8.236768430E2,2.618731662E1,9.169299021E1,5.671158789E1,3.637976352E0,1.761005164E2,2.058979990E0,3.000000000E0
8.246768597E2,2.618730202E1,9.169299057E1,5.659928899E1,2.424691619E0,1.764534962E2,2.071884179E0,3.000000000E0
8.256768758E2,2.618727552E1,9.169299389E1,5.600703720E1,2.575617027E0,1.748632018E2,2.068289950E0,3.000000000E0
8.266768916E2,2.618724901E1,9.169298811E1,5.608775558E1,2.685508090E0,1.823240570E2,2.064875437E0,3.000000000E0
8.276769070E2,2.618721354E1,9.169299913E1,5.578386304E1,3.274189492E0,1.722426437E2,2.086503313E0,3.000000000E0
8.286769242E2,2.618718063E1,9.169300006E1,5.625566906E1,3.407465028E0,1.731614146E2,2.115057789E0,3.000000000E0
8.296769386E2,2.618714808E1,9.169300601E1,5.685130302E1,3.515245500E0,1.704450465E2,2.132191433E0,3.000000000E0
8.306769554E2,2.618711944E1,9.169300633E1,5.746224979E1,3.248222486E0,1.739808161E2,2.125581857E0,3.000000000E0
8.316769708E2,2.618708460E1,9.169300690E1,5.806995319E1,3.486247734E0,1.764732779E2,2.119302759E0,3.000000000E0
8.326769870E2,2.618705705E1,9.169302271E1,5.782347285E1,3.279592050E0,1.652619841E2,2.113337642E0,3.000000000E0
8.336770028E2,2.618702811E1,9.169302703E1,5.796253145E1,3.181028303E0,1.695178395E2,2.107670743E0,3.000000000E0
8.346770189E2,2.618700009E1,9.169303273E1,5.737209955E1,3.079113288E0,1.680555934E2,2.104968405E0,3.000000000E0
8.356770343E2,2.618696369E1,9.169303209E1,5.771509029E1,3.429198257E0,1.749866125E2,2.099719993E0,3.000000000E0
8.366770512E2,2.618693313E1,9.169303452E1,5.813490309E1,3.370183271E0,1.752361587E2,2.094734005E0,3.000000000E0
8.376770661E2,2.618690168E1,9.169303975E1,5.813549062E1,3.392256834E0,1.728495699E2,2.089997291E0,3.000000000E0
8.386770825E2,2.618687065E1,9.169304909E1,5.746786291E1,3.435275636E0,1.687037224E2,2.085497436E0,3.000000000E0
8.396770986E2,2.618684060E1,9.169305790E1,5.697521415E1,3.348754461E0,1.658514751E2,2.081222579E0,3.000000000E0
8.406754711E2,2.618680663E1,9.169306611E1,5.557195358E1,3.478417647E0,1.653473549E2,2.077161465E0,3.000000000E0
8.416754648E2,2.618677274E1,9.169306003E1,5.645508709E1,3.469739462E0,1.760083979E2,2.073303354E0,3.000000000E0
8.426754815E2,2.618673497E1,9.169305529E1,5.721586140E1,3.859037226E0,1.811656012E2,2.069638168E0,3.000000000E0
8.436754663E2,2.618670196E1,9.169305424E1,5.688734314E1,3.762814889E0,1.807825462E2,2.066156262E0,3.000000000E0
8.446754509E2,2.618666695E1,9.169304571E1,5.758189603E1,3.882666797E0,1.846499622E2,2.062848443E0,3.000000000E0
8.456754555E2,2.618664201E1,9.169304318E1,5.731403007E1,3.138257279E0,1.836682414E2,2.059706021E0,3.000000000E0
8.466754361E2,2.618661241E1,9.169303533E1,5.795561287E1,3.100697358E0,1.881705241E2,2.056720702E0,3.000000000E0
8.476754178E2,2.618657772E1,9.169302739E1,5.745860857E1,3.478815466E0,1.887218924E2,2.056669151E0,3.000000000E0
8.486754212E2,2.618654403E1,9.169301642E1,5.750301947E1,3.727532719E0,1.912110726E2,2.053835681E0,3.000000000E0
8.496753994E2,2.618651030E1,9.169300042E1,5.851132942E1,3.828990715E0,1.963102467E2,2.057853441E0,3.000000000E0
8.506753809E2,2.618647799E1,9.169298552E1,5.887683387E1,3.796637678E0,2.004426311E2,2.054960784E0,3.000000000E0
8.516753822E2,2.618644881E1,9.169297344E1,5.882797931E1,3.530636310E0,1.988574750E2,2.052212763E0,3.000000000E0
8.526753630E2,2.618642015E1,9.169295944E1,5.922562090E1,3.365151301E0,2.015419998E2,2.049602111E0,3.000000000E0
8.536753450E2,2.618638171E1,9.169294144E1,5.891407338E1,4.024930223E0,2.020582792E2,2.047121999E0,3.000000000E0
8.546753481E2,2.618634770E1,9.169292954E1,5.910241107E1,4.026723278E0,1.997270331E2,2.046135678E0,3.000000000E0
8.556753511E2,2.618631642E1,9.169291956E1,5.861874979E1,3.733977017E0,1.976324650E2,2.043828885E0,3.000000000E0
8.566753539E2,2.618628276E1,9.169290309E1,5.840906028E1,3.907181894E0,2.018648734E2,2.041637432E0,3.000000000E0
8.576753587E2,2.618625423E1,9.169288569E1,5.816763367E1,3.655438107E0,2.085615441E2,2.039555549E0,3.000000000E0
8.586753630E2,2.618622043E1,9.169286252E1,5.807520517E1,3.913059920E0,2.122774815E2,2.037577726E0,3.000000000E0
8.596753681E2,2.618620220E1,9.169283343E1,5.736570015E1,3.474908605E0,2.302716682E2,2.035698846E0,3.000000000E0
8.606753749E2,2.618618567E1,9.169279104E1,5.718833848E1,4.002768353E0,2.437813231E2,2.090649515E0,3.000000000E0
8.616753822E2,2.618618501E1,9.169275574E1,5.725449089E1,3.621427685E0,2.631355376E2,2.086117083E0,3.000000000E0
8.626753881E2,2.618618625E1,9.169272784E1,5.700019514E1,3.249991197E0,2.704696600E2,2.090249590E0,3.000000000E0
8.636753965E2,2.618618965E1,9.169268741E1,5.601561166E1,3.975827328E0,2.747328507E2,2.085737103E0,3.000000000E0
8.646754036E2,2.618618720E1,9.169265677E1,5.583018955E1,3.671040090E0,2.693768666E2,2.081450247E0,3.000000000E0
8.656754121E2,2.618618475E1,9.169262066E1,5.537044000E1,3.746945120E0,2.683871311E2,2.077377770E0,3.000000000E0
8.666754227E2,2.618617905E1,9.169258188E1,5.497769361E1,3.930682229E0,2.653538450E2,2.082572386E0,3.000000000E0
8.676754308E2,2.618617504E1,9.169254278E1,5.450938852E1,3.904935989E0,2.663394065E2,2.078443778E0,3.000000000E0
8.686754405E2,2.618617807E1,9.169249998E1,5.404779260E1,4.138362205E0,2.724680712E2,2.074521591E0,3.000000000E0
8.696754507E2,2.618618296E1,9.169246002E1,5.399190799E1,4.121864437E0,2.758139792E2,2.070795516E0,3.000000000E0
8.706754616E2,2.618618305E1,9.169241822E1,5.372365453E1,4.186265130E0,2.734733364E2,2.067255740E0,3.000000000E0
8.716754720E2,2.618617909E1,9.169237742E1,5.355692589E1,4.142630058E0,2.694298468E2,2.063892951E0,3.000000000E0
8.726754828E2,2.618617586E1,9.169233483E1,5.325592642E1,4.199132239E0,2.680993314E2,2.060698308E0,3.000000000E0
8.736754950E2,2.618617448E1,9.169229510E1,5.320922260E1,4.079288986E0,2.688745847E2,2.057663389E0,3.000000000E0
8.746755052E2,2.618617655E1,9.169225746E1,5.307566331E1,3.895979772E0,2.724814761E2,2.054780223E0,3.000000000E0
8.756755173E2,2.618618428E1,9.169222164E1,5.319295598E1,3.725916384E0,2.788460774E2,2.052041216E0,3.000000000E0
8.766755294E2,2.618618769E1,9.169219499E1,5.342508053E1,3.172222061E0,2.789859661E2,2.049439154E0,3.000000000E0
8.776755407E2,2.618618717E1,9.169216531E1,5.327150680E1,3.092114938E0,2.745907750E2,2.046967199E0,3.000000000E0
8.786755536E2,2.618618496E1,9.169213384E1,5.321333350E1,3.152688612E0,2.703608514E2,2.044618840E0,3.000000000E0
8.796755661E2,2.618618002E1,9.169209969E1,5.310677587E1,3.361131247E0,2.658608500E2,2.042387899E0,3.000000000E0
8.806755783E2,2.618617711E1,9.169206808E1,5.304845048E1,3.281864085E0,2.653151323E2,2.040941230E0,3.000000000E0
8.816755915E2,2.618617569E1,9.169203596E1,5.295004607E1,3.259293028E0,2.666837358E2,2.038894172E0,3.000000000E0
8.826756040E2,2.618617775E1,9.169200400E1,5.267574787E1,3.233942631E0,2.704104541E2,2.036949464E0,3.000000000E0
8.836756176E2,2.618617808E1,9.169197204E1,5.270110576E1,3.230291783E0,2.708631126E2,2.055910711E0,3.000000000E0
8.846756301E2,2.618617624E1,9.169193813E1,5.250759235E1,3.378579203E0,2.685774965E2,2.053115179E0,3.000000000E0
8.856756442E2,2.618617548E1,9.169190557E1,5.222599207E1,3.302646903E0,2.687005226E2,2.050459415E0,3.000000000E0
8.866756574E2,2.618617387E1,9.169187713E1,5.256032850E1,3.010871977E0,2.679793398E2,2.047936445E0,3.000000000E0
8.876756707E2,2.618617385E1,9.169185072E1,5.272815327E1,2.715703937E0,2.695112022E2,2.045539624E0,3.000000000E0
8.886756844E2,2.618617525E1,9.169182508E1,5.281570715E1,2.534816409E0,2.721349469E2,2.043262645E0,3.000000000E0
8.896756979E2,2.618617634E1,9.169179196E1,5.236331589E1,2.824439117E0,2.720614300E2,2.041099508E0,3.000000000E0
8.906757128E2,2.618617655E1,9.169176218E1,5.237923466E1,2.930266824E0,2.699567508E2,2.047457347E0,3.000000000E0
8.916757260E2,2.618616361E1,9.169173480E1,5.236215577E1,2.923414512E0,2.567829658E2,2.045084464E0,3.000000000E0
8.926757393E2,2.618614271E1,9.169170876E1,5.238790010E1,3.165656740E0,2.423556976E2,2.042830247E0,3.000000000E0
8.936757535E2,2.618611755E1,9.169168893E1,5.247601798E1,3.205208592E0,2.287534548E2,2.040688742E0,3.000000000E0
8.946757675E2,2.618609162E1,9.169167057E1,5.234324905E1,3.276786103E0,2.210203675E2,2.038654306E0,3.000000000E0
8.956757817E2,2.618607060E1,9.169164895E1,5.229128819E1,3.230145018E0,2.222490045E2,2.036721593E0,3.000000000E0
8.966757970E2,2.618605259E1,9.169162003E1,5.225656198E1,3.307878383E0,2.293575785E2,2.034885511E0,3.000000000E0
8.976758107E2,2.618603939E1,9.169158754E1,5.212071488E1,3.390807190E0,2.383037560E2,2.033141237E0,3.000000000E0
8.986758249E2,2.618602718E1,9.169155824E1,5.213447921E1,3.293512454E0,2.423825953E2,2.031484173E0,3.000000000E0
8.996758395E2,2.618602068E1,9.169152536E1,5.160061753E1,3.240057152E0,2.511068799E2,2.029909961E0,3.000000000E0
9.006758544E2,2.618602793E1,9.169148929E1,5.169989852E1,3.345563917E0,2.687806819E2,2.028414459E0,3.000000000E0
9.016758693E2,2.618603829E1,9.169145591E1,5.180042078E1,3.306548435E0,2.805340385E2,2.026993738E0,3.000000000E0
9.026758845E2,2.618605479E1,9.169142535E1,5.178990471E1,3.368766617E0,2.922834090E2,2.025644051E0,3.000000000E0
9.036758990E2,2.618607570E1,9.169140009E1,5.155029192E1,3.309504280E0,3.043459477E2,2.024361846E0,3.000000000E0
9.046759133E2,2.618610107E1,9.169138194E1,5.170072273E1,3.205898852E0,3.167459276E2,2.023143756E0,3.000000000E0
9.056759283E2,2.618612547E1,9.169136619E1,5.189034968E1,3.188623397E0,3.233217570E2,2.021986568E0,3.000000000E0
9.066759434E2,2.618615026E1,9.169135108E1,5.211110123E1,3.242559524E0,3.264707295E2,2.020887240E0,3.000000000E0
9.076759593E2,2.618616478E1,9.169132910E1,5.219632761E1,2.904543902E0,3.157220963E2,2.019842880E0,3.000000000E0
9.086759736E2,2.618617638E1,9.169130096E1,5.246943692E1,2.956638965E0,3.040647666E2,2.018850738E0,3.000000000E0
9.096759887E2,2.618617582E1,9.169127305E1,5.297470855E1,2.733087749E0,2.859398758E2,2.017908206E0,3.000000000E0
9.106760030E2,2.618617398E1,9.169124678E1,5.320788483E1,2.572248914E0,2.764517613E2,2.017012801E0,3.000000000E0
9.116760179E2,2.618616740E1,9.169120922E1,5.271762661E1,3.173480778E0,2.677296026E2,2.016162160E0,3.000000000E0
9.126760330E2,2.618616342E1,9.169117452E1,5.316333506E1,3.306776448E0,2.641799459E2,2.015354052E0,3.000000000E0
9.136760482E2,2.618616458E1,9.169114658E1,5.339482945E1,2.962288078E0,2.663416195E2,2.014586345E0,3.000000000E0
9.146760632E2,2.618616562E1,9.169112165E1,5.352466991E1,2.646039240E0,2.681804876E2,2.013857027E0,3.000000000E0
9.156760779E2,2.618616539E1,9.169109659E1,5.391075957E1,2.541966693E0,2.690747506E2,2.013164177E0,3.000000000E0
9.166760928E2,2.618616735E1,9.169107167E1,5.411678482E1,2.549065013E0,2.713854783E2,2.012505970E0,3.000000000E0
9.176761076E2,2.618617024E1,9.169104392E1,5.429712905E1,2.664072116E0,2.735050901E2,2.011880675E0,3.000000000E0
9.186761231E2,2.618617043E1,9.169101676E1,5.445308765E1,2.674581983E0,2.720230675E2,2.011286641E0,3.000000000E0
9.196761385E2,2.618616872E1,9.169099082E1,5.470127234E1,2.728808063E0,2.692003397E2,2.010722314E0,3.000000000E0
9.206761534E2,2.618616894E1,9.169096311E1,5.481334937E1,2.774504144E0,2.697699107E2,2.010186200E0,3.000000000E0
9.216761686E2,2.618617027E1,9.169093560E1,5.486553912E1,2.795363170E0,2.718026523E2,2.009676892E0,3.000000000E0
9.226761833E2,2.618617145E1,9.169090870E1,5.497071224E1,2.712770907E0,2.734961347E2,2.009193049E0,3.000000000E0
9.236761984E2,2.618617333E1,9.169088259E1,5.520832253E1,2.627725576E0,2.734662109E2,2.008733395E0,3.000000000E0
9.246762136E2,2.618617000E1,9.169085519E1,5.547254316E1,2.668400946E0,2.695363952E2,2.008296730E0,3.000000000E0
9.256762286E2,2.618617142E1,9.169082793E1,5.561969948E1,2.610836946E0,2.702061276E2,2.007881893E0,3.000000000E0
9.266762437E2,2.618617023E1,9.169079590E1,5.560966372E1,2.763776447E0,2.686756306E2,2.007487801E0,3.000000000E0
9.276762589E2,2.618616757E1,9.169076797E1,5.576692421E1,2.720490358E0,2.667437217E2,2.007113407E0,3.000000000E0
9.286762732E2,2.618616831E1,9.169073645E1,5.559404105E1,2.785189472E0,2.685265180E2,2.006757740E0,3.000000000E0
9.296762884E2,2.618616801E1,9.169070320E1,5.549334371E1,3.010023072E0,2.690683239E2,2.006419853E0,3.000000000E0
9.306763036E2,2.618616951E1,9.169066322E1,5.492649753E1,3.368844034E0,2.703979185E2,2.006098862E0,3.000000000E0
9.316763189E2,2.618616901E1,9.169062643E1,5.501345907E1,3.515592737E0,2.693051545E2,2.045847250E0,3.000000000E0
9.326763336E2,2.618616523E1,9.169058906E1,5.491116824E1,3.625504251E0,2.664714010E2,2.047670716E0,3.000000000E0
9.336763490E2,2.618615996E1,9.169054947E1,5.482366477E1,3.743010280E0,2.644886002E2,2.045287180E0,3.000000000E0
9.346763641E2,2.618615819E1,9.169050815E1,5.444732541E1,3.860152978E0,2.667182933E2,2.061885332E0,3.000000000E0
9.356763790E2,2.618615887E1,9.169047026E1,5.419558182E1,3.846662488E0,2.685267228E2,2.058791064E0,3.000000000E0
9.366763940E2,2.618615731E1,9.169042891E1,5.388735734E1,3.953911720E0,2.697982938E2,2.085524560E0,3.000000000E0
9.376764089E2,2.618616023E1,9.169038675E1,5.363312780E1,4.004387490E0,2.727960927E2,2.111352946E0,3.000000000E0
9.386764238E2,2.618616589E1,9.169034734E1,5.366167089E1,3.932109394E0,2.756985156E2,2.105785296E0,3.000000000E0
9.396764386E2,2.618617016E1,9.169030702E1,5.374698417E1,3.881995997E0,2.767824737E2,2.100496030E0,3.000000000E0
9.406764547E2,2.618617454E1,9.169026511E1,5.354242966E1,3.932606112E0,2.776177854E2,2.110615606E0,3.000000000E0
9.416764695E2,2.618617863E1,9.169022722E1,5.332398567E1,3.755927106E0,2.778029414E2,2.105084823E0,3.000000000E0
9.426764845E2,2.618618130E1,9.169018648E1,5.321756879E1,3.825586758E0,2.756427551E2,2.099830582E0,3.000000000E0
9.436764994E2,2.618618014E1,9.169014551E1,5.335980310E1,3.922230156E0,2.716391225E2,2.094839052E0,3.000000000E0
9.446765148E2,2.618617256E1,9.169010524E1,5.324810385E1,3.865720117E0,2.642157643E2,2.097751438E0,3.000000000E0
9.456765301E2,2.618616232E1,9.169006780E1,5.316894554E1,3.757922469E0,2.582660961E2,2.092863864E0,3.000000000E0
9.466765446E2,2.618615202E1,9.169003209E1,5.315816824E1,3.661529657E0,2.540879548E2,2.088220669E0,3.000000000E0
9.476765602E2,2.618613089E1,9.169000494E1,5.313980040E1,3.474218701E0,2.387198236E2,2.083809636E0,3.000000000E0
9.486765751E2,2.618610408E1,9.168998697E1,5.294177597E1,3.152314572E0,2.223930879E2,2.079619156E0,3.000000000E0
9.496765897E2,2.618608085E1,9.168997712E1,5.280473201E1,2.817580370E0,2.106499047E2,2.075638199E0,3.000000000E0
9.514214309E2,2.618569281E1,9.168995621E1,5.430180015E1,2.905693328E0,1.789345767E2,2.077930165E0,3.000000000E0
9.524196673E2,2.618566728E1,9.168996018E1,5.440559872E1,2.995675645E0,1.769157024E2,2.096743124E0,3.000000000E0
9.534196584E2,2.618564060E1,9.168996236E1,5.447099199E1,3.055303315E0,1.772965416E2,2.113934369E0,3.000000000E0
9.544196737E2,2.618561373E1,9.168996140E1,5.448518497E1,3.097771139E0,1.808274242E2,2.114787567E0,3.000000000E0
9.554196652E2,2.618559087E1,9.168995657E1,5.461277036E1,2.876484373E0,1.851170772E2,2.109048185E0,3.000000000E0
9.564196567E2,2.618557015E1,9.168995467E1,5.459593127E1,2.598377059E0,1.855193208E2,2.116952524E0,3.000000000E0
9.574196712E2,2.618554662E1,9.168995297E1,5.486730461E1,2.506260172E0,1.858202200E2,2.127576228E0,3.000000000E0
9.584196591E2,2.618552096E1,9.168995610E1,5.506091582E1,2.596314005E0,1.828173045E2,2.133516827E0,3.000000000E0
9.594196484E2,2.618549589E1,9.168996053E1,5.492580076E1,2.718911493E0,1.800389255E2,2.126840981E0,3.000000000E0
9.604196614E2,2.618547095E1,9.168996190E1,5.479715010E1,2.837059193E0,1.795020907E2,2.120498931E0,3.000000000E0
9.614196509E2,2.618544546E1,9.168996020E1,5.487442893E1,2.915831074E0,1.822265731E2,2.127181791E0,3.000000000E0
9.624196392E2,2.618542162E1,9.168995744E1,5.467299115E1,2.863463903E0,1.847371155E2,2.120822694E0,3.000000000E0
9.634196509E2,2.618539240E1,9.168995586E1,5.472227492E1,2.983607237E0,1.848698252E2,2.114781559E0,3.000000000E0
9.644196430E2,2.618536329E1,9.168995797E1,5.509258136E1,3.059014895E0,1.820287410E2,2.109042483E0,3.000000000E0
9.654196325E2,2.618533587E1,9.168995953E1,5.557059466E1,3.018683313E0,1.799976785E2,2.107260376E0,3.000000000E0
9.664196443E2,2.618531049E1,9.168996300E1,5.551850970E1,2.965619324E0,1.775680553E2,2.101897359E0,3.000000000E0
9.674196570E2,2.618528376E1,9.168996511E1,5.540126016E1,3.036889569E0,1.767776431E2,2.096802495E0,3.000000000E0
9.684196692E2,2.618525692E1,9.168996504E1,5.514642218E1,3.139448856E0,1.783069443E2,2.091962371E0,3.000000000E0
9.694196820E2,2.618522628E1,9.168996389E1,5.496415875E1,3.431169657E0,1.809206251E2,2.129807716E0,3.000000000E0
9.704196955E2,2.618519108E1,9.168996379E1,5.466495091E1,3.757371991E0,1.803834309E2,2.184037113E0,3.000000000E0
9.714197079E2,2.618515568E1,9.168996306E1,5.442781899E1,3.852595398E0,1.807073391E2,2.174835256E0,3.000000000E0
9.724197209E2,2.618511525E1,9.168995937E1,5.452820745E1,4.132252206E0,1.821549710E2,2.167205029E0,3.000000000E0
9.734197343E2,2.618507580E1,9.168995542E1,5.459159390E1,4.260680804E0,1.824522514E2,2.191147577E0,3.000000000E0
9.744197478E2,2.618503739E1,9.168995582E1,5.488330240E1,4.281220643E0,1.805060011E2,2.193645665E0,3.000000000E0
9.754197608E2,2.618499871E1,9.168995614E1,5.488711162E1,4.295331186E0,1.797188643E2,2.274511916E0,3.000000000E0
9.764197745E2,2.618495775E1,9.168995497E1,5.520662852E1,4.424520674E0,1.802312459E2,2.294943594E0,3.000000000E0
9.774197887E2,2.618491515E1,9.168995311E1,5.520350225E1,4.510741364E0,1.809481686E2,2.351479975E0,3.000000000E0
9.784198025E2,2.618487345E1,9.168995384E1,5.531155316E1,4.501818046E0,1.798842242E2,2.403130404E0,3.000000000E0
9.794198155E2,2.618483199E1,9.168995469E1,5.525399125E1,4.513216110E0,1.798173645E2,2.456219448E0,3.000000000E0
9.804198290E2,2.618479119E1,9.168995371E1,5.514452335E1,4.472054412E0,1.808631338E2,2.471465753E0,3.000000000E0
9.814198438E2,2.618474628E1,9.168995241E1,5.505140112E1,4.657403405E0,1.815940245E2,2.447892466E0,3.000000000E0
9.824198574E2,2.618470538E1,9.168995214E1,5.506612399E1,4.568396360E0,1.810677069E2,2.439845934E0,3.000000000E0
9.834198712E2,2.618466816E1,9.168995137E1,5.474419565E1,4.120706400E0,1.811869896E2,2.423783970E0,3.000000000E0
9.844198859E2,2.618463411E1,9.168994977E1,5.427088506E1,3.841601981E0,1.818187706E2,2.418637299E0,3.000000000E0
9.854198997E2,2.618460086E1,9.168994831E1,5.405405148E1,3.719510214E0,1.819661413E2,2.402024373E0,3.000000000E0
9.864199140E2,2.618456722E1,9.168995010E1,5.396606309E1,3.630379503E0,1.787268694E2,2.381923155E0,3.000000000E0
9.874199284E2,2.618453880E1,9.168995122E1,5.388641751E1,3.228454434E0,1.780472018E2,2.362827006E0,3.000000000E0
9.884199422E2,2.618450986E1,9.168994863E1,5.367216434E1,3.025775356E0,1.817836527E2,2.346283753E0,3.000000000E0
9.894199573E2,2.618447745E1,9.168994422E1,5.327164034E1,3.160945068E0,1.845677033E2,2.337861661E0,3.000000000E0
9.904199711E2,2.618444826E1,9.168994269E1,5.293282885E1,3.082453271E0,1.841519211E2,2.337593553E0,3.000000000E0
9.914199859E2,2.618441484E1,9.168994625E1,5.315474365E1,3.176096338E0,1.799336535E2,2.325595042E0,3.000000000E0
9.924199997E2,2.618438352E1,9.168994641E1,5.333758056E1,3.152937775E0,1.790678918E2,2.309315291E0,3.000000000E0
9.934200146E2,2.618434422E1,9.168994280E1,5.396486515E1,3.529249267E0,1.804651844E2,2.293849526E0,3.000000000E0
9.944200281E2,2.618431233E1,9.168994007E1,5.454913293E1,3.533582777E0,1.809984931E2,2.279157048E0,3.000000000E0
9.954200434E2,2.618428125E1,9.168994060E1,5.479804097E1,3.450033097E0,1.788300906E2,2.265199190E0,3.000000000E0
9.964200570E2,2.618424954E1,9.168994459E1,5.500611369E1,3.508482439E0,1.749420028E2,2.251939230E0,3.000000000E0
9.974200727E2,2.618421994E1,9.168995933E1,5.503903597E1,3.474660740E0,1.651080788E2,2.317811500E0,3.000000000E0
9.984200871E2,2.618419683E1,9.168998385E1,5.458734229E1,3.335575058E0,1.497625431E2,2.323331136E0,3.000000000E0
9.994201014E2,2.618417692E1,9.169001224E1,5.463004119E1,3.394916977E0,1.384244142E2,2.307164584E0,3.000000000E0
1.000420116E3,2.618416434E1,9.169004337E1,5.464802694E1,3.275133756E0,1.247598419E2,2.318351313E0,3.000000000E0
1.001420131E3,2.618415531E1,9.169007730E1,5.454120210E1,3.360192582E0,1.140957766E2,2.335873777E0,3.000000000E0
1.002420146E3,2.618415355E1,9.169011322E1,5.444019137E1,3.433519231E0,1.030939801E2,2.357314675E0,3.000000000E0
1.003420161E3,2.618415328E1,9.169014756E1,5.438725325E1,3.426755826E0,9.645674406E1,2.387944943E0,3.000000000E0
1.004420175E3,2.618415371E1,9.169018038E1,5.429291319E1,3.369559030E0,9.265975322E1,2.434059564E0,3.000000000E0
1.005420190E3,2.618415540E1,9.169021107E1,5.448754195E1,3.167322005E0,8.958566995E1,2.412356585E0,3.000000000E0
1.006420204E3,2.618415572E1,9.169024103E1,5.433478206E1,3.091462122E0,8.948828618E1,2.396382358E0,3.000000000E0
1.007420219E3,2.618415476E1,9.169027116E1,5.452732777E1,2.999935412E0,9.049974883E1,2.376563245E0,3.000000000E0
1.008420234E3,2.618415285E1,9.169030173E1,5.456550415E1,2.941102323E0,9.190288846E1,2.366139909E0,3.000000000E0
1.009420248E3,2.618415192E1,9.169033963E1,5.443042411E1,3.164859084E0,9.065672611E1,2.382933613E0,3.000000000E0
1.010420264E3,2.618415111E1,9.169037775E1,5.448967181E1,3.333582701E0,9.065694736E1,2.374833074E0,3.000000000E0
1.011420278E3,2.618415107E1,9.169041250E1,5.455695806E1,3.318129909E0,9.099990811E1,2.391174644E0,3.000000000E0
1.012420293E3,2.618415271E1,9.169044337E1,5.474767368E1,3.148648695E0,8.802031652E1,2.371615904E0,3.000000000E0
1.013420307E3,2.618415403E1,9.169047984E1,5.500324947E1,3.256030586E0,8.744600762E1,2.385534315E0,3.000000000E0
1.014420323E3,2.618415493E1,9.169051392E1,5.452454686E1,3.287438447E0,8.815648291E1,2.415053810E0,3.000000000E0
1.015420338E3,2.618415420E1,9.169054513E1,5.455172348E1,3.184799560E0,8.960058943E1,2.394301118E0,3.000000000E0
1.016420353E3,2.618415184E1,9.169058463E1,5.453382507E1,3.380519686E0,9.129418680E1,2.404715762E0,3.000000000E0
1.017420367E3,2.618414656E1,9.169062269E1,5.479165298E1,3.489945927E0,9.569318887E1,2.403587423E0,3.000000000E0
1.018420382E3,2.618414362E1,9.169065806E1,5.510116080E1,3.526620712E0,9.506944223E1,2.383408054E0,3.000000000E0
1.019420397E3,2.618414519E1,9.169069313E1,5.542596094E1,3.556672815E0,9.132889540E1,2.366339535E0,3.000000000E0
1.020420411E3,2.618414728E1,9.169073166E1,5.534196195E1,3.657551263E0,8.913616224E1,2.348022561E0,3.000000000E0
1.021420427E3,2.618414727E1,9.169076638E1,5.531116612E1,3.589831500E0,8.926943719E1,2.356779845E0,3.000000000E0
1.022420441E3,2.618414747E1,9.169080311E1,5.508063616E1,3.602110048E0,8.954513816E1,2.338940855E0,3.000000000E0
1.023420456E3,2.618414627E1,9.169083938E1,5.502589653E1,3.558165705E0,9.168137409E1,2.339587531E0,3.000000000E0
1.024420471E3,2.618414062E1,9.169087499E1,5.509246301E1,3.551017921E0,9.521761227E1,2.363699002E0,3.000000000E0
1.025420485E3,2.618413088E1,9.169091153E1,5.474666517E1,3.616032010E0,9.971189645E1,2.371490861E0,3.000000000E0
1.026420501E3,2.618412141E1,9.169094556E1,5.481849909E1,3.543803301E0,1.033226022E2,2.352916317E0,3.000000000E0
1.027420516E3,2.618410740E1,9.169097960E1,5.463646818E1,3.573275969E0,1.091046642E2,2.350615929E0,3.000000000E0
1.028420530E3,2.618409040E1,9.169100987E1,5.454836029E1,3.557536699E0,1.159898715E2,2.335017372E0,3.000000000E0
1.029420545E3,2.618407528E1,9.169103639E1,5.455580889E1,3.358084433E0,1.182569307E2,2.343141892E0,3.000000000E0
1.030420561E3,2.618406151E1,9.169106328E1,5.489007972E1,3.192171938E0,1.178182269E2,2.336896807E0,3.000000000E0
1.031420576E3,2.618404938E1,9.169109931E1,5.512809926E1,3.430319646E0,1.142321035E2,2.320051975E0,3.000000000E0
1.032420590E3,2.618404010E1,9.169114164E1,5.480348204E1,3.737597298E0,1.082149316E2,2.336683370E0,3.000000000E0
1.033420605E3,2.618403203E1,9.169118105E1,5.442854033E1,3.784813987E0,1.053918030E2,2.319849195E0,3.000000000E0
1.034420620E3,2.618402595E1,9.169121725E1,5.417599205E1,3.696754162E0,1.031999937E2,2.303856734E0,3.000000000E0
1.035420634E3,2.618401966E1,9.169125318E1,5.412795778E1,3.614731704E0,1.015721535E2,2.288663902E0,3.000000000E0
1.036420650E3,2.618401300E1,9.169128814E1,5.399439032E1,3.546455323E0,1.010859550E2,2.274230710E0,3.000000000E0
1.037420664E3,2.618401068E1,9.169132270E1,5.383261610E1,3.445290588E0,9.649695376E1,2.260519174E0,3.000000000E0
1.038420679E3,2.618400917E1,9.169135625E1,5.384449130E1,3.310442178E0,9.401602560E1,2.247493216E0,3.000000000E0
1.039420694E3,2.618400812E1,9.169138949E1,5.377159325E1,3.214864637E0,9.274083143E1,2.235118557E0,3.000000000E0
1.040420709E3,2.618400586E1,9.169142213E1,5.359803308E1,3.213648681E0,9.343235645E1,2.223362626E0,3.000000000E0
1.041420724E3,2.618400323E1,9.169145578E1,5.363933550E1,3.233233753E0,9.362428705E1,2.212194494E0,3.000000000E0
1.042420739E3,2.618400368E1,9.169149134E1,5.353492573E1,3.308411789E0,9.093417328E1,2.201584769E0,3.000000000E0
1.043420753E3,2.618400492E1,9.169152637E1,5.341306235E1,3.364756765E0,8.936687468E1,2.191505533E0,3.000000000E0
1.044420768E3,2.618400574E1,9.169156155E1,5.332011837E1,3.380676575E0,8.956804433E1,2.188779461E0,3.000000000E0
1.045420783E3,2.618400507E1,9.169159589E1,5.317558949E1,3.350536548E0,9.052496087E1,2.189120730E0,3.000000000E0
1.046420799E3,2.618400547E1,9.169163222E1,5.317392440E1,3.391382549E0,8.996182563E1,2.196468150E0,3.000000000E0
1.047420814E3,2.618400455E1,9.169166766E1,5.320171105E1,3.410172624E0,9.027804910E1,2.186644742E0,3.000000000E0
1.048420828E3,2.618400661E1,9.169170291E1,5.314047022E1,3.443240001E0,8.830621054E1,2.187658513E0,3.000000000E0
1.049420843E3,2.618401115E1,9.169173723E1,5.296309266E1,3.446098060E0,8.522476207E1,2.178275588E0,3.000000000E0
1.050420858E3,2.618401394E1,9.169177449E1,5.289688813E1,3.530665035E0,8.502273107E1,2.169361807E0,3.000000000E0
1.051420873E3,2.618401593E1,9.169181217E1,5.291934195E1,3.524086206E0,8.653803669E1,2.160893713E0,3.000000000E0
1.052420888E3,2.618401912E1,9.169184924E1,5.287287282E1,3.561113722E0,8.583179660E1,2.152849026E0,3.000000000E0
1.053420903E3,2.618402383E1,9.169188607E1,5.282093344E1,3.571565199E0,8.311303057E1,2.145206573E0,3.000000000E0
1.054420918E3,2.618403269E1,9.169192175E1,5.294016791E1,3.500794356E0,7.778753963E1,2.137946245E0,3.000000000E0
1.055420933E3,2.618404611E1,9.169195560E1,5.310464213E1,3.435302381E0,7.138610776E1,2.131048933E0,3.000000000E0
1.056420949E3,2.618406256E1,9.169198740E1,5.321131326E1,3.401355739E0,6.525721044E1,2.124496488E0,3.000000000E0
1.057420962E3,2.618407810E1,9.169201879E1,5.330562273E1,3.408662736E0,6.307372642E1,2.118271663E0,3.000000000E0
1.058420977E3,2.618409107E1,9.169205054E1,5.332334505E1,3.401354677E0,6.367170411E1,2.112358081E0,3.000000000E0
1.059420993E3,2.618410515E1,9.169208123E1,5.331063221E1,3.376257005E0,6.357839730E1,2.106740180E0,3.000000000E0
1.060421008E3,2.618411511E1,9.169211519E1,5.300088695E1,3.432272122E0,6.834962738E1,2.101403173E0,3.000000000E0
1.061421022E3,2.618412213E1,9.169214882E1,5.295667066E1,3.398181642E0,7.247213760E1,2.104657713E0,3.000000000E0
1.062421038E3,2.618412595E1,9.169218100E1,5.298415244E1,3.236160908E0,7.728879947E1,2.110724816E0,3.000000000E0
1.063421052E3,2.618412819E1,9.169221194E1,5.294151267E1,3.139185429E0,8.051238287E1,2.105188576E0,3.000000000E0
1.064421068E3,2.618412674E1,9.169224097E1,5.307943810E1,2.992661179E0,8.559029425E1,2.099929147E0,3.000000000E0
1.065421082E3,2.618412832E1,9.169227800E1,5.304508471E1,3.175588453E0,8.679213317E1,2.128799987E0,3.000000000E0
1.066421097E3,2.618413062E1,9.169231197E1,5.309162330E1,3.185505796E0,8.723285619E1,2.139111525E0,3.000000000E0
1.067421112E3,2.618413164E1,9.169234247E1,5.288974199E1,3.118901909E0,8.663408726E1,2.132155947E0,3.000000000E0
1.068421127E3,2.618413972E1,9.169237491E1,5.302743630E1,3.178828055E0,8.090315317E1,2.144821171E0,3.000000000E0
1.069421142E3,2.618414663E1,9.169240601E1,5.286326515E1,3.132909847E0,7.766952927E1,2.137580113E0,3.000000000E0
1.070421156E3,2.618416716E1,9.169243182E1,5.283981980E1,3.210454029E0,5.193461243E1,2.147936937E0,3.000000000E0
1.071421172E3,2.618418366E1,9.169246104E1,5.288107822E1,3.270667934E0,5.475557108E1,2.140540094E0,3.000000000E0
1.072421186E3,2.618420168E1,9.169247652E1,5.319286498E1,2.678210226E0,4.608172529E1,2.133513087E0,3.000000000E0
1.073421202E3,2.618422201E1,9.169249428E1,5.321478538E1,2.653788546E0,4.226777411E1,2.126837435E0,3.000000000E0
1.074421217E3,2.618424178E1,9.169251614E1,5.318062327E1,2.867727931E0,4.224052890E1,2.120495565E0,3.000000000E0
1.075421230E3,2.618426461E1,9.169253564E1,5.319430589E1,2.971919871E0,3.995302972E1,2.114470787E0,3.000000000E0
1.076421246E3,2.618428608E1,9.169255761E1,5.322340154E1,2.999554720E0,4.089603012E1,2.110896945E0,3.000000000E0
1.077421260E3,2.618430711E1,9.169257856E1,5.293641093E1,2.977602411E0,4.126390728E1,2.105352098E0,3.000000000E0
1.078419568E3,2.618432790E1,9.169260214E1,5.295985648E1,3.053811104E0,4.316099274E1,2.100084495E0,3.000000000E0
1.079419559E3,2.618434931E1,9.169262107E1,5.319650856E1,3.000756080E0,4.105185187E1,2.095080275E0,3.000000000E0
1.080419574E3,2.618436593E1,9.169264707E1,5.292234522E1,2.992338536E0,4.773560359E1,2.090326264E0,3.000000000E0
1.081419565E3,2.618437826E1,9.169267449E1,5.282248745E1,2.907795531E0,5.569647218E1,2.085809946E0,3.000000000E0
1.082419556E3,2.618438799E1,9.169270604E1,5.263759695E1,3.077144440E0,6.374837680E1,2.081519443E0,3.000000000E0
1.083419570E3,2.618438992E1,9.169273913E1,5.247943329E1,3.156981788E0,7.547684168E1,2.077443466E0,3.000000000E0
1.084419562E3,2.618439321E1,9.169277745E1,5.246172302E1,3.555507832E0,8.059201307E1,2.073571292E0,3.000000000E0
1.085419552E3,2.618439477E1,9.169280900E1,5.221422158E1,3.283167226E0,8.453790896E1,2.069892721E0,3.000000000E0
1.086419567E3,2.618439490E1,9.169284420E1,5.196775558E1,3.318045259E0,8.740835460E1,2.066398079E0,3.000000000E0
1.087419557E3,2.618439415E1,9.169288173E1,5.187232180E1,3.462457312E0,8.968806873E1,2.077754074E0,3.000000000E0
1.088419547E3,2.618439144E1,9.169291799E1,5.189718321E1,3.449304807E0,9.292960355E1,2.088848205E0,3.000000000E0
1.089419562E3,2.618438568E1,9.169295789E1,5.217720228E1,3.638506707E0,9.616971892E1,2.084405787E0,3.000000000E0
1.090419552E3,2.618438087E1,9.169299833E1,5.218070606E1,3.818330980E0,9.714534509E1,2.080185509E0,3.000000000E0
1.091419542E3,2.618437757E1,9.169303640E1,5.211728112E1,3.828830103E0,9.653339663E1,2.076176239E0,3.000000000E0
1.092419556E3,2.618437420E1,9.169307414E1,5.210872313E1,3.800329722E0,9.654485363E1,2.072367427E0,3.000000000E0
1.093419571E3,2.618436712E1,9.169310943E1,5.206319983E1,3.718256228E0,1.000983880E2,2.068749057E0,3.000000000E0
1.094419585E3,2.618436014E1,9.169314519E1,5.208987087E1,3.698458768E0,1.018277671E2,2.065311607E0,3.000000000E0
1.095419601E3,2.618435671E1,9.169318107E1,5.216241817E1,3.619977964E0,9.899220315E1,2.062046029E0,3.000000000E0
1.096419616E3,2.618435446E1,9.169321951E1,5.206290602E1,3.713671536E0,9.609839933E1,2.058943730E0,3.000000000E0
1.097419631E3,2.618435447E1,9.169325404E1,5.208059429E1,3.610170119E0,9.231652885E1,2.061161102E0,3.000000000E0
1.098419647E3,2.618435511E1,9.169328673E1,5.216619124E1,3.480948020E0,8.976668625E1,2.060953880E0,3.000000000E0
1.099419661E3,2.618435834E1,9.169332005E1,5.218154841E1,3.389680214E0,8.651304191E1,2.057906187E0,3.000000000E0
1.100419677E3,2.618436168E1,9.169335629E1,5.201465424E1,3.532317410E0,8.543770052E1,2.055010878E0,3.000000000E0
1.101419692E3,2.618436162E1,9.169339384E1,5.191715063E1,3.645399206E0,8.809338207E1,2.064314751E0,3.000000000E0
1.102419706E3,2.618436516E1,9.169342721E1,5.193830601E1,3.464196526E0,8.616954045E1,2.061099018E0,3.000000000E0
1.103419722E3,2.618437284E1,9.169346087E1,5.191944722E1,3.365919368E0,8.167028420E1,2.059979580E0,3.000000000E0
1.104419737E3,2.618438500E1,9.169349428E1,5.206900159E1,3.457050564E0,7.504040570E1,2.056980604E0,3.000000000E0
1.105419752E3,2.618439064E1,9.169352453E1,5.221777379E1,3.231700423E0,7.686653619E1,2.054131575E0,3.000000000E0
1.106419766E3,2.618439748E1,9.169355812E1,5.225080621E1,3.312264965E0,7.794642725E1,2.074623505E0,3.000000000E0
1.107419782E3,2.618440419E1,9.169358941E1,5.218509518E1,3.277989362E0,7.743644395E1,2.095094335E0,3.000000000E0
1.108419797E3,2.618440778E1,9.169362454E1,5.206472365E1,3.354484742E0,8.037344595E1,2.090339618E0,3.000000000E0
1.109419812E3,2.618441277E1,9.169366008E1,5.211976789E1,3.394571804E0,8.086384891E1,2.085822636E0,3.000000000E0
1.110419826E3,2.618442008E1,9.169369259E1,5.223072305E1,3.287415019E0,7.882209829E1,2.081531507E0,3.000000000E0
1.111419841E3,2.618442761E1,9.169372546E1,5.205231106E1,3.281995105E0,7.738616054E1,2.077454929E0,3.000000000E0
1.112419857E3,2.618443343E1,9.169375609E1,5.182767480E1,3.147185085E0,7.762561621E1,2.073582180E0,3.000000000E0
1.113419871E3,2.618444019E1,9.169379017E1,5.176148400E1,3.224245624E0,7.801257275E1,2.069903071E0,3.000000000E0
1.114419887E3,2.618444812E1,9.169382354E1,5.175954427E1,3.257025968E0,7.769707371E1,2.066407917E0,3.000000000E0
1.115419902E3,2.618445734E1,9.169386086E1,5.171631922E1,3.416065983E0,7.721314020E1,2.063087522E0,3.000000000E0
1.116419917E3,2.618446415E1,9.169389740E1,5.176184790E1,3.500382973E0,7.777903823E1,2.059933147E0,3.000000000E0
1.117419932E3,2.618447107E1,9.169393268E1,5.174197098E1,3.498512356E0,7.756491782E1,2.056936492E0,3.000000000E0
1.118419947E3,2.618447802E1,9.169396716E1,5.166402455E1,3.440605491E0,7.719235813E1,2.054089666E0,3.000000000E0
1.119419961E3,2.618448603E1,9.169400101E1,5.166203528E1,3.389626574E0,7.669231253E1,2.051385186E0,3.000000000E0
1.120419976E3,2.618449448E1,9.169403391E1,5.159912771E1,3.390849606E0,7.575317899E1,2.048815925E0,3.000000000E0
1.121419991E3,2.618450091E1,9.169406748E1,5.179722953E1,3.400566627E0,7.670193303E1,2.046375128E0,3.000000000E0
1.122420006E3,2.618450681E1,9.169409983E1,5.180078438E1,3.330435730E0,7.742558658E1,2.044056374E0,3.000000000E0
1.123420021E3,2.618451242E1,9.169413369E1,5.179402188E1,3.333720311E0,7.897503966E1,2.041853554E0,3.000000000E0
1.124420036E3,2.618451749E1,9.169416898E1,5.192416002E1,3.447637722E0,8.024359343E1,2.039760876E0,3.000000000E0
1.125420051E3,2.618452037E1,9.169420326E1,5.181041220E1,3.449195535E0,8.224924713E1,2.037772830E0,3.000000000E0
1.126420066E3,2.618452482E1,9.169423970E1,5.180550027E1,3.517860882E0,8.290348460E1,2.035884190E0,3.000000000E0
1.127420080E3,2.618452631E1,9.169427478E1,5.179429774E1,3.481344396E0,8.494303237E1,2.034089981E0,3.000000000E0
1.128420096E3,2.618452982E1,9.169430893E1,5.163630249E1,3.439348023E0,8.420475215E1,2.032385480E0,3.000000000E0
1.129420111E3,2.618453154E1,9.169434269E1,5.148733489E1,3.352068716E0,8.547613022E1,2.030766204E0,3.000000000E0
1.130420125E3,2.618453234E1,9.169437706E1,5.143459768E1,3.285920568E0,8.772485850E1,2.029227893E0,3.000000000E0
1.131420140E3,2.618453132E1,9.169440965E1,5.144211776E1,3.174684861E0,9.138178476E1,2.027766498E0,3.000000000E0
1.132420156E3,2.618452974E1,9.169444355E1,5.126444898E1,3.225343142E0,9.469388582E1,2.026378172E0,3.000000000E0
1.133420170E3,2.618453093E1,9.169448099E1,5.158813818E1,3.352030596E0,9.340122505E1,2.025059265E0,3.000000000E0
1.134420186E3,2.618453040E1,9.169451601E1,5.176424723E1,3.373802063E0,9.216275344E1,2.023806302E0,3.000000000E0
1.135420200E3,2.618452998E1,9.169455108E1,5.153598843E1,3.414222573E0,9.274956385E1,2.022615986E0,3.000000000E0
1.136420215E3,2.618452715E1,9.169458480E1,5.146099104E1,3.382953575E0,9.421561892E1,2.021485186E0,3.000000000E0
1.137420230E3,2.618452310E1,9.169461945E1,5.139839629E1,3.453618421E0,9.637394806E1,2.020410926E0,3.000000000E0
1.138420245E3,2.618451657E1,9.169465316E1,5.139683717E1,3.453305486E0,9.962106842E1,2.019390379E0,3.000000000E0
1.139420260E3,2.618451001E1,9.169468654E1,5.146047975E1,3.346035594E0,1.012214275E2,2.018420860E0,3.000000000E0
1.140420275E3,2.618450807E1,9.169472181E1,5.149735378E1,3.329911595E0,9.849871272E1,2.017499818E0,3.000000000E0
1.141420289E3,2.618450029E1,9.169475625E1,5.159286541E1,3.412902153E0,1.025601324E2,2.016624827E0,3.000000000E0
1.142420305E3,2.618448897E1,9.169478911E1,5.157882715E1,3.430711972E0,1.077967286E2,2.015793585E0,3.000000000E0
1.143420320E3,2.618447821E1,9.169482185E1,5.163565293E1,3.381272275E0,1.096831799E2,2.015003905E0,3.000000000E0
1.144420334E3,2.618446757E1,9.169485412E1,5.145667773E1,3.374009046E0,1.099795141E2,2.014253708E0,3.000000000E0
1.145420349E3,2.618445440E1,9.169488653E1,5.161683548E1,3.465075264E0,1.126631552E2,2.013541021E0,3.000000000E0
1.146420365E3,2.618444132E1,9.169491718E1,5.153940727E1,3.401049626E0,1.136877123E2,2.012863967E0,3.000000000E0
1.147420379E3,2.618442915E1,9.169495163E1,5.170786441E1,3.514047220E0,1.124977612E2,2.012220773E0,3.000000000E0
1.148420394E3,2.618441442E1,9.169498659E1,5.185407124E1,3.680908202E0,1.140958873E2,2.011609734E0,3.000000000E0
1.149420408E3,2.618439689E1,9.169501797E1,5.214115167E1,3.666514809E0,1.175686608E2,2.011029245E0,3.000000000E0
1.150420423E3,2.618438030E1,9.169504952E1,5.220782527E1,3.641544067E0,1.194505391E2,2.010477782E0,3.000000000E0
1.151420440E3,2.618436222E1,9.169507966E1,5.237760696E1,3.590318903E0,1.214673265E2,2.009953892E0,3.000000000E0
1.152420453E3,2.618434831E1,9.169511019E1,5.244829560E1,3.486549323E0,1.190792858E2,2.009456200E0,3.000000000E0
1.153420468E3,2.618433257E1,9.169514281E1,5.235804529E1,3.564791808E0,1.184013077E2,2.008983390E0,3.000000000E0
1.154420483E3,2.618431236E1,9.169517339E1,5.229685994E1,3.696137333E0,1.225201859E2,2.008534219E0,3.000000000E0
1.155420499E3,2.618429540E1,9.169520524E1,5.228062616E1,3.681465860E0,1.222955576E2,2.008107507E0,3.000000000E0
1.156420513E3,2.618427879E1,9.169523647E1,5.228057664E1,3.659825941E0,1.222978516E2,2.007702130E0,3.000000000E0
1.157420528E3,2.618426164E1,9.169526758E1,5.231991348E1,3.651370450E0,1.224298874E2,2.007317023E0,3.000000000E0
1.158420543E3,2.618424413E1,9.169529796E1,5.235227609E1,3.577000578E0,1.230397269E2,2.006951172E0,3.000000000E0
1.159420557E3,2.618422598E1,9.169532746E1,5.245132616E1,3.570219551E0,1.231019310E2,2.006603616E0,3.000000000E0
1.160420572E3,2.618420873E1,9.169535847E1,5.252494634E1,3.651524281E0,1.226784339E2,2.006273438E0,3.000000000E0
1.161420587E3,2.618419160E1,9.169538757E1,5.250856771E1,3.582043290E0,1.225702514E2,2.006060314E0,3.000000000E0
1.162420603E3,2.618417463E1,9.169541576E1,5.283432450E1,3.498725690E0,1.230784886E2,2.005757298E0,3.000000000E0
1.163420617E3,2.618415933E1,9.169544338E1,5.300863592E1,3.284493507E0,1.222033244E2,2.005469436E0,3.000000000E0
1.164420633E3,2.618414585E1,9.169546958E1,5.313423142E1,3.135644752E0,1.212876041E2,2.005195965E0,3.000000000E0
1.165420648E3,2.618412780E1,9.169549751E1,5.338242885E1,3.141907341E0,1.231289663E2,2.004936165E0,3.000000000E0
1.166420662E3,2.618411601E1,9.169552687E1,5.309668639E1,3.211679747E0,1.199211063E2,2.004689359E0,3.000000000E0
1.167420677E3,2.618410719E1,9.169555449E1,5.289761057E1,2.954641756E0,1.156061904E2,2.004454894E0,3.000000000E0
1.168420692E3,2.618410401E1,9.169558445E1,5.288725113E1,2.896639078E0,1.057359980E2,2.004232156E0,3.000000000E0
1.169420706E3,2.618410487E1,9.169561499E1,5.295055329E1,2.907277936E0,9.614213472E1,2.004020557E0,3.000000000E0
1.170420722E3,2.618410870E1,9.169565137E1,5.316883637E1,3.236875924E0,9.008555570E1,2.003819541E0,3.000000000E0
1.171420737E3,2.618410802E1,9.169569080E1,5.288695058E1,3.576174603E0,9.082077945E1,2.003628562E0,3.000000000E0
1.172420752E3,2.618410644E1,9.169572488E1,5.257209293E1,3.447801599E0,9.190546972E1,2.009109387E0,3.000000000E0
1.173420766E3,2.618410389E1,9.169576131E1,5.251821276E1,3.523372040E0,9.313333679E1,2.008653921E0,3.000000000E0
1.174420781E3,2.618409315E1,9.169579801E1,5.250932059E1,3.593972422E0,1.011105505E2,2.008221221E0,3.000000000E0
1.175420797E3,2.618407553E1,9.169583056E1,5.254359045E1,3.652101248E0,1.135049717E2,2.007810156E0,3.000000000E0
1.176420811E3,2.618405441E1,9.169585853E1,5.238519026E1,3.584914266E0,1.228122836E2,2.007419643E0,3.000000000E0
1.177420827E3,2.618402596E1,9.169588137E1,5.238481673E1,3.662422994E0,1.346046537E2,2.007048655E0,3.000000000E0
1.178420841E3,2.618400279E1,9.169590084E1,5.253563506E1,3.376760933E0,1.410157820E2,2.006696219E0,3.000000000E0
1.179420855E3,2.618397556E1,9.169591747E1,5.271024082E1,3.323819621E0,1.469752278E2,2.006361402E0,3.000000000E0
1.180420871E3,2.618394653E1,9.169592776E1,5.263393754E1,3.286818635E0,1.564310888E2,2.006043327E0,3.000000000E0
1.181420886E3,2.618391695E1,9.169593316E1,5.276937883E1,3.252787649E0,1.652950094E2,2.005741154E0,3.000000000E0
1.182420900E3,2.618388933E1,9.169593481E1,5.292325943E1,3.125769007E0,1.712681945E2,2.005454098E0,3.000000000E0
1.183420916E3,2.618386095E1,9.169593128E1,5.289637030E1,3.076724485E0,1.793152647E2,2.005181395E0,3.000000000E0
1.184420931E3,2.618383526E1,9.169593508E1,5.290758553E1,2.863467538E0,1.745952089E2,2.004922326E0,3.000000000E0
1.185420945E3,2.618380915E1,9.169595731E1,5.278253290E1,3.241013712E0,1.563449782E2,2.004676212E0,3.000000000E0
1.186420960E3,2.618379161E1,9.169599451E1,5.255386204E1,3.522855644E0,1.331051592E2,2.004442410E0,3.000000000E0
1.187420975E3,2.618379224E1,9.169603569E1,5.250390706E1,3.490355466E0,1.077175632E2,2.004220299E0,3.000000000E0
1.188420990E3,2.618380112E1,9.169607628E1,5.254093605E1,3.564393234E0,8.893896381E1,2.004009287E0,3.000000000E0
1.189421005E3,2.618381709E1,9.169610889E1,5.258706044E1,3.520434200E0,7.308261670E1,2.026679211E0,3.000000000E0
1.190421019E3,2.618383055E1,9.169614014E1,5.233520026E1,3.304597223E0,6.834485879E1,2.025345249E0,3.000000000E0
1.191421035E3,2.618384169E1,9.169617436E1,5.226891030E1,3.575876284E0,6.877980780E1,2.024077989E0,3.000000000E0
1.192421049E3,2.618385205E1,9.169620876E1,5.212363076E1,3.639357231E0,6.913171636E1,2.022874090E0,3.000000000E0
1.193421065E3,2.618386551E1,9.169623996E1,5.191730052E1,3.564988155E0,6.638444243E1,2.021730386E0,3.000000000E0
1.194421079E3,2.618387918E1,9.169627423E1,5.156095126E1,3.612753982E0,6.638389825E1,2.020643866E0,3.000000000E0
1.195421095E3,2.618388979E1,9.169630867E1,5.143401694E1,3.579336083E0,6.802650317E1,2.019611671E0,3.000000000E0
1.196421109E3,2.618390100E1,9.169634188E1,5.128480110E1,3.494152681E0,6.857326295E1,2.018631084E0,3.000000000E0
1.197421123E3,2.618391332E1,9.169637524E1,5.124308968E1,3.484206089E0,6.785793847E1,2.017699528E0,3.000000000E0
1.198421138E3,2.618392881E1,9.169641206E1,5.141692661E1,3.658256073E0,6.667697670E1,2.016814555E0,3.000000000E0
1.199421154E3,2.618394026E1,9.169644557E1,5.144182013E1,3.569666664E0,6.709880196E1,2.015973828E0,3.000000000E0
1.200421168E3,2.618395223E1,9.169647846E1,5.137851126E1,3.486917075E0,6.732945488E1,2.015175136E0,3.000000000E0
1.201421184E3,2.618396653E1,9.169650972E1,5.133946538E1,3.397766329E0,6.536228437E1,2.014416379E0,3.000000000E0
1.202421199E3,2.618397986E1,9.169654203E1,5.136984237E1,3.407043463E0,6.545418076E1,2.013695562E0,3.000000000E0
1.203421213E3,2.618399046E1,9.169657408E1,5.139164599E1,3.414216359E0,6.653084259E1,2.013010785E0,3.000000000E0
1.204419462E3,2.618400382E1,9.169660706E1,5.143764309E1,3.476541945E0,6.652673386E1,2.012360250E0,3.000000000E0
1.205419454E3,2.618401650E1,9.169663891E1,5.167793833E1,3.506388818E0,6.639503040E1,2.011742238E0,3.000000000E0
1.206419468E3,2.618402772E1,9.169667171E1,5.153417442E1,3.511366972E0,6.734033329E1,2.011155128E0,3.000000000E0
1.207419461E3,2.618404009E1,9.169670495E1,5.143768995E1,3.579899748E0,6.708367945E1,2.010597369E0,3.000000000E0
1.208419454E3,2.618405305E1,9.169673869E1,5.141490795E1,3.645253596E0,6.679050312E1,2.012087257E0,3.000000000E0
1.209419470E3,2.618406588E1,9.169677176E1,5.132777002E1,3.674729869E0,6.641237741E1,2.011482896E0,3.000000000E0
1.210419463E3,2.618407889E1,9.169680417E1,5.136839008E1,3.619388444E0,6.626369740E1,2.010908756E0,3.000000000E0
1.211419458E3,2.618409169E1,9.169683757E1,5.129383462E1,3.668248196E0,6.604792244E1,2.034302092E0,3.000000000E0
1.212419474E3,2.618410474E1,9.169687156E1,5.127714364E1,3.704783177E0,6.628958479E1,2.032586987E0,3.000000000E0
1.213419468E3,2.618412105E1,9.169690495E1,5.126304374E1,3.675360301E0,6.483000648E1,2.030957634E0,3.000000000E0
1.214419462E3,2.618413773E1,9.169693901E1,5.119422539E1,3.764090974E0,6.368139214E1,2.029409752E0,3.000000000E0
1.215419479E3,2.618415237E1,9.169697384E1,5.119503766E1,3.781250239E0,6.388232769E1,2.027939267E0,3.000000000E0
1.216419471E3,2.618416732E1,9.169700995E1,5.112818615E1,3.810470185E0,6.451059307E1,2.029574089E0,3.000000000E0
1.217419464E3,2.618418239E1,9.169704455E1,5.104103220E1,3.771311032E0,6.454215582E1,2.028095382E0,3.000000000E0
1.218419481E3,2.618419690E1,9.169707827E1,5.092168801E1,3.692295134E0,6.452156545E1,2.026690615E0,3.000000000E0
1.219419497E3,2.618421073E1,9.169711160E1,5.087448932E1,3.689565537E0,6.446765868E1,2.025356081E0,3.000000000E0
1.220419514E3,2.618422642E1,9.169714564E1,5.086214903E1,3.660611972E0,6.388878018E1,2.024088277E0,3.000000000E0
1.221419531E3,2.618424303E1,9.169717986E1,5.089663470E1,3.676944784E0,6.331119812E1,2.022883863E0,3.000000000E0
1.222419547E3,2.618425907E1,9.169721535E1,5.080575075E1,3.729139281E0,6.360876962E1,2.021739672E0,3.000000000E0
1.223419563E3,2.618427459E1,9.169725014E1,5.087860848E1,3.686229338E0,6.369047301E1,2.020652688E0,3.000000000E0
1.224419579E3,2.618429106E1,9.169728680E1,5.083244604E1,3.740655494E0,6.435788139E1,2.019620052E0,3.000000000E0
1.225419596E3,2.618430597E1,9.169732223E1,5.080980658E1,3.778179127E0,6.473196195E1,2.018639050E0,3.000000000E0
1.226419612E3,2.618432241E1,9.169735788E1,5.070605902E1,3.833419319E0,6.376460006E1,2.017707095E0,3.000000000E0
1.227419628E3,2.618434068E1,9.169739059E1,5.059013510E1,3.744820304E0,6.105275497E1,2.016821739E0,3.000000000E0
1.228419644E3,2.618435931E1,9.169742555E1,5.066918043E1,3.862243909E0,6.030769708E1,2.015980655E0,3.000000000E0
1.229419661E3,2.618437191E1,9.169746240E1,5.069561866E1,3.915152608E0,6.467559473E1,2.015181622E0,3.000000000E0
1.230419675E3,2.618438604E1,9.169750000E1,5.070689947E1,4.060143059E0,6.508967439E1,2.014422542E0,3.000000000E0
1.231419691E3,2.618440390E1,9.169753328E1,5.041287774E1,4.001450056E0,6.237456032E1,2.013701416E0,3.000000000E0
1.232419707E3,2.618442249E1,9.169756913E1,5.040827935E1,4.100385811E0,6.140067623E1,2.013016349E0,3.000000000E0
1.233419723E3,2.618443999E1,9.169760407E1,5.039141254E1,4.072452780E0,6.104479431E1,2.012365532E0,3.000000000E0
1.234419739E3,2.618445690E1,9.169763841E1,5.042688419E1,3.988194649E0,6.203238760E1,2.011747255E0,3.000000000E0
1.235419754E3,2.618447172E1,9.169767263E1,5.046457591E1,3.924571068E0,6.340419950E1,2.011159894E0,3.000000000E0
1.236419770E3,2.618448900E1,9.169770683E1,5.061307150E1,3.915904140E0,6.213035403E1,2.010601901E0,3.000000000E0
1.237419785E3,2.618450655E1,9.169773655E1,5.056212597E1,3.738681439E0,6.000427673E1,2.010071806E0,3.000000000E0
1.238419801E3,2.618452486E1,9.169777089E1,5.059806241E1,3.831045057E0,5.952291648E1,2.009568221E0,3.000000000E0
1.239419817E3,2.618454036E1,9.169780438E1,5.072599662E1,3.747117181E0,6.178155064E1,2.009089813E0,3.000000000E0
1.240419832E3,2.618454887E1,9.169782866E1,5.076183274E1,2.796183188E0,6.462771555E1,2.008635317E0,3.000000000E0
1.241419848E3,2.618455443E1,9.169784485E1,5.062043364E1,1.987505311E0,6.611413392E1,2.008203547E0,3.000000000E0
1.242419863E3,2.618456276E1,9.169786343E1,5.046392293E1,1.822037275E0,6.489201140E1,2.007793370E0,3.000000000E0
1.243419879E3,2.618457245E1,9.169788153E1,5.063166321E1,2.006384778E0,6.301632243E1,2.014390080E0,3.000000000E0
1.244419894E3,2.618458660E1,9.169790357E1,5.070284571E1,2.467226063E0,5.999698941E1,2.031977320E0,3.000000000E0
1.245419910E3,2.618460430E1,9.169792823E1,5.069468784E1,2.797360688E0,5.685046953E1,2.036698748E0,3.000000000E0
1.246419924E3,2.618462173E1,9.169795320E1,5.070873993E1,3.002457308E0,5.562133810E1,2.034863814E0,3.000000000E0
1.247419939E3,2.618463767E1,9.169798105E1,5.058780735E1,3.187727948E0,5.673763935E1,2.034117829E0,3.000000000E0
1.248419955E3,2.618465065E1,9.169801192E1,5.049340266E1,3.289663265E0,6.115282126E1,2.032411940E0,3.000000000E0
1.249419971E3,2.618466360E1,9.169804193E1,5.048627233E1,3.319755340E0,6.241459069E1,2.030791340E0,3.000000000E0
1.250419986E3,2.618467898E1,9.169806930E1,5.053070423E1,3.277843250E0,6.041585156E1,2.029251777E0,3.000000000E0
1.251420001E3,2.618469653E1,9.169809673E1,5.077297610E1,3.269048484E0,5.863061985E1,2.027789189E0,3.000000000E0
1.252420017E3,2.618471172E1,9.169812658E1,5.088696469E1,3.316000153E0,5.874958202E1,2.026399731E0,3.000000000E0
1.253420031E3,2.618472846E1,9.169815671E1,5.098841534E1,3.371064167E0,5.861906078E1,2.025079749E0,3.000000000E0
1.254420047E3,2.618474650E1,9.169818525E1,5.102402913E1,3.340270609E0,5.701399092E1,2.023825761E0,3.000000000E0
1.255420062E3,2.618476369E1,9.169821400E1,5.093266236E1,3.359891464E0,5.710390707E1,2.022634471E0,3.000000000E0
1.256420077E3,2.618477733E1,9.169824627E1,5.072260469E1,3.435986365E0,6.089074316E1,2.021502749E0,3.000000000E0
1.257420092E3,2.618479282E1,9.169828013E1,5.070638803E1,3.542621268E0,6.161797228E1,2.020427614E0,3.000000000E0
1.258420108E3,2.618481159E1,9.169830808E1,5.078856278E1,3.518683199E0,5.828004236E1,2.019406227E0,3.000000000E0
1.259420123E3,2.618483162E1,9.169833844E1,5.083633314E1,3.554050320E0,5.745512796E1,2.018435918E0,3.000000000E0
1.260420138E3,2.618484535E1,9.169836671E1,5.106076371E1,3.323346324E0,5.918111185E1,2.017514121E0,3.000000000E0
1.261420153E3,2.618485840E1,9.169839314E1,5.112199587E1,3.054558677E0,5.996742201E1,2.016638411E0,3.000000000E0
1.262420168E3,2.618487121E1,9.169841380E1,5.122575313E1,2.779577436E0,5.765237693E1,2.015806491E0,3.000000000E0
1.263420183E3,2.618488983E1,9.169844036E1,5.145890726E1,2.984635016E0,5.594234494E1,2.015016167E0,3.000000000E0
1.264420198E3,2.618490585E1,9.169846908E1,5.153210768E1,3.188435536E0,5.701770008E1,2.014265362E0,3.000000000E0
1.265420214E3,2.618491870E1,9.169849581E1,5.172876944E1,3.188972761E0,5.965530077E1,2.013552096E0,3.000000000E0
1.266420229E3,2.618493151E1,9.169852515E1,5.178152838E1,3.272061723E0,6.130113879E1,2.012874497E0,3.000000000E0
1.267420243E3,2.618494728E1,9.169855460E1,5.181073282E1,3.346181045E0,5.999941234E1,2.012230771E0,3.000000000E0
1.268420259E3,2.618496172E1,9.169858107E1,5.176413736E1,3.257502083E0,5.901679475E1,2.011619235E0,3.000000000E0
1.269420274E3,2.618497866E1,9.169860844E1,5.156622341E1,3.265720515E0,5.724480460E1,2.011038272E0,3.000000000E0
1.270420289E3,2.618499378E1,9.169863871E1,5.108256567E1,3.342075631E0,5.849101130E1,2.010486359E0,3.000000000E0
1.271420304E3,2.618500877E1,9.169866974E1,5.106487069E1,3.383496002E0,5.973801146E1,2.009962042E0,3.000000000E0
1.272420319E3,2.618502550E1,9.169870053E1,5.092277421E1,3.397744198E0,6.035877106E1,2.009463940E0,3.000000000E0
1.273420334E3,2.618504084E1,9.169873322E1,5.095854911E1,3.513335703E0,6.151971590E1,2.008990746E0,3.000000000E0
1.274420350E3,2.618505886E1,9.169876017E1,5.094802856E1,3.410720693E0,5.771136356E1,2.008541207E0,3.000000000E0
1.275420364E3,2.618507915E1,9.169878790E1,5.102336531E1,3.514150044E0,5.402315693E1,2.008114147E0,3.000000000E0
1.276420380E3,2.618509895E1,9.169881754E1,5.117761674E1,3.589434248E0,5.443278153E1,2.007708441E0,3.000000000E0
1.277420396E3,2.618511394E1,9.169884879E1,5.113539566E1,3.531753604E0,5.832343001E1,2.007323022E0,3.000000000E0
1.278420410E3,2.618512633E1,9.169887909E1,5.117380961E1,3.318253666E0,6.119743781E1,2.006956869E0,3.000000000E0
1.279420425E3,2.618514471E1,9.169890808E1,5.107383772E1,3.309139624E0,5.804080018E1,2.006609022E0,3.000000000E0
1.280420440E3,2.618516486E1,9.169893867E1,5.115260383E1,3.523807626E0,5.662882500E1,2.006278574E0,3.000000000E0
1.281420455E3,2.618518459E1,9.169897280E1,5.123498437E1,3.790104524E0,5.774161476E1,2.005964648E0,3.000000000E0
1.282420470E3,2.618520298E1,9.169900635E1,5.114033166E1,3.889155434E0,5.823962103E1,2.005666413E0,3.000000000E0
1.283420485E3,2.618522419E1,9.169903985E1,5.108879843E1,3.964149732E0,5.649439554E1,2.005383101E0,3.000000000E0
1.284420501E3,2.618525107E1,9.169907127E1,5.132440610E1,4.111841731E0,5.148261474E1,2.005113942E0,3.000000000E0
1.285420516E3,2.618527324E1,9.169910603E1,5.132201959E1,4.136917388E0,5.361162822E1,2.004858244E0,3.000000000E0
1.286420531E3,2.618529609E1,9.169914126E1,5.127237753E1,4.181019060E0,5.427401468E1,2.004615338E0,3.000000000E0
1.287420546E3,2.618531876E1,9.169917474E1,5.143375059E1,4.141409158E0,5.411501267E1,2.004384578E0,3.000000000E0
1.288420560E3,2.618534073E1,9.169920856E1,5.147291279E1,4.104067835E0,5.437639541E1,2.004165347E0,3.000000000E0
1.289420576E3,2.618536312E1,9.169924027E1,5.149443793E1,4.044176386E0,5.265224655E1,2.003957079E0,3.000000000E0
1.290420590E3,2.618538654E1,9.169927155E1,5.193785820E1,4.004802310E0,5.121296536E1,2.003759229E0,3.000000000E0
1.291420605E3,2.618541045E1,9.169929764E1,5.196010614E1,3.802854481E0,4.791326649E1,2.003571266E0,3.000000000E0
1.292420621E3,2.618543465E1,9.169932617E1,5.196770042E1,3.859100289E0,4.754737106E1,2.003392708E0,3.000000000E0
1.293420636E3,2.618546045E1,9.169935457E1,5.208413167E1,3.904112925E0,4.717721926E1,2.003223082E0,3.000000000E0
1.294420651E3,2.618548519E1,9.169938304E1,5.223630616E1,3.951952827E0,4.757049469E1,2.003061932E0,3.000000000E0
1.295420666E3,2.618550859E1,9.169941284E1,5.224937005E1,3.927181482E0,4.870678023E1,2.002908844E0,3.000000000E0
1.296420681E3,2.618553331E1,9.169943838E1,5.219128036E1,3.810180063E0,4.491191808E1,2.002763389E0,3.000000000E0
1.297420696E3,2.618555859E1,9.169946579E1,5.237337278E1,3.849101548E0,4.535716995E1,2.002625220E0,3.000000000E0
1.298420711E3,2.618558285E1,9.169949537E1,5.219270605E1,3.967960387E0,4.637260821E1,2.002493961E0,3.000000000E0
1.299420726E3,2.618560746E1,9.169952572E1,5.187820042E1,4.007949254E0,4.633525808E1,2.002369255E0,3.000000000E0
1.300420741E3,2.618563455E1,9.169955375E1,5.198963464E1,4.035450691E0,4.468422076E1,2.002250800E0,3.000000000E0
1.301420757E3,2.618566105E1,9.169958033E1,5.198488969E1,3.973084920E0,4.300657451E1,2.002138251E0,3.000000000E0
1.302420771E3,2.618568903E1,9.169960719E1,5.204532692E1,3.994173701E0,4.266636757E1,2.002031340E0,3.000000000E0
1.303420786E3,2.618571483E1,9.169963533E1,5.198644985E1,3.978024073E0,4.305088731E1,2.001929773E0,3.000000000E0
1.304420802E3,2.618574212E1,9.169965932E1,5.198410497E1,3.893027361E0,4.053666810E1,2.001833287E0,3.000000000E0
1.305420816E3,2.618577050E1,9.169968380E1,5.211046304E1,3.890660096E0,3.946257560E1,2.001741625E0,3.000000000E0
1.306420832E3,2.618579758E1,9.169970840E1,5.215177494E1,3.826565383E0,3.947125971E1,2.001654543E0,3.000000000E0
1.307420847E3,2.618582199E1,9.169973324E1,5.219870366E1,3.717331161E0,4.077159540E1,2.001571816E0,3.000000000E0
1.308420862E3,2.618584884E1,9.169975507E1,5.224524370E1,3.662985072E0,3.866855124E1,2.001493224E0,3.000000000E0
1.309420877E3,2.618587599E1,9.169977627E1,5.220912314E1,3.669802842E0,3.733771006E1,2.001418563E0,3.000000000E0
1.310420893E3,2.618590150E1,9.169980013E1,5.234509044E1,3.675767045E0,3.879122113E1,2.001347636E0,3.000000000E0
1.311420907E3,2.618592698E1,9.169982377E1,5.253961238E1,3.666850629E0,4.012817841E1,2.001280258E0,3.000000000E0
1.312420922E3,2.618595155E1,9.169985036E1,5.270426998E1,3.758125122E0,4.242249224E1,2.001216256E0,3.000000000E0
1.313420937E3,2.618597555E1,9.169987597E1,5.288823093E1,3.731252227E0,4.357670751E1,2.001155443E0,3.000000000E0
1.314420952E3,2.618599949E1,9.169990294E1,5.279695950E1,3.701576515E0,4.404658532E1,2.001097674E0,3.000000000E0
1.315420967E3,2.618602576E1,9.169992571E1,5.279186716E1,3.718170525E0,4.057550266E1,2.001042785E0,3.000000000E0
1.316420981E3,2.618605337E1,9.169994284E1,5.278957815E1,3.571772962E0,3.434227181E1,2.000990644E0,3.000000000E0
1.317420997E3,2.618608416E1,9.169995933E1,5.289445657E1,3.627688376E0,3.127003456E1,2.000941116E0,3.000000000E0
1.318421012E3,2.618611081E1,9.169997534E1,5.300308180E1,3.473622642E0,3.097028134E1,2.000894056E0,3.000000000E0
1.319421028E3,2.618613799E1,9.169999341E1,5.286286682E1,3.464855524E0,3.136724422E1,2.000849353E0,3.000000000E0
1.320421043E3,2.618616153E1,9.170001088E1,5.315827476E1,3.385014036E0,3.379258742E1,2.000806885E0,3.000000000E0
1.321421058E3,2.618618734E1,9.170003298E1,5.326576046E1,3.523995346E0,3.554414210E1,2.011486564E0,3.000000000E0
1.322421072E3,2.618621409E1,9.170005314E1,5.319461489E1,3.551631378E0,3.479021816E1,2.010912233E0,3.000000000E0
1.323421087E3,2.618623888E1,9.170007706E1,5.311687417E1,3.592618368E0,3.739635517E1,2.010366625E0,3.000000000E0
1.324421102E3,2.618626332E1,9.170010214E1,5.300091578E1,3.644482442E0,3.971668441E1,2.009848300E0,3.000000000E0
1.325421117E3,2.618628506E1,9.170012610E1,5.262963895E1,3.459833068E0,4.196220394E1,2.009355887E0,3.000000000E0
1.326421133E3,2.618631260E1,9.170014626E1,5.264780167E1,3.421096089E0,3.707160710E1,2.008888094E0,3.000000000E0
1.327421147E3,2.618633564E1,9.170016406E1,5.216941461E1,3.173681430E0,3.563270313E1,2.008443677E0,3.000000000E0
1.328421163E3,2.618636102E1,9.170018624E1,5.244448521E1,3.354311625E0,3.639731126E1,2.008021497E0,3.000000000E0
1.329421177E3,2.618638838E1,9.170020998E1,5.218369400E1,3.685948697E0,3.699406748E1,2.007620423E0,3.000000000E0
1.330419474E3,2.618640937E1,9.170022715E1,5.260686298E1,3.275483840E0,3.626935335E1,2.007239401E0,3.000000000E0
1.331419466E3,2.618643676E1,9.170024789E1,5.255645936E1,3.484779882E0,3.478405333E1,2.006877433E0,3.000000000E0
1.332419481E3,2.618646368E1,9.170026893E1,5.256414386E1,3.594175972E0,3.469378925E1,2.006533560E0,3.000000000E0
1.333419475E3,2.618648647E1,9.170028974E1,5.234030854E1,3.392797800E0,3.666378522E1,2.006206880E0,3.000000000E0
1.334036495E3,2.618656132E1,9.170035189E1,5.261476726E1,3.318498719E0,3.520948942E1,2.005321622E0,3.000000000E0
1.335036488E3,2.618658467E1,9.170037053E1,5.242954425E1,3.186864202E0,3.557070494E1,2.005055541E0,3.000000000E0
1.336036504E3,2.618660955E1,9.170039191E1,5.234593385E1,3.329616092E0,3.680440472E1,2.004802764E0,3.000000000E0
1.337036496E3,2.618663590E1,9.170041315E1,5.225361726E1,3.403662545E0,3.615736356E1,2.004562623E0,3.000000000E0
1.338036489E3,2.618666405E1,9.170043619E1,5.223015723E1,3.546032840E0,3.633459076E1,2.004334490E0,3.000000000E0
1.339036505E3,2.618668950E1,9.170046028E1,5.226295087E1,3.553725195E0,3.778765003E1,2.004117762E0,3.000000000E0
1.340036499E3,2.618671516E1,9.170048290E1,5.225277070E1,3.484819684E0,3.826053503E1,2.003911870E0,3.000000000E0
1.341036491E3,2.618674109E1,9.170050756E1,5.257738430E1,3.517585026E0,3.860353017E1,2.003716273E0,3.000000000E0
1.342036507E3,2.618676805E1,9.170053037E1,5.261426889E1,3.560044798E0,3.709956904E1,2.003530458E0,3.000000000E0
1.343036523E3,2.618679544E1,9.170055195E1,5.264310745E1,3.554422613E0,3.481394989E1,2.003353941E0,3.000000000E0
1.344036540E3,2.618682506E1,9.170057381E1,5.267826762E1,3.700919345E0,3.334999611E1,2.003186248E0,3.000000000E0
1.345036556E3,2.618685170E1,9.170059345E1,5.283038980E1,3.529450905E0,3.258293475E1,2.003026932E0,3.000000000E0
1.346036572E3,2.618688052E1,9.170060863E1,5.251268961E1,3.433919123E0,2.860047184E1,2.002875584E0,3.000000000E0
1.347036588E3,2.618691183E1,9.170060016E1,5.262589028E1,3.118659545E0,4.081263164E0,2.002731814E0,3.000000000E0
1.348036605E3,2.618693613E1,9.170057835E1,5.257125098E1,3.000036267E0,3.411779051E2,2.002595223E0,3.000000000E0
1.349036621E3,2.618695567E1,9.170055912E1,5.249460900E1,2.857539672E0,3.290515836E2,2.002465467E0,3.000000000E0
1.350036637E3,2.618697171E1,9.170053789E1,5.262254836E1,2.784034693E0,3.184450521E2,2.002342196E0,3.000000000E0
1.351036653E3,2.618698730E1,9.170051587E1,5.305282781E1,2.766818218E0,3.125095424E2,2.007713508E0,3.000000000E0
1.352036668E3,2.618700224E1,9.170048979E1,5.294354881E1,2.955890672E0,3.067814487E2,2.019368781E0,3.000000000E0
1.353036684E3,2.618701997E1,9.170046314E1,5.269654269E1,3.176783058E0,3.063348563E2,2.018400349E0,3.000000000E0
1.354036700E3,2.618703866E1,9.170044836E1,5.265794585E1,2.835327981E0,3.131843104E2,2.017480327E0,3.000000000E0
1.355036717E3,2.618705627E1,9.170043125E1,5.323478726E1,2.715465139E0,3.158678006E2,2.024482345E0,3.000000000E0
1.356036731E3,2.618706971E1,9.170040583E1,5.241555992E1,2.766034509E0,3.096688706E2,2.091524685E0,3.000000000E0