"Time (s)","Latitude (°)","Longitude (°)","Height (m)","Velocity (m/s)","Direction (°)","Horizontal Accuracy (m)","Vertical Accuracy (°)"
2.224922180E-3,2.619502136E1,9.168841680E1,5.796388044E1,NaN,NaN,4.515414459E1,3.000000000E1
2.997994423E-3,2.619481952E1,9.168867171E1,5.174987682E1,NaN,NaN,8.769501400E1,3.093124029E1
3.232693672E-2,2.619483256E1,9.168863008E1,5.794925579E1,NaN,NaN,8.748042188E1,3.216957203E1
9.226700068E-1,2.619473800E1,9.168874032E1,5.830898184E1,NaN,NaN,6.435425046E1,3.000000000E1
2.213550925E0,2.619459073E1,9.168889089E1,5.794420316E1,NaN,NaN,4.218441980E1,3.000000000E1
2.507661939E0,2.619507967E1,9.168822519E1,3.254377986E1,1.109606266E0,1.221942699E2,1.712054526E1,3.227610397E1
3.507691026E0,2.619504638E1,9.168824809E1,5.686273467E1,1.238656163E0,1.199104596E2,7.942828153E0,3.000000000E0
4.507721186E0,2.619505165E1,9.168824344E1,5.729440379E1,1.238656163E0,1.024080178E2,6.136529168E0,3.000000000E0
5.507752419E0,2.619504824E1,9.168825406E1,5.746327031E1,1.640812755E0,1.059601329E2,4.917310035E0,3.000000000E0
6.507787228E0,2.619504460E1,9.168826987E1,5.743976796E1,2.004965544E0,1.089669870E2,4.505989918E0,3.000000000E0
7.507816672E0,2.619503061E1,9.168829899E1,5.707619015E1,2.262293816E0,1.251350488E2,4.258063231E0,3.000000000E0
9.031250119E0,2.619500051E1,9.168833359E1,5.716753653E1,2.262293816E0,1.400049717E2,3.733360858E0,3.000000000E0
1.003128052E1,2.619497688E1,9.168836331E1,5.685129110E1,2.417732477E0,1.439122224E2,3.689855353E0,3.000000000E0
1.103126884E1,2.619495705E1,9.168838414E1,5.680945813E1,2.448337793E0,1.455809059E2,3.596369493E0,3.000000000E0
1.203125691E1,2.619493913E1,9.168839862E1,5.666801429E1,2.473015785E0,1.487120696E2,3.535600681E0,3.000000000E0
1.303127253E1,2.619492404E1,9.168840860E1,5.667213146E1,2.473015785E0,1.520330851E2,3.258571974E0,3.000000000E0
1.403126407E1,2.619490357E1,9.168842074E1,5.682870267E1,2.667282343E0,1.509912217E2,2.996490014E0,3.000000000E0
1.503125536E1,2.619488251E1,9.168843368E1,5.682870230E1,2.667282343E0,1.509912274E2,4.748651530E0,3.803371302E0
1.603127635E1,2.619486269E1,9.168844925E1,5.697588543E1,2.667282343E0,1.460634107E2,4.748651530E0,4.105457125E0
1.703126132E1,2.619484780E1,9.168846172E1,5.702575366E1,2.318972826E0,1.451277697E2,4.748651530E0,4.392462526E0
1.803127789E1,2.619483202E1,9.168848008E1,5.668676656E1,2.318972826E0,1.431177136E2,4.748651530E0,5.644773254E0
1.903126121E1,2.619481045E1,9.168849847E1,5.702970309E1,2.318972826E0,1.438600731E2,4.748651530E0,5.070506462E0
2.003124237E1,2.619479000E1,9.168851401E1,5.708434602E1,2.732777119E0,1.443269722E2,4.748651530E0,4.912913553E0
2.103122306E1,2.619477202E1,9.168852854E1,5.702350756E1,2.732777119E0,1.433527415E2,4.748651530E0,4.859367105E0
2.203123689E1,2.619475816E1,9.168854597E1,5.699282693E1,2.590661526E0,1.294694001E2,4.748651530E0,4.760125560E0
2.303124928E1,2.619476059E1,9.168857159E1,5.698490870E1,2.590661526E0,9.349722787E1,4.748651530E0,4.638884777E0
2.403126347E1,2.619477672E1,9.168859088E1,5.716677580E1,2.503677368E0,6.029411239E1,4.748651530E0,4.239660489E0
2.503127766E1,2.619479521E1,9.168860452E1,5.668539411E1,2.503677368E0,3.897400551E1,4.748651530E0,3.747574470E0
2.603129280E1,2.619482513E1,9.168861882E1,5.665975733E1,3.054068327E0,2.638318090E1,4.748651530E0,3.562038658E0
2.703130841E1,2.619485477E1,9.168862894E1,5.619969709E1,3.123381376E0,2.285894438E1,4.748651530E0,3.375756809E0
2.803132427E1,2.619488865E1,9.168862876E1,5.571305898E1,3.123381376E0,1.545540866E1,4.748651530E0,3.518720004E0
2.903134167E1,2.619493005E1,9.168863352E1,5.546265031E1,3.331737757E0,1.948151613E1,4.748651530E0,4.126919584E0
3.003135931E1,2.619495528E1,9.168865000E1,5.567624725E1,3.433241844E0,2.945512312E1,4.748651530E0,4.380227198E0
3.103137743E1,2.619497474E1,9.168867555E1,5.554861253E1,3.433241844E0,3.797557083E1,4.748651530E0,5.565286178E0
3.203139675E1,2.619499000E1,9.168870033E1,5.585668883E1,3.047333956E0,4.819731504E1,4.748651530E0,4.777061275E0
3.328036327E1,2.619499011E1,9.168876535E1,5.542300538E1,2.551496401E-2,NaN,3.692081745E0,3.000000000E0
3.428038759E1,2.619499317E1,9.168876571E1,5.554605702E1,5.340774730E-2,4.696390603E1,3.398439971E0,3.000000000E0
3.528036446E1,2.619500184E1,9.168878151E1,5.527298547E1,1.301254988E0,5.267365731E1,3.191273903E0,3.000000000E0
3.628034384E1,2.619501220E1,9.168879784E1,5.496440173E1,1.821420670E0,6.182185901E1,3.017419331E0,3.000000000E0
3.728037042E1,2.619502276E1,9.168882015E1,5.494965806E1,1.821420670E0,6.381302991E1,2.769024146E0,3.000000000E0
3.828034694E1,2.619503001E1,9.168883650E1,5.494965739E1,1.821420670E0,6.381303712E1,4.748651530E0,4.115805252E0
3.928032405E1,2.619504398E1,9.168886952E1,5.478934164E1,2.540710926E0,6.827532586E1,4.748651530E0,4.400367135E0
4.028035266E1,2.619505699E1,9.168889725E1,5.473279307E1,2.726489782E0,6.556301730E1,4.748651530E0,4.583821386E0
4.128033037E1,2.619507516E1,9.168892368E1,5.473468103E1,2.985728741E0,5.847665533E1,4.748651530E0,7.295069098E0
4.228030843E1,2.619509890E1,9.168894244E1,5.471923871E1,2.985728741E0,4.683280676E1,4.748651530E0,7.949002943E0
4.328033656E1,2.619512292E1,9.168895552E1,5.465364255E1,2.959519863E0,3.681981254E1,4.748651530E0,8.474992520E0
4.428031606E1,2.619514838E1,9.168896523E1,5.459768901E1,2.911448717E0,2.737018584E1,4.748651530E0,8.984067560E0
4.528029353E1,2.619517468E1,9.168896914E1,5.459473663E1,2.901816368E0,1.751623743E1,4.748651530E0,9.436217166E0
4.628032250E1,2.619520033E1,9.168897810E1,5.479504558E1,2.916419983E0,1.935502722E1,4.748651530E0,9.837452538E0
4.728035194E1,2.619522503E1,9.168899408E1,5.483846979E1,3.027480364E0,2.686579870E1,4.748651530E0,1.017242588E1
4.828038055E1,2.619524993E1,9.168901007E1,5.453843733E1,3.027480364E0,2.870763643E1,4.748651530E0,1.045572387E1
4.928040952E1,2.619527696E1,9.168903569E1,5.431983356E1,3.252976656E0,3.477890798E1,4.748651530E0,1.070682249E1
5.028043789E1,2.619531444E1,9.168905721E1,5.462317441E1,4.259353638E0,2.703585243E1,4.748651530E0,5.045900446E0
5.128046662E1,2.619536167E1,9.168906798E1,5.439197196E1,4.721645832E0,1.880367289E1,4.748651530E0,6.070634897E0
5.228049511E1,2.619541081E1,9.168906957E1,5.417675605E1,4.721645832E0,1.019759309E1,4.748651530E0,6.859433577E0
5.328052337E1,2.619546784E1,9.168906874E1,5.403967973E1,5.296404839E0,3.151467004E0,4.748651530E0,7.536856398E0
5.428055150E1,2.619552143E1,9.168906215E1,5.399752593E1,5.540541649E0,3.575198580E2,4.748651530E0,8.087331130E0
5.528057975E1,2.619557099E1,9.168904936E1,5.401398430E1,5.590558529E0,3.512823900E2,4.748651530E0,8.575889155E0
5.628060884E1,2.619562061E1,9.168904085E1,5.400985887E1,5.540541649E0,3.506636292E2,4.748651530E0,9.011655555E0
5.728063638E1,2.619566858E1,9.168903460E1,5.407353055E1,5.415905952E0,3.520636547E2,4.748651530E0,9.381186662E0
5.828066451E1,2.619572422E1,9.168904031E1,5.310195182E1,5.084677785E0,3.566655927E2,5.311691254E0,3.000000000E0
5.928069276E1,2.619576988E1,9.168904464E1,5.324485277E1,4.963088680E0,3.598753235E2,4.953945568E0,3.000000000E0
6.028072030E1,2.619581342E1,9.168904321E1,5.363343787E1,4.927730551E0,3.599181805E2,5.211752840E0,3.000000000E0
6.128074784E1,2.619586207E1,9.168904016E1,5.330235872E1,4.998243310E0,3.579330143E2,5.236209352E0,3.000000000E0
6.228077561E1,2.619590961E1,9.168903682E1,5.318523572E1,5.039334772E0,3.577851586E2,5.014752475E0,3.000000000E0
6.328080398E1,2.619595488E1,9.168903005E1,5.337322962E1,5.123615840E0,3.563075621E2,5.338140418E0,3.000000000E0
6.428083128E1,2.619599901E1,9.168901842E1,5.311230332E1,4.932141062E0,3.535051549E2,5.229799512E0,3.000000000E0
6.528085989E1,2.619603975E1,9.168900358E1,5.271806648E1,4.878614522E0,3.456504017E2,5.121203898E0,3.000000000E0
6.628088755E1,2.619608620E1,9.168899841E1,5.296803380E1,4.872380263E0,3.527094384E2,5.082827244E0,3.000000000E0
6.728091568E1,2.619612131E1,9.168902350E1,5.310765971E1,4.685060614E0,1.211617585E1,4.882492918E0,4.367836264E0
6.828094203E1,2.619615285E1,9.168905383E1,5.278108804E1,4.437439058E0,2.815958135E1,4.810420347E0,4.290243469E0
6.928096992E1,2.619618026E1,9.168908263E1,5.289023670E1,4.249764077E0,3.613518561E1,4.824524041E0,4.265237278E0
7.028099686E1,2.619621513E1,9.168910321E1,5.286038222E1,4.364854122E0,3.261718475E1,4.775231380E0,4.223864323E0
7.128102512E1,2.619624851E1,9.168911993E1,5.301482064E1,4.228834959E0,2.914869945E1,4.807049962E0,4.205542611E0
7.228105265E1,2.619628297E1,9.168914303E1,5.355649375E1,4.310269611E0,3.159800128E1,4.792728447E0,4.167122293E0
7.328108007E1,2.619630891E1,9.168917812E1,5.358386250E1,4.348697449E0,4.306355642E1,4.771549736E0,4.147708001E0
7.428110761E1,2.619633275E1,9.168921394E1,5.341069228E1,4.379080500E0,4.929787986E1,4.722314221E0,4.110134700E0
7.528113479E1,2.619635256E1,9.168925552E1,5.391056964E1,4.557065589E0,5.640437012E1,4.760156770E0,4.126000228E0
7.628116233E1,2.619636763E1,9.168929755E1,5.422792551E1,4.575727079E0,6.341046504E1,4.718349022E0,4.088374048E0
7.728118963E1,2.619638291E1,9.168933933E1,5.417557262E1,4.536467971E0,6.671874068E1,4.729280012E0,4.091694007E0
7.828121788E1,2.619639724E1,9.168937754E1,5.350551217E1,4.332683135E0,6.710618662E1,4.737892619E0,4.101739443E0
7.928124494E1,2.619641436E1,9.168941925E1,5.411143320E1,4.385618806E0,6.774007012E1,4.717991914E0,4.188551661E0
8.028127164E1,2.619642435E1,9.168946630E1,5.413631890E1,4.520634017E0,7.302754749E1,4.814769577E0,4.337201126E0
8.128129882E1,2.619643578E1,9.168951118E1,5.399851084E1,4.533758258E0,7.401686855E1,4.868665152E0,4.371769349E0
8.228132624E1,2.619644849E1,9.168955288E1,5.423272152E1,4.422513329E0,7.222882849E1,4.877599962E0,4.353341966E0
8.328135258E1,2.619646260E1,9.168959563E1,5.422836681E1,4.422342406E0,7.090213161E1,4.842737568E0,4.270059360E0
8.428138108E1,2.619647681E1,9.168963862E1,5.375411869E1,4.479899606E0,7.047738876E1,4.816972028E0,4.202181698E0
8.528140742E1,2.619648743E1,9.168968247E1,5.351113182E1,4.523559113E0,7.277089082E1,4.755593641E0,4.185408426E0
8.628143520E1,2.619649979E1,9.168972918E1,5.363451941E1,4.670431407E0,7.413112089E1,4.784850550E0,4.223916111E0
8.728146273E1,2.619651331E1,9.168977766E1,5.349579986E1,4.803605038E0,7.391137514E1,4.744905759E0,4.179398406E0
8.828148968E1,2.619652772E1,9.168982673E1,5.357335965E1,4.935820780E0,7.318708789E1,4.733222771E0,4.171098359E0
8.928151626E1,2.619654370E1,9.168987790E1,5.337940937E1,5.164612536E0,7.234559481E1,4.703742610E0,4.191730079E0
9.028154380E1,2.619655706E1,9.168992646E1,5.331907720E1,5.075815142E0,7.289345013E1,4.672227017E0,4.131242183E0
9.128157074E1,2.619656892E1,9.168997603E1,5.348249290E1,5.050107790E0,7.418133985E1,4.666825143E0,4.168837098E0
9.228159851E1,2.619658225E1,9.169002424E1,5.360791908E1,5.000766624E0,7.375218282E1,4.645070172E0,4.171971590E0
9.328162581E1,2.619659607E1,9.169007064E1,5.345307034E1,4.914538693E0,7.264514423E1,4.639102696E0,4.154525036E0
9.428165287E1,2.619660773E1,9.169011561E1,5.357139695E1,4.714362992E0,7.362372465E1,4.825823000E0,4.325161174E0
9.528167981E1,2.619661764E1,9.169015749E1,5.369191204E1,4.469984783E0,7.488697206E1,4.839875386E0,4.334756153E0
9.628170735E1,2.619662681E1,9.169019785E1,5.384806324E1,4.273556397E0,7.624518982E1,4.809642453E0,4.299078928E0
9.728173382E1,2.619663724E1,9.169023887E1,5.399628868E1,4.256648248E0,7.516247512E1,4.820060979E0,4.285472842E0
9.828176183E1,2.619664843E1,9.169027696E1,5.422664937E1,4.129359621E0,7.361895735E1,4.814473591E0,4.258766454E0
9.928178829E1,2.619665625E1,9.169031605E1,5.425259116E1,4.049868148E0,7.598225879E1,4.839594508E0,4.250051946E0
1.002818158E2,2.619666382E1,9.169035476E1,5.421615341E1,3.995276492E0,7.665702509E1,4.858030937E0,4.248385508E0
1.012818431E2,2.619667346E1,9.169039680E1,5.422716417E1,4.170094365E0,7.618510638E1,4.858084256E0,4.255097286E0
1.022818707E2,2.619668762E1,9.169043996E1,5.446826495E1,4.401909497E0,7.256823114E1,4.806527270E0,4.227046616E0
1.032818973E2,2.619670077E1,9.169048335E1,5.423360612E1,4.518889669E0,7.227449005E1,4.796043798E0,4.254474228E0
1.042819237E2,2.619671270E1,9.169052534E1,5.410610939E1,4.441950889E0,7.264234884E1,4.784953722E0,4.211128824E0
1.052819522E2,2.619672622E1,9.169056796E1,5.413535723E1,4.436021658E0,7.162641283E1,4.769648189E0,4.198945183E0
1.062819782E2,2.619673851E1,9.169060632E1,5.397112503E1,4.249522665E0,7.149482265E1,4.759563345E0,4.189925765E0
1.072820060E2,2.619674669E1,9.169064810E1,5.364609771E1,4.213581608E0,7.508659867E1,4.747967728E0,4.155239659E0
1.082820333E2,2.619675267E1,9.169068793E1,5.381025066E1,4.115479489E0,7.754410680E1,4.744744726E0,4.160975853E0
1.092820599E2,2.619676386E1,9.169072479E1,5.352704771E1,4.018287540E0,7.420522121E1,4.770891459E0,4.230229696E0
1.102820872E2,2.619677640E1,9.169076420E1,5.332930369E1,4.093558457E0,7.262068242E1,4.757966251E0,4.194549872E0
1.112821147E2,2.619678314E1,9.169080562E1,5.274026822E1,4.120998169E0,7.680770724E1,4.726867264E0,4.101141286E0
1.122821413E2,2.619678973E1,9.169085061E1,5.246204120E1,4.260591883E0,7.991039719E1,4.887934015E0,4.340663068E0
1.132821690E2,2.619681026E1,9.169089457E1,5.185021440E1,4.452821527E0,7.074322690E1,4.953723585E0,4.477376559E0
1.142821959E2,2.619682027E1,9.169093946E1,5.172118800E1,4.458233560E0,7.283081677E1,4.915091144E0,4.501544818E0
1.152822232E2,2.619683309E1,9.169098250E1,5.211238543E1,4.411859143E0,7.181117266E1,4.866061483E0,4.451541358E0
1.162822496E2,2.619684455E1,9.169102279E1,5.216175912E1,4.249322054E0,7.246290854E1,4.839366538E0,4.371175767E0
1.172822772E2,2.619685019E1,9.169106162E1,5.234911322E1,4.013197543E0,7.704258856E1,4.871266892E0,4.354851557E0
1.182823039E2,2.619684995E1,9.169110279E1,5.219752070E1,3.961652992E0,8.420776985E1,5.015587814E0,4.482320516E0
1.192823311E2,2.619685700E1,9.169113891E1,5.211475451E1,3.747322470E0,8.061723230E1,5.046071330E0,4.586243374E0
1.202823589E2,2.619686724E1,9.169117134E1,5.163873579E1,3.491662185E0,7.519828764E1,5.088572687E0,4.700866100E0
1.212823857E2,2.619688382E1,9.169121338E1,5.202981813E1,3.853857123E0,6.992551922E1,5.142165020E0,4.760771630E0
1.222824131E2,2.619689610E1,9.169125503E1,5.239120016E1,4.056824035E0,7.105725819E1,5.149639097E0,4.674304821E0
1.232824400E2,2.619690850E1,9.169129342E1,5.230644583E1,3.987272419E0,7.040130133E1,5.156629535E0,4.626028003E0
1.242824672E2,2.619692309E1,9.169133130E1,5.219566298E1,3.998849595E0,6.868415419E1,5.201360795E0,4.624072186E0
1.252824939E2,2.619693793E1,9.169136965E1,5.203858193E1,4.014039640E0,6.737765034E1,5.231901138E0,4.624660270E0
1.262825212E2,2.619695803E1,9.169140537E1,5.175464571E1,3.992639509E0,6.243967126E1,5.212495680E0,4.604242500E0
1.272825490E2,2.619697999E1,9.169143786E1,5.188160210E1,3.935944609E0,5.807753368E1,5.137750168E0,4.523932030E0
1.282825750E2,2.619700669E1,9.169146554E1,5.179163552E1,3.892764625E0,5.014727611E1,5.110313430E0,4.499580769E0
1.292826023E2,2.619703881E1,9.169148558E1,5.143429087E1,3.860309615E0,3.870490914E1,5.067045097E0,4.461987495E0
1.302826299E2,2.619707172E1,9.169150436E1,5.136694556E1,3.929191145E0,3.192285920E1,4.992964176E0,4.395948806E0
1.312826570E2,2.619710206E1,9.169152657E1,5.153976625E1,3.919398627E0,3.355681827E1,4.987442446E0,4.375194508E0
1.322826836E2,2.619712497E1,9.169155611E1,5.154065734E1,3.832412406E0,4.372595512E1,4.946583938E0,4.334228714E0
1.332827109E2,2.619713857E1,9.169159045E1,5.185513511E1,3.686310317E0,5.652783521E1,4.884242703E0,4.276010118E0
1.342827382E2,2.619714768E1,9.169162507E1,5.208191090E1,3.567291532E0,6.711205977E1,4.807279495E0,4.207832752E0
1.352827655E2,2.619714989E1,9.169165971E1,5.205359428E1,3.438943588E0,7.866745228E1,4.830411524E0,4.204454246E0
1.362827920E2,2.619714248E1,9.169169701E1,5.208016061E1,3.541655861E0,9.284728038E1,4.797841504E0,4.171932604E0
1.372828193E2,2.619713213E1,9.169173506E1,5.202873778E1,3.744954413E0,1.012046708E2,4.796805692E0,4.175988034E0
1.382828469E2,2.619712046E1,9.169177179E1,5.226054304E1,3.831404124E0,1.055870614E2,4.741079572E0,4.140250240E0
1.392828735E2,2.619711203E1,9.169181047E1,5.220150219E1,3.898085481E0,1.045266032E2,4.720566591E0,4.176243082E0
1.402829010E2,2.619710757E1,9.169185063E1,5.275698839E1,3.932932883E0,1.001691901E2,4.679900226E0,4.152202151E0
1.412829277E2,2.619710845E1,9.169188967E1,5.286363884E1,3.915970832E0,9.394589860E1,4.638495465E0,4.169588055E0
1.422829549E2,2.619711210E1,9.169193102E1,5.300979129E1,4.043028171E0,8.847382836E1,4.634670110E0,4.160730249E0
1.432829823E2,2.619711454E1,9.169197175E1,5.335857670E1,4.084944575E0,8.708851673E1,4.557897230E0,4.101666054E0
1.442830091E2,2.619711894E1,9.169201339E1,5.315845619E1,4.135892110E0,8.530210379E1,4.534689505E0,4.119411411E0
1.452830363E2,2.619712598E1,9.169205618E1,5.357664599E1,4.240594024E0,8.266774517E1,4.507438394E0,4.087470568E0
1.462830640E2,2.619712806E1,9.169209741E1,5.354468501E1,4.178566317E0,8.477177166E1,4.509255147E0,4.073766975E0
1.472830904E2,2.619712927E1,9.169214096E1,5.372200381E1,4.265337275E0,8.644073739E1,4.511199866E0,4.056751677E0
1.482831177E2,2.619713319E1,9.169218416E1,5.394859244E1,4.289012852E0,8.562719721E1,4.507057442E0,4.023461019E0
1.492831445E2,2.619713887E1,9.169222933E1,5.393921059E1,4.369670548E0,8.342933047E1,4.483192621E0,3.973716780E0
1.502831720E2,2.619714502E1,9.169227202E1,5.398511029E1,4.301064667E0,8.166070242E1,4.478317196E0,3.964645423E0
1.512831996E2,2.619715397E1,9.169231485E1,5.416997848E1,4.296082360E0,7.872149308E1,4.432589720E0,4.008444739E0
1.522832264E2,2.619716358E1,9.169235710E1,5.438684729E1,4.258491656E0,7.746782711E1,4.387653277E0,3.938562857E0
1.532832528E2,2.619716827E1,9.169239920E1,5.451905376E1,4.187510755E0,8.061203687E1,4.385569081E0,3.871894309E0
1.542832807E2,2.619717643E1,9.169244268E1,5.494636859E1,4.285034485E0,7.916293049E1,4.383084570E0,3.875122919E0
1.552833070E2,2.619719011E1,9.169248410E1,5.466901620E1,4.308538636E0,7.400115850E1,4.357418830E0,3.876472872E0
1.562833343E2,2.619720051E1,9.169252446E1,5.440846713E1,4.189517545E0,7.401589485E1,4.321484941E0,3.833842806E0
1.572795792E2,2.619720921E1,9.169256625E1,5.433088182E1,4.159372824E0,7.582405092E1,4.401190593E0,3.890133457E0
1.582795516E2,2.619722141E1,9.169260952E1,5.457754494E1,4.304659346E0,7.374456100E1,4.659584233E0,4.086529958E0
1.592796033E2,2.619723360E1,9.169264879E1,5.458914655E1,4.213019685E0,7.172301792E1,4.684854774E0,4.109336606E0
1.602796111E2,2.619724336E1,9.169268831E1,5.443266050E1,4.125128650E0,7.263440341E1,4.707598378E0,4.165806175E0
1.612796176E2,2.619725545E1,9.169273062E1,5.443708581E1,4.229554046E0,7.167547495E1,4.674976244E0,4.144677403E0
1.622796783E2,2.619726593E1,9.169277329E1,5.450008636E1,4.277688973E0,7.273536734E1,4.657427869E0,4.139393972E0
1.632796887E2,2.619727732E1,9.169281350E1,5.458157178E1,4.240351450E0,7.241580966E1,4.653560085E0,4.113549491E0
1.642796993E2,2.619729202E1,9.169285156E1,5.462126378E1,4.183261280E0,6.882312192E1,4.663517743E0,4.128158233E0
1.652797634E2,2.619730784E1,9.169289246E1,5.449412516E1,4.265768234E0,6.719833858E1,4.736637826E0,4.199867860E0
1.662797719E2,2.619731879E1,9.169293504E1,5.450287544E1,4.251898032E0,7.058311443E1,4.856805467E0,4.265203713E0
1.672797800E2,2.619732590E1,9.169297347E1,5.480654915E1,4.055725370E0,7.444784269E1,4.840980191E0,4.224856919E0
1.682798392E2,2.619733158E1,9.169301231E1,5.429557097E1,4.012189451E0,7.806389837E1,4.859304759E0,4.183051742E0
1.692798465E2,2.619733731E1,9.169305040E1,5.414181076E1,3.928108828E0,7.929827903E1,4.822630612E0,4.118185468E0
1.702798523E2,2.619733793E1,9.169308689E1,5.406008265E1,3.806420452E0,8.397252819E1,4.817644637E0,4.088407931E0
1.712799094E2,2.619732986E1,9.169312424E1,5.393954965E1,3.788311484E0,9.472249864E1,4.793905606E0,4.064691508E0
1.722799662E2,2.619731430E1,9.169315761E1,5.381346619E1,3.718711256E0,1.067943033E2,4.773851491E0,4.017021939E0
1.732800208E2,2.619729908E1,9.169319184E1,5.372553555E1,3.768977046E0,1.127371672E2,4.803773602E0,4.026418664E0
1.742800744E2,2.619727671E1,9.169322226E1,5.339375729E1,3.843067288E0,1.222044277E2,4.814536741E0,4.020312689E0
1.752801265E2,2.619725255E1,9.169325123E1,5.337339789E1,3.887253184E0,1.278898309E2,4.809044291E0,4.033373742E0
1.762801779E2,2.619723128E1,9.169328161E1,5.324631357E1,3.829844260E0,1.278360736E2,4.761698075E0,4.022437646E0
1.772802271E2,2.619720770E1,9.169331062E1,5.338312964E1,3.851792351E0,1.295919158E2,4.719959963E0,3.983161715E0
1.782802747E2,2.619718411E1,9.169333642E1,5.344057627E1,3.764307368E0,1.328840051E2,4.640597620E0,3.907474755E0
1.792803225E2,2.619716077E1,9.169336312E1,5.353363786E1,3.749050789E0,1.334920498E2,4.590796009E0,3.862953216E0
1.802803689E2,2.619713778E1,9.169339070E1,5.348515524E1,3.740105126E0,1.325829458E2,4.617574070E0,3.886793837E0
1.812804138E2,2.619711473E1,9.169342195E1,5.350894838E1,3.939023630E0,1.304285749E2,4.656996650E0,3.938968327E0
1.822804585E2,2.619709056E1,9.169345338E1,5.350790003E1,4.071597260E0,1.302860480E2,4.612092495E0,3.903059234E0
1.832805008E2,2.619706752E1,9.169348315E1,5.336946891E1,4.001626594E0,1.304068226E2,4.577533686E0,3.869929371E0
1.842805432E2,2.619704385E1,9.169351255E1,5.356524609E1,3.971330493E0,1.312492228E2,4.515944805E0,3.800866731E0
1.852805846E2,2.619702220E1,9.169353942E1,5.338909211E1,3.800944911E0,1.316068303E2,4.570510399E0,3.845788192E0
1.862806254E2,2.619700044E1,9.169356916E1,5.362004586E1,3.832072077E0,1.298921789E2,4.537473155E0,3.807270631E0
1.872806652E2,2.619697976E1,9.169359763E1,5.383089457E1,3.737003442E0,1.299306487E2,4.478717663E0,3.732731682E0
1.882807052E2,2.619695803E1,9.169362227E1,5.374375360E1,3.569239398E0,1.320113108E2,4.457109896E0,3.698297652E0
1.892807445E2,2.619693445E1,9.169365051E1,5.345905749E1,3.714232596E0,1.324635641E2,4.396260528E0,3.664172703E0
1.902807823E2,2.619691124E1,9.169367942E1,5.382748683E1,3.830630177E0,1.319844160E2,4.374306025E0,3.583491003E0
1.912808201E2,2.619688876E1,9.169370757E1,5.395140938E1,3.828041124E0,1.315947352E2,4.405479061E0,3.666683900E0
1.922808577E2,2.619686676E1,9.169373510E1,5.406800034E1,3.797181153E0,1.313810644E2,4.431980037E0,3.733530666E0
1.932808946E2,2.619684596E1,9.169376640E1,5.404171336E1,3.849913307E0,1.292913770E2,4.441947728E0,3.743562243E0
1.942809315E2,2.619682380E1,9.169379434E1,5.404286688E1,3.775168918E0,1.299249860E2,4.512422398E0,3.786967221E0
1.952809680E2,2.619680508E1,9.169382310E1,5.413972995E1,3.621386479E0,1.276869212E2,4.514402479E0,3.764814437E0
1.962810029E2,2.619678382E1,9.169385366E1,5.399709363E1,3.693861338E0,1.276764055E2,4.450613607E0,3.707431625E0
1.972810381E2,2.619676065E1,9.169387953E1,5.389422493E1,3.644246650E0,1.322743312E2,4.428635673E0,3.701952927E0
1.982810741E2,2.619674137E1,9.169390404E1,5.358354320E1,3.388953490E0,1.323292549E2,4.390136738E0,3.715627632E0
1.992811088E2,2.619671952E1,9.169393189E1,5.377883526E1,3.419756200E0,1.322014187E2,4.322137201E0,3.686318301E0
2.002811428E2,2.619669953E1,9.169395532E1,5.386287404E1,3.187490317E0,1.326445907E2,4.419010865E0,3.767848590E0
2.012811773E2,2.619668253E1,9.169397317E1,5.391461146E1,2.730333901E0,1.349110572E2,4.514789824E0,3.856124043E0
2.018351888E2,2.619659262E1,9.169445080E1,5.702328289E1,NaN,NaN,4.806740893E1,3.000000000E1
2.018354428E2,2.619657595E1,9.169458424E1,5.081254757E1,NaN,NaN,6.869501400E1,3.194238324E1
2.018678577E2,2.619657592E1,9.169458428E1,5.702092922E1,NaN,NaN,7.725185697E1,3.502541462E1
2.025447338E2,2.619675731E1,9.169477878E1,5.694505620E1,NaN,NaN,4.991042425E1,3.000000000E1
2.036625498E2,2.619676871E1,9.169477668E1,5.694504094E1,NaN,NaN,5.373699492E1,3.000000000E1
2.052843632E2,2.619665017E1,9.169397484E1,6.425972120E1,1.461003542E0,1.651891496E2,8.698931357E0,1.069533443E1
2.062843936E2,2.619663451E1,9.169398216E1,5.729357695E1,2.135998487E0,1.538876044E2,6.864647373E0,3.000000000E0
2.072844351E2,2.619661914E1,9.169400230E1,5.706832608E1,2.135998487E0,1.591751817E2,5.817381270E0,3.000000000E0
2.082844667E2,2.619659001E1,9.169401248E1,5.675409081E1,2.522866011E0,1.581069128E2,4.955407008E0,3.000000000E0
2.092844971E2,2.619654888E1,9.169403721E1,5.669199394E1,2.836919546E0,1.617106026E2,4.166480482E0,3.000000000E0
2.102845273E2,2.619651387E1,9.169404916E1,5.668825352E1,2.847340107E0,1.628662159E2,3.840126398E0,3.000000000E0
2.112845580E2,2.619648515E1,9.169406658E1,5.632143041E1,2.847340107E0,1.694763637E2,3.812776512E0,3.000000000E0
2.122845886E2,2.619645548E1,9.169407508E1,5.604683040E1,2.991889238E0,1.702019620E2,3.694086243E0,3.000000000E0
2.132846193E2,2.619642693E1,9.169409022E1,5.594083461E1,3.100762606E0,1.707649609E2,3.515351359E0,3.000000000E0
2.142846498E2,2.619639786E1,9.169410078E1,5.586425944E1,3.100762606E0,1.746158898E2,3.370030803E0,3.000000000E0
2.152846802E2,2.619637229E1,9.169410689E1,5.550571948E1,3.063325167E0,1.746888772E2,3.293778979E0,3.000000000E0
2.162847107E2,2.619634394E1,9.169410936E1,5.557366770E1,3.063325167E0,1.803612264E2,3.163620995E0,3.000000000E0
2.172847409E2,2.619631629E1,9.169410917E1,5.557366750E1,3.063325167E0,1.803612263E2,4.748651530E0,3.602442942E0
2.182847711E2,2.619628512E1,9.169410615E1,5.571835984E1,3.326956987E0,1.862258984E2,4.748651530E0,3.689891153E0
2.192848018E2,2.619625123E1,9.169410998E1,5.580011698E1,3.578418493E0,1.822809324E2,4.748651530E0,3.927958503E0
2.202848320E2,2.619621461E1,9.169411523E1,5.574710808E1,3.578418493E0,1.785379488E2,4.748651530E0,5.143692735E0
2.212848624E2,2.619617887E1,9.169411975E1,5.573565974E1,3.916507006E0,1.734599642E2,4.748651530E0,4.696304573E0
2.222848930E2,2.619613812E1,9.169413204E1,5.582136083E1,4.177072048E0,1.679654478E2,4.748651530E0,5.700551459E0
2.232849235E2,2.619610214E1,9.169414969E1,5.570536571E1,4.177072048E0,1.616016532E2,4.748651530E0,6.534602806E0
2.242819945E2,2.619606982E1,9.169417199E1,5.535921493E1,4.177072048E0,1.530597119E2,4.748651530E0,5.071703946E0
2.257880520E2,2.619603374E1,9.169422298E1,5.505041512E1,2.684657574E0,1.254390332E2,2.268284841E0,3.000000000E0
2.267881062E2,2.619601969E1,9.169424486E1,5.505041474E1,2.684657574E0,1.254390429E2,4.748651530E0,6.280496318E0
2.277881592E2,2.619601294E1,9.169427079E1,5.514355492E1,2.684657574E0,1.158423413E2,4.748651530E0,6.096264005E0
2.287882097E2,2.619600847E1,9.169428458E1,5.520327079E1,2.196530342E0,1.137647735E2,4.748651530E0,6.964771549E0
2.297882588E2,2.619601156E1,9.169427665E1,5.501544358E1,9.971779585E-2,1.137647650E2,4.748651530E0,5.237297482E0
2.307883070E2,2.619600992E1,9.169427523E1,5.497687846E1,1.936976910E-1,1.137647654E2,4.748651530E0,6.285271163E0
2.317883541E2,2.619600902E1,9.169427071E1,5.474906468E1,1.281864941E-1,1.137647651E2,4.748651530E0,6.356839748E0
2.327884006E2,2.619601081E1,9.169426830E1,5.504074187E1,4.014067724E-2,1.137647648E2,4.748651530E0,7.019727953E0
2.332039060E2,2.619604184E1,9.169456915E1,5.095993038E1,NaN,NaN,3.169501400E1,3.000000000E1
2.332060270E2,2.619604320E1,9.169464935E1,5.716949459E1,NaN,NaN,3.390525922E1,3.000000000E1
2.364992237E2,2.619596865E1,9.169433526E1,3.643070513E1,2.421473742E0,1.038622881E2,9.124721841E0,2.245236969E1
2.374992577E2,2.619594675E1,9.169437015E1,5.601631473E1,2.475251436E0,1.053154723E2,8.232948835E0,3.000000000E0
2.384993386E2,2.619594249E1,9.169438871E1,5.632913316E1,2.475251436E0,9.469247907E1,7.897405705E0,3.000000000E0
2.394993741E2,2.619594203E1,9.169441912E1,5.641150279E1,2.705843925E0,9.585912319E1,7.498962962E0,3.000000000E0
2.409644222E2,2.619596566E1,9.169447059E1,5.633497549E1,3.262912035E0,7.702501316E1,6.949682595E0,3.000000000E0
2.419644557E2,2.619597383E1,9.169450975E1,5.591900157E1,3.473727226E0,6.802455870E1,6.499852582E0,3.000000000E0
2.429630714E2,2.619599054E1,9.169453804E1,5.553473870E1,3.445987225E0,6.995394371E1,5.900855182E0,3.000000000E0
2.439630432E2,2.619600597E1,9.169457038E1,5.512991366E1,3.445987225E0,5.936560687E1,5.433305580E0,3.000000000E0
2.449630760E2,2.619602607E1,9.169459915E1,5.498196211E1,3.380884886E0,4.491797410E1,5.041430722E0,3.000000000E0
2.459630823E2,2.619605341E1,9.169462290E1,5.492830986E1,3.494875431E0,3.713649667E1,4.612254221E0,3.000000000E0
2.469630854E2,2.619608272E1,9.169464223E1,5.470237322E1,3.494875431E0,3.696695771E1,4.252747253E0,3.000000000E0
2.479631520E2,2.619611116E1,9.169465989E1,5.483332961E1,3.324376345E0,3.505516044E1,3.945765235E0,3.000000000E0
2.489631594E2,2.619613572E1,9.169467900E1,5.483332954E1,3.324376345E0,3.505516888E1,4.748651530E0,3.000000000E0
2.499631642E2,2.619616355E1,9.169470051E1,5.475384862E1,3.324376345E0,3.626562891E1,4.748651530E0,3.086937357E0
2.509632278E2,2.619619228E1,9.169471697E1,5.468460608E1,3.288888454E0,3.424628639E1,4.748651530E0,3.302093213E0
2.519632331E2,2.619622304E1,9.169474372E1,5.465206141E1,3.899999380E0,3.291175057E1,4.748651530E0,3.199975383E0
2.529632384E2,2.619624370E1,9.169476807E1,5.441813815E1,3.479556799E0,3.966080779E1,4.748651530E0,5.717546528E0
2.539632982E2,2.619626453E1,9.169479614E1,5.430968415E1,3.521349430E0,4.603983703E1,4.748651530E0,6.520753616E0
2.549633019E2,2.619628052E1,9.169482532E1,5.410022844E1,3.431108236E0,5.289337609E1,4.748651530E0,7.224400163E0
2.559633017E2,2.619629569E1,9.169485627E1,5.409749452E1,3.512385368E0,5.829007701E1,4.748651530E0,4.871754552E0
2.569633603E2,2.619630930E1,9.169489190E1,5.413663835E1,3.512385368E0,6.364271938E1,4.748651530E0,5.956127391E0
2.578050451E2,2.619644669E1,9.169522928E1,5.690615250E1,NaN,NaN,9.778810185E1,4.203966093E1
2.578075821E2,2.619664032E1,9.169524443E1,5.690937211E1,NaN,NaN,7.932208252E1,5.169994156E1
2.578327911E2,2.619664048E1,9.169524485E1,5.690937211E1,NaN,NaN,7.932197027E1,5.177276231E1
2.592546053E2,2.619270023E1,9.169864610E1,4.787477163E1,NaN,NaN,4.449501400E1,3.005558422E1
2.592555803E2,2.619269997E1,9.169864359E1,5.408072714E1,NaN,NaN,3.548331894E1,3.000000000E1
2.622807452E2,2.619271573E1,9.169866646E1,5.425252271E1,NaN,NaN,3.272564473E1,3.000000000E1
2.623807922E2,2.619271572E1,9.169866646E1,4.804651380E1,NaN,NaN,1.150950140E2,3.091003808E1
2.623812801E2,2.619274774E1,9.169865750E1,5.422865372E1,NaN,NaN,4.057911872E1,3.000000000E1
2.656806000E2,2.619243497E1,9.169869675E1,6.389028166E1,3.641263247E0,2.002833036E2,9.505457455E0,1.517997169E1
2.666806311E2,2.619239180E1,9.169869703E1,5.382751879E1,3.767597914E0,2.011865825E2,7.036518638E0,3.000000000E0
2.676806609E2,2.619237139E1,9.169866924E1,5.315036185E1,3.641263247E0,2.024374223E2,5.680478114E0,3.000000000E0
2.686806894E2,2.619233299E1,9.169865765E1,5.275570746E1,3.651528120E0,1.968288535E2,4.641739199E0,3.000000000E0
2.696327097E2,2.619226087E1,9.169864387E1,5.369717841E1,3.127439499E0,2.087120029E2,4.623630968E0,3.000000000E0
2.706327395E2,2.619222356E1,9.169862580E1,5.356620525E1,3.191518784E0,2.076486108E2,4.509295114E0,3.000000000E0
2.716327694E2,2.619218765E1,9.169860753E1,5.335239960E1,3.288563490E0,2.014442035E2,4.072179615E0,3.000000000E0
2.726327999E2,2.619215797E1,9.169859852E1,5.305390860E1,3.288563490E0,1.933199121E2,3.740642033E0,3.000000000E0
2.736328293E2,2.619212389E1,9.169858786E1,5.302966035E1,3.280594349E0,1.971390124E2,3.454409899E0,3.000000000E0
2.746328593E2,2.619209363E1,9.169857227E1,5.284422615E1,3.215873718E0,2.047043621E2,3.209767550E0,3.000000000E0
2.756285246E2,2.619206738E1,9.169855888E1,5.284422603E1,3.215873718E0,2.047043562E2,4.748651530E0,3.550650927E0
2.768564961E2,2.619203768E1,9.169853568E1,5.289864372E1,3.129238605E0,2.074762168E2,3.059926984E0,3.000000000E0
2.778563651E2,2.619201262E1,9.169852123E1,5.289864355E1,3.129238605E0,2.074762104E2,4.748651530E0,3.724521593E0
2.788562708E2,2.619198400E1,9.169850785E1,5.247802957E1,3.129238605E0,2.067901727E2,4.748651530E0,4.334903610E0
2.798561371E2,2.619195533E1,9.169849355E1,5.242308709E1,3.129238605E0,2.075756443E2,4.748651530E0,5.846895786E0
2.808560018E2,2.619192529E1,9.169847456E1,5.250541906E1,3.272575855E0,2.087014365E2,4.748651530E0,6.661065653E0
2.818559249E2,2.619189814E1,9.169846358E1,5.288994549E1,3.272575855E0,1.995811690E2,4.748651530E0,4.829953750E0
2.828558091E2,2.619187695E1,9.169845419E1,5.290047457E1,2.951189756E0,1.996965723E2,4.748651530E0,4.584283009E0
2.838557386E2,2.619184755E1,9.169844043E1,5.245454099E1,3.199683428E0,1.991776962E2,4.748651530E0,4.525553714E0
2.848556785E2,2.619181662E1,9.169842486E1,5.215188512E1,3.199683428E0,1.997398890E2,4.748651530E0,4.413026903E0
2.858556246E2,2.619178683E1,9.169841071E1,5.197278157E1,3.262333870E0,2.013441224E2,4.748651530E0,4.486746420E0
2.868555755E2,2.619175293E1,9.169839673E1,5.214748425E1,3.355610847E0,2.009748140E2,4.748651530E0,4.540204046E0
2.878555304E2,2.619171833E1,9.169838271E1,5.195198342E1,3.757803440E0,1.992968822E2,4.748651530E0,4.396729419E0
2.888554898E2,2.619168510E1,9.169836836E1,5.168013563E1,3.757803440E0,2.006037976E2,4.748651530E0,4.386250669E0
2.898554529E2,2.619165518E1,9.169835435E1,5.155481768E1,3.697396755E0,1.998663833E2,4.748651530E0,4.422510094E0
2.908554187E2,2.619163765E1,9.169834545E1,5.146696262E1,2.984246731E0,2.012319848E2,4.748651530E0,4.320294585E0
2.918553889E2,2.619161728E1,9.169832990E1,5.149358882E1,2.815291643E0,2.103948596E2,4.748651530E0,4.322777703E0
2.928553629E2,2.619160141E1,9.169830573E1,5.173150107E1,3.014968157E0,2.244452251E2,4.748651530E0,4.356472130E0
2.938553389E2,2.619158003E1,9.169828097E1,5.187071263E1,3.250796556E0,2.220518992E2,4.748651530E0,4.343232674E0
2.948553180E2,2.619155712E1,9.169825726E1,5.183736299E1,3.250796556E0,2.194773828E2,4.748651530E0,4.404773668E0
2.958553003E2,2.619153440E1,9.169824545E1,5.246300469E1,3.166942980E0,2.174761819E2,2.000000006E0,3.000000000E0
2.968552844E2,2.619151867E1,9.169822203E1,5.253768700E1,3.139141172E0,2.235999725E2,2.000000007E0,3.000000000E0
2.978552713E2,2.619150800E1,9.169819555E1,5.230463771E1,3.078511106E0,2.323316202E2,2.000000008E0,3.000000000E0
2.988552601E2,2.619149450E1,9.169815366E1,5.245885301E1,3.417548689E0,2.385890572E2,2.000000028E0,3.000000000E0
2.998552511E2,2.619148327E1,9.169811707E1,5.237775033E1,3.618614618E0,2.454595603E2,2.000000032E0,3.000000000E0
3.008552432E2,2.619147896E1,9.169807968E1,5.203238538E1,3.661770204E0,2.552786635E2,2.000000034E0,3.000000000E0
3.018552393E2,2.619148243E1,9.169804417E1,5.219855718E1,3.569974856E0,2.665709413E2,2.000000028E0,3.000000000E0
3.028552350E2,2.619148455E1,9.169800824E1,5.197087510E1,3.555999727E0,2.701189485E2,2.000000029E0,3.000000000E0
3.038552325E2,2.619148519E1,9.169797318E1,5.203615836E1,3.531643045E0,2.709066576E2,2.000000026E0,3.000000000E0
3.048552324E2,2.619148285E1,9.169793764E1,5.197408749E1,3.546812293E0,2.684568608E2,2.003222227E0,3.000000000E0
3.058552328E2,2.619148380E1,9.169790162E1,5.199672749E1,3.538548464E0,2.697401908E2,2.002929302E0,3.000000000E0
3.068552355E2,2.619148313E1,9.169786694E1,5.198995131E1,3.506212113E0,2.693664859E2,2.002685196E0,3.000000000E0
3.078552382E2,2.619148418E1,9.169783361E1,5.194046154E1,3.373179988E0,2.707153246E2,2.002478639E0,3.000000000E0
3.088552429E2,2.619148347E1,9.169779816E1,5.198046099E1,3.452712452E0,2.703451155E2,2.002301596E0,3.000000000E0
3.098552483E2,2.619148376E1,9.169776334E1,5.238918159E1,3.458096811E0,2.709644682E2,2.004378929E0,3.000000000E0
3.108552555E2,2.619148756E1,9.169772904E1,5.253502390E1,3.513005683E0,2.734642798E2,2.004105246E0,3.000000000E0
3.118552633E2,2.619148838E1,9.169769225E1,5.254757359E1,3.595025921E0,2.719860608E2,2.003863767E0,3.000000000E0
3.128552707E2,2.619148726E1,9.169765667E1,5.249057937E1,3.588534548E0,2.705689849E2,2.003649116E0,3.000000000E0
3.138552801E2,2.619148631E1,9.169762060E1,5.255440859E1,3.556227596E0,2.689334304E2,2.003457058E0,3.000000000E0
3.148552905E2,2.619148484E1,9.169758338E1,5.257784043E1,3.610098829E0,2.683132870E2,2.003284211E0,3.000000000E0
3.158553013E2,2.619148515E1,9.169754865E1,5.290449984E1,3.540954051E0,2.691274868E2,2.003119999E0,3.000000000E0
3.168553123E2,2.619148404E1,9.169751373E1,5.284405871E1,3.441598279E0,2.685114190E2,2.002964001E0,3.000000000E0
3.178553249E2,2.619148387E1,9.169747736E1,5.279681151E1,3.479905198E0,2.691186631E2,2.002815809E0,3.000000000E0
3.188553372E2,2.619148424E1,9.169744284E1,5.285162634E1,3.478392093E0,2.698957210E2,2.011090501E0,3.000000000E0
3.198553501E2,2.619149008E1,9.169740851E1,5.309715188E1,3.459029092E0,2.754804946E2,2.010535970E0,3.000000000E0
3.208553638E2,2.619149140E1,9.169737204E1,5.310117720E1,3.591533822E0,2.733845731E2,2.010009174E0,3.000000000E0
3.218553787E2,2.619149191E1,9.169733560E1,5.330338412E1,3.622841171E0,2.721917863E2,2.009508716E0,3.000000000E0
3.228553931E2,2.619149031E1,9.169729817E1,5.326808092E1,3.643712816E0,2.696079860E2,2.009033283E0,3.000000000E0
3.238554080E2,2.619148996E1,9.169726040E1,5.326007676E1,3.730542713E0,2.679057209E2,2.013241784E0,3.000000000E0
3.248554235E2,2.619149163E1,9.169722464E1,5.327579461E1,3.590305949E0,2.715543534E2,2.012579703E0,3.000000000E0
3.258554399E2,2.619149379E1,9.169718607E1,5.333393469E1,3.682623654E0,2.728834771E2,2.011950724E0,3.000000000E0
3.268554564E2,2.619149179E1,9.169714998E1,5.307033767E1,3.584056192E0,2.690295759E2,2.011353189E0,3.000000000E0
3.278554725E2,2.619149076E1,9.169711385E1,5.312756414E1,3.591783334E0,2.686709363E2,2.010785533E0,3.000000000E0
3.288554900E2,2.619149092E1,9.169707850E1,5.314148372E1,3.494546537E0,2.696101448E2,2.010246257E0,3.000000000E0
3.298555071E2,2.619149230E1,9.169704090E1,5.305180437E1,3.614663441E0,2.717283352E2,2.009733951E0,3.000000000E0
3.308555243E2,2.619149396E1,9.169700422E1,5.309473279E1,3.667128649E0,2.723389343E2,2.009247264E0,3.000000000E0
3.318555422E2,2.619149727E1,9.169696980E1,5.301692438E1,3.543263449E0,2.743234876E2,2.008784893E0,3.000000000E0
3.328555602E2,2.619149509E1,9.169693249E1,5.288832954E1,3.638146693E0,2.692780114E2,2.008345655E0,3.000000000E0
3.338555788E2,2.619149987E1,9.169689512E1,5.307197165E1,3.720538321E0,2.747399840E2,2.007928366E0,3.000000000E0
3.348555973E2,2.619149528E1,9.169685902E1,5.300460394E1,3.625372299E0,2.675273227E2,2.007531959E0,3.000000000E0
3.358556161E2,2.619149571E1,9.169682442E1,5.313199954E1,3.526004388E0,2.686765225E2,2.007155359E0,3.000000000E0
3.368556345E2,2.619149708E1,9.169678573E1,5.332421911E1,3.735440969E0,2.707258098E2,2.006797602E0,3.000000000E0
3.378556540E2,2.619149796E1,9.169675048E1,5.319459799E1,3.624268120E0,2.720884830E2,2.013889065E0,3.000000000E0
3.388556725E2,2.619149683E1,9.169671090E1,5.313609094E1,3.794443370E0,2.699260128E2,2.013194619E0,3.000000000E0
3.398556924E2,2.619149665E1,9.169667529E1,5.327700352E1,3.663406117E0,2.702709632E2,2.012534905E0,3.000000000E0
3.408557116E2,2.619149569E1,9.169663233E1,5.308090409E1,4.008533178E0,2.690361044E2,2.015528209E0,3.000000000E0
3.418557313E2,2.619149621E1,9.169659550E1,5.282121897E1,3.859587280E0,2.698551901E2,2.028365476E0,3.000000000E0
3.428557505E2,2.619149783E1,9.169655336E1,5.289749897E1,4.036826407E0,2.728544233E2,2.026947214E0,3.000000000E0
3.438557711E2,2.619149671E1,9.169651182E1,5.270321219E1,4.091722394E0,2.700728004E2,2.027797649E0,3.000000000E0
3.448557911E2,2.619149717E1,9.169647069E1,5.282159793E1,4.103335976E0,2.691204639E2,2.026407791E0,3.000000000E0
3.458558112E2,2.619149807E1,9.169642865E1,5.283741887E1,4.144027101E0,2.694282908E2,2.025087406E0,3.000000000E0
3.468558314E2,2.619149528E1,9.169638808E1,5.256953372E1,4.052064755E0,2.672268121E2,2.023833034E0,3.000000000E0
3.478558509E2,2.619149988E1,9.169634884E1,5.279595809E1,3.907604268E0,2.726495497E2,2.022641369E0,3.000000000E0
3.488558716E2,2.619150144E1,9.169630862E1,5.307586836E1,3.955553100E0,2.727374019E2,2.033741539E0,3.000000000E0
3.498558923E2,2.619149927E1,9.169627010E1,5.314125501E1,3.943337583E0,2.689229343E2,2.041479562E0,3.000000000E0
3.508559131E2,2.619150196E1,9.169623047E1,5.336072344E1,3.916773814E0,2.707755689E2,2.057725760E0,3.000000000E0
3.518559338E2,2.619150139E1,9.169619443E1,5.326654670E1,3.702013443E0,2.693033459E2,2.074778542E0,3.000000000E0
3.528559542E2,2.619150119E1,9.169615654E1,5.339465937E1,3.745776228E0,2.688474067E2,2.071039613E0,3.000000000E0
3.538559754E2,2.619150125E1,9.169612181E1,5.329577804E1,3.555110936E0,2.690496982E2,2.078010453E0,3.000000000E0
3.548559959E2,2.619150299E1,9.169608688E1,5.365958160E1,3.449464382E0,2.712376918E2,2.074109931E0,3.000000000E0
3.558560169E2,2.619150506E1,9.169605409E1,5.426776100E1,3.427141393E0,2.732580400E2,2.070404446E0,3.000000000E0
3.568560373E2,2.619151154E1,9.169601339E1,5.417271260E1,3.836283624E0,2.777047859E2,2.066884231E0,3.000000000E0
3.578560585E2,2.619150687E1,9.169597918E1,5.447109328E1,3.628831111E0,2.680099858E2,2.094913252E0,3.000000000E0
3.588560791E2,2.619150744E1,9.169594157E1,5.461497996E1,3.671017936E0,2.686414279E2,2.090167601E0,3.000000000E0
3.598561005E2,2.619150585E1,9.169590530E1,5.476432597E1,3.592272157E0,2.681011955E2,2.088966763E0,3.000000000E0
3.608561218E2,2.619150972E1,9.169586586E1,5.481082490E1,3.733339175E0,2.737610754E2,2.099550721E0,3.000000000E0
3.618561422E2,2.619151177E1,9.169582761E1,5.489153539E1,3.795058885E0,2.743143541E2,2.121400272E0,3.000000000E0
3.628561633E2,2.619151308E1,9.169578756E1,5.467008592E1,3.878549397E0,2.729836171E2,2.115330251E0,3.000000000E0
3.638561852E2,2.619151332E1,9.169574867E1,5.458726795E1,3.820503087E0,2.717705941E2,2.109563740E0,3.000000000E0
3.648562066E2,2.619151441E1,9.169570965E1,5.467707848E1,3.816970926E0,2.728211525E2,2.104085569E0,3.000000000E0
3.658562271E2,2.619151461E1,9.169567184E1,5.500628961E1,3.782114674E0,2.707911444E2,2.098881284E0,3.000000000E0
3.668562487E2,2.619151380E1,9.169563172E1,5.483213897E1,3.921468476E0,2.692977967E2,2.093937227E0,3.000000000E0
3.678562704E2,2.619151237E1,9.169559563E1,5.479018424E1,3.724435115E0,2.682560488E2,2.089240369E0,3.000000000E0
3.688562912E2,2.619151226E1,9.169555909E1,5.504451531E1,3.564904907E0,2.697184215E2,2.084778348E0,3.000000000E0
3.698563129E2,2.619151201E1,9.169551841E1,5.454096069E1,3.815538556E0,2.685494090E2,2.080539428E0,3.000000000E0
3.708563343E2,2.619151019E1,9.169548198E1,5.471687201E1,3.733951173E0,2.665801055E2,2.076512459E0,3.000000000E0
3.718563554E2,2.619151140E1,9.169544534E1,5.461587423E1,3.654730070E0,2.687833546E2,2.086726698E0,3.000000000E0
3.728563773E2,2.619150742E1,9.169540524E1,5.436821217E1,3.836366929E0,2.669113303E2,2.082390363E0,3.000000000E0
3.738563983E2,2.619150647E1,9.169536708E1,5.438849353E1,3.814985693E0,2.683199935E2,2.078270858E0,3.000000000E0
3.748564201E2,2.619150704E1,9.169532430E1,5.441738428E1,4.078993277E0,2.694210581E2,2.074357311E0,3.000000000E0
3.758564407E2,2.619150779E1,9.169528616E1,5.419835867E1,3.918026727E0,2.709483632E2,2.070639453E0,3.000000000E0
3.768564620E2,2.619150755E1,9.169524664E1,5.427805294E1,3.893369042E0,2.694558079E2,2.067107480E0,3.000000000E0
3.778564849E2,2.619150608E1,9.169520525E1,5.416370499E1,3.994886233E0,2.664335418E2,2.063752105E0,3.000000000E0
3.788565057E2,2.619150668E1,9.169516518E1,5.402205853E1,3.948544646E0,2.689559817E2,2.060564494E0,3.000000000E0
3.798565270E2,2.619151072E1,9.169512677E1,5.368347866E1,3.874943430E0,2.728036127E2,2.057536273E0,3.000000000E0
3.808565487E2,2.619150897E1,9.169508269E1,5.391506680E1,4.148761408E0,2.697378037E2,2.054659466E0,3.000000000E0
3.818565696E2,2.619151070E1,9.169504539E1,5.389444892E1,3.893341323E0,2.712951199E2,2.051926487E0,3.000000000E0
3.828565916E2,2.619151457E1,9.169500592E1,5.374924419E1,3.928583141E0,2.744440465E2,2.049330170E0,3.000000000E0
3.838566133E2,2.619151416E1,9.169496716E1,5.377048798E1,3.866024996E0,2.707948282E2,2.046863659E0,3.000000000E0
3.848566347E2,2.619151472E1,9.169492893E1,5.361737302E1,3.772146499E0,2.708057238E2,2.044520478E0,3.000000000E0
3.858566562E2,2.619151446E1,9.169489280E1,5.365841007E1,3.637281715E0,2.698173062E2,2.053930514E0,3.000000000E0
3.868566777E2,2.619151640E1,9.169485952E1,5.384609676E1,3.429204776E0,2.713002023E2,2.066881735E0,3.000000000E0
3.878566992E2,2.619151766E1,9.169482059E1,5.369407822E1,3.702656645E0,2.706304773E2,2.074585046E0,3.000000000E0
3.888567210E2,2.619151660E1,9.169478367E1,5.367016902E1,3.704235467E0,2.696313213E2,2.070855800E0,3.000000000E0
3.898567430E2,2.619151503E1,9.169474651E1,5.354024334E1,3.755013579E0,2.673414197E2,2.067313008E0,3.000000000E0
3.908567644E2,2.619151703E1,9.169471055E1,5.353850004E1,3.662788810E0,2.696767372E2,2.063947359E0,3.000000000E0
3.918567858E2,2.619151772E1,9.169467211E1,5.347062245E1,3.688978813E0,2.711339065E2,2.086409074E0,3.000000000E0
3.928568074E2,2.619151999E1,9.169463836E1,5.360250265E1,3.481387910E0,2.725129161E2,2.082088622E0,3.000000000E0
3.938568287E2,2.619151861E1,9.169460278E1,5.361573789E1,3.543481127E0,2.695698416E2,2.077984197E0,3.000000000E0
3.948522251E2,2.619151030E1,9.169456265E1,5.353738747E1,3.870010234E0,2.587523194E2,2.086835541E0,3.000000000E0
3.958521851E2,2.619149318E1,9.169452954E1,5.354860432E1,3.722311284E0,2.473277453E2,2.096323988E0,3.000000000E0
3.968522528E2,2.619148080E1,9.169449788E1,5.367830280E1,3.457488212E0,2.468756089E2,2.098331826E0,3.000000000E0
3.978522804E2,2.619147340E1,9.169446482E1,5.351624162E1,3.376767367E0,2.531847998E2,2.093415236E0,3.000000000E0
3.988523099E2,2.619146377E1,9.169443104E1,5.394770412E1,3.410002778E0,2.541200225E2,2.113083952E0,3.000000000E0
3.998524012E2,2.619145951E1,9.169439626E1,5.422865474E1,3.482457717E0,2.584389127E2,2.107429756E0,3.000000000E0
4.008524455E2,2.619145968E1,9.169436765E1,5.385865676E1,3.067543299E0,2.633059708E2,2.113618964E0,3.000000000E0
4.018524908E2,2.619145121E1,9.169433217E1,5.406132141E1,3.316383723E0,2.580954202E2,2.107938017E0,3.000000000E0
4.028525966E2,2.619143596E1,9.169430867E1,5.381432726E1,3.013638521E0,2.429049077E2,2.105855603E0,3.000000000E0
4.038526407E2,2.619141782E1,9.169428919E1,5.434335028E1,2.823805830E0,2.321647798E2,2.100562822E0,3.000000000E0
4.048526801E2,2.619139384E1,9.169426618E1,5.410321611E1,3.190699650E0,2.258382347E2,2.096201260E0,3.000000000E0
4.058527829E2,2.619137617E1,9.169424613E1,5.421115864E1,2.971251452E0,2.256651413E2,2.091391196E0,3.000000000E0
4.068528220E2,2.619135193E1,9.169422300E1,5.418129340E1,3.256429018E0,2.224693753E2,2.086821635E0,3.000000000E0
4.078528625E2,2.619132716E1,9.169420038E1,5.460174123E1,3.422145088E0,2.212549611E2,2.082480561E0,3.000000000E0
4.088529660E2,2.619130075E1,9.169417554E1,5.437815003E1,3.597508789E0,2.204764429E2,2.078356541E0,3.000000000E0
4.098530612E2,2.619127402E1,9.169415343E1,5.411087887E1,3.571732765E0,2.175296008E2,2.074438717E0,3.000000000E0
4.108531521E2,2.619124524E1,9.169412766E1,5.382845087E1,3.753171594E0,2.181987073E2,2.070716787E0,3.000000000E0
4.118532389E2,2.619122155E1,9.169410072E1,5.364704396E1,3.712174250E0,2.242089011E2,2.067180952E0,3.000000000E0
4.128533224E2,2.619119487E1,9.169407227E1,5.352494341E1,3.909760200E0,2.237248943E2,2.063821917E0,3.000000000E0
4.138534027E2,2.619116945E1,9.169404604E1,5.324784047E1,3.848053559E0,2.230126093E2,2.060630817E0,3.000000000E0
4.148534798E2,2.619114402E1,9.169402086E1,5.323415897E1,3.811452716E0,2.218445895E2,2.057599283E0,3.000000000E0
4.158535538E2,2.619111583E1,9.169399482E1,5.312146734E1,3.948983407E0,2.203298466E2,2.054719321E0,3.000000000E0
4.168536237E2,2.619109066E1,9.169397085E1,5.290408754E1,3.765049227E0,2.195153132E2,2.051983350E0,3.000000000E0
4.178536928E2,2.619106395E1,9.169394707E1,5.280975238E1,3.744399296E0,2.194270579E2,2.049384186E0,3.000000000E0
4.188537574E2,2.619103825E1,9.169392398E1,5.295939604E1,3.610885067E0,2.192999028E2,2.046914980E0,3.000000000E0
4.198538208E2,2.619101693E1,9.169389553E1,5.295007487E1,3.573739426E0,2.264629744E2,2.044569233E0,3.000000000E0
4.208538820E2,2.619099318E1,9.169386941E1,5.289644676E1,3.611307129E0,2.243847677E2,2.042340786E0,3.000000000E0
4.218539417E2,2.619096846E1,9.169384826E1,5.285158844E1,3.487882085E0,2.199882473E2,2.040223750E0,3.000000000E0
4.228539979E2,2.619094538E1,9.169382513E1,5.290048381E1,3.465513004E0,2.212246066E2,2.038212560E0,3.000000000E0
4.238540535E2,2.619092352E1,9.169380297E1,5.262509507E1,3.378949867E0,2.223472062E2,2.036301931E0,3.000000000E0
4.248541066E2,2.619090221E1,9.169378354E1,5.291738315E1,3.173408395E0,2.222359007E2,2.034486841E0,3.000000000E0
4.258541580E2,2.619088734E1,9.169376088E1,5.261181020E1,2.816557608E0,2.292756494E2,2.032762490E0,3.000000000E0
4.268542090E2,2.619086569E1,9.169372968E1,5.233064492E1,3.383469555E0,2.324343416E2,2.031124381E0,3.000000000E0
4.278542576E2,2.619084594E1,9.169370864E1,5.272585866E1,3.180932129E0,2.293701012E2,2.029568161E0,3.000000000E0
4.288543054E2,2.619082852E1,9.169368660E1,5.297045878E1,2.977253187E0,2.288936662E2,2.028089741E0,3.000000000E0
4.298543516E2,2.619081004E1,9.169367091E1,5.279576175E1,2.651338471E0,2.235641604E2,2.026685243E0,3.000000000E0
4.308543966E2,2.619078254E1,9.169365251E1,5.277194397E1,3.245119191E0,2.176966094E2,2.025350976E0,3.000000000E0
4.318544416E2,2.619076407E1,9.169363970E1,5.318023614E1,2.860892380E0,2.157973467E2,2.024083426E0,3.000000000E0
4.328544839E2,2.619074413E1,9.169362364E1,5.322312588E1,2.754533228E0,2.161073448E2,2.022879253E0,3.000000000E0
4.338545268E2,2.619072213E1,9.169360365E1,5.338758129E1,2.905620137E0,2.178602308E2,2.021735291E0,3.000000000E0
4.348545674E2,2.619070689E1,9.169358457E1,5.353446327E1,2.663031604E0,2.227481251E2,2.020648525E0,3.000000000E0
4.358546077E2,2.619068703E1,9.169356273E1,5.330555095E1,2.891858769E0,2.239906362E2,2.019616100E0,3.000000000E0
4.368546470E2,2.619066616E1,9.169354299E1,5.346164763E1,2.964204169E0,2.233060379E2,2.018635298E0,3.000000000E0
4.378546856E2,2.619064909E1,9.169352339E1,5.348286445E1,2.744544590E0,2.253071457E2,2.017703529E0,3.000000000E0
4.388547246E2,2.619063341E1,9.169349854E1,5.339032419E1,2.826138962E0,2.295726917E2,2.016818354E0,3.000000000E0
4.398547616E2,2.619061891E1,9.169347716E1,5.312754502E1,2.761478642E0,2.308336787E2,2.015977432E0,3.000000000E0
4.408547986E2,2.619060174E1,9.169345506E1,5.307861772E1,2.781055695E0,2.300520087E2,2.015178558E0,3.000000000E0
4.418548347E2,2.619058445E1,9.169343187E1,5.285173425E1,2.983317967E0,2.300171051E2,2.015178551E0,3.000000000E0
4.428548707E2,2.619056515E1,9.169341018E1,5.270775658E1,3.019426174E0,2.275234013E2,2.014419625E0,3.000000000E0
4.438549058E2,2.619054180E1,9.169339276E1,5.324264016E1,2.975685421E0,2.209889224E2,2.030689458E0,3.000000000E0
4.448549413E2,2.619051700E1,9.169338206E1,5.350049027E1,2.876671177E0,2.102078836E2,2.029154983E0,3.000000000E0
4.458549760E2,2.619048878E1,9.169338185E1,5.369565868E1,2.912449946E0,1.962351652E2,2.043992138E0,3.000000000E0
4.468550098E2,2.619045700E1,9.169338241E1,5.372170447E1,3.263360585E0,1.870467040E2,2.041792528E0,3.000000000E0
4.478550431E2,2.619042645E1,9.169338239E1,5.367363854E1,3.430602080E0,1.828926180E2,2.039702903E0,3.000000000E0
4.488550760E2,2.619039713E1,9.169338251E1,5.378375227E1,3.340534899E0,1.806625749E2,2.048162676E0,3.000000000E0
4.498551088E2,2.619036777E1,9.169338251E1,5.401394081E1,3.308353445E0,1.792747763E2,2.047955743E0,3.000000000E0
4.508551417E2,2.619033926E1,9.169338473E1,5.415183769E1,3.237836052E0,1.771315163E2,2.059991004E0,3.000000000E0
4.518551734E2,2.619031037E1,9.169338915E1,5.423832726E1,3.202865444E0,1.747508826E2,2.056991452E0,3.000000000E0
4.528552058E2,2.619028250E1,9.169339220E1,5.434505061E1,3.125784997E0,1.743721075E2,2.067654234E0,3.000000000E0
4.538552378E2,2.619025302E1,9.169339288E1,5.434958183E1,3.156394070E0,1.758066350E2,2.064271523E0,3.000000000E0
4.548552686E2,2.619022440E1,9.169339398E1,5.439521337E1,3.125783308E0,1.766888301E2,2.061057946E0,3.000000000E0
4.558553005E2,2.619019557E1,9.169339542E1,5.439454766E1,3.184594189E0,1.767430029E2,2.058005049E0,3.000000000E0
4.568553310E2,2.619016540E1,9.169339807E1,5.434788759E1,3.303560185E0,1.757144388E2,2.055104796E0,3.000000000E0
4.578553622E2,2.619013363E1,9.169340123E1,5.432635511E1,3.398931969E0,1.753563167E2,2.052349557E0,3.000000000E0
4.588553927E2,2.619010063E1,9.169340124E1,5.442733650E1,3.469350040E0,1.776269676E2,2.059067900E0,3.000000000E0
4.598554230E2,2.619007059E1,9.169340006E1,5.461236757E1,3.430922727E0,1.793200711E2,2.082030237E0,3.000000000E0
4.608554535E2,2.619003909E1,9.169339704E1,5.454277010E1,3.501617175E0,1.812568371E2,2.081619764E0,3.000000000E0
4.618554833E2,2.619000906E1,9.169339539E1,5.458071456E1,3.357402893E0,1.818816251E2,2.077538777E0,3.000000000E0
4.628555136E2,2.618998001E1,9.169339560E1,5.453567026E1,3.257271697E0,1.803641590E2,2.073661838E0,3.000000000E0
4.632075353E2,2.619038650E1,9.169358465E1,5.591062736E1,NaN,NaN,9.501613796E1,3.000000000E1
4.632090313E2,2.619043272E1,9.169393749E1,5.591101646E1,NaN,NaN,1.138724000E2,3.000000000E1
4.639186572E2,2.619011781E1,9.169343716E1,5.582500149E1,NaN,NaN,7.878398739E1,3.000000000E1
4.655050499E2,2.618958847E1,9.169364172E1,4.125510987E1,1.900006294E0,1.222475317E2,1.253919915E1,2.289566422E1
4.665050774E2,2.618956270E1,9.169367641E1,5.393688776E1,2.005198479E0,1.409538079E2,6.538540285E0,3.000000000E0
4.675051057E2,2.618956483E1,9.169369074E1,5.421446415E1,1.972281218E0,1.379621578E2,5.508060122E0,3.000000000E0
4.685048214E2,2.618954605E1,9.169371421E1,5.433453893E1,2.005198479E0,1.262147378E2,5.279095482E0,3.000000000E0
4.695048489E2,2.618952587E1,9.169374270E1,5.392455566E1,2.352479219E0,1.285395566E2,4.883632646E0,3.000000000E0
4.705048767E2,2.618950413E1,9.169376540E1,5.382296182E1,2.829617977E0,1.323854859E2,4.608822996E0,3.000000000E0
4.715004193E2,2.618947444E1,9.169379762E1,5.309626452E1,3.046653986E0,1.328773688E2,4.198509477E0,3.000000000E0
4.726693951E2,2.618944226E1,9.169383555E1,5.301709774E1,3.046653986E0,1.364769604E2,3.830487310E0,3.000000000E0
4.736693823E2,2.618941910E1,9.169386645E1,5.276443112E1,3.408935070E0,1.405529441E2,3.468608882E0,3.000000000E0
4.746694474E2,2.618939701E1,9.169389045E1,5.230361385E1,3.482454062E0,1.423693783E2,3.133381267E0,3.000000000E0
4.756694601E2,2.618937172E1,9.169391335E1,5.229248640E1,3.482454062E0,1.441778485E2,2.824375206E0,3.000000000E0
4.766694697E2,2.618934374E1,9.169393416E1,5.258447796E1,3.482454062E0,1.429733446E2,2.690519129E0,3.000000000E0
4.776695388E2,2.618931865E1,9.169395514E1,5.258447797E1,3.482454062E0,1.429733539E2,4.748651530E0,4.235897825E0
4.786695555E2,2.618928971E1,9.169397709E1,5.276737524E1,3.476185083E0,1.449957178E2,4.748651530E0,4.693129761E0
4.796695688E2,2.618926126E1,9.169399313E1,5.311264724E1,3.495503426E0,1.506460862E2,4.748651530E0,4.545233689E0
4.806696461E2,2.618922910E1,9.169400238E1,5.294050302E1,3.506350517E0,1.585251992E2,4.748651530E0,5.430727806E0
4.816696613E2,2.618919631E1,9.169400591E1,5.310117262E1,3.495503426E0,1.667633615E2,4.748651530E0,4.796702408E0
4.826696755E2,2.618916384E1,9.169399796E1,5.321635073E1,3.489400148E0,1.817145596E2,4.748651530E0,7.112044979E0
4.836697542E2,2.618914129E1,9.169397709E1,5.329133093E1,3.067288160E0,2.032251837E2,4.748651530E0,7.845111515E0
4.846697629E2,2.618912913E1,9.169395000E1,5.354684470E1,3.067288160E0,2.356097958E2,4.748651530E0,4.918917615E0
4.856698334E2,2.618912938E1,9.169392556E1,5.346335631E1,2.652040243E0,2.489969668E2,4.748651530E0,4.505017199E0
4.866699054E2,2.618911903E1,9.169390022E1,5.318717460E1,2.652040243E0,2.475349786E2,4.748651530E0,5.504724198E0
4.876699750E2,2.618910929E1,9.169387586E1,5.329586062E1,2.629015684E0,2.481982720E2,4.748651530E0,4.624009390E0
4.886700423E2,2.618909782E1,9.169385095E1,5.338531044E1,2.629015684E0,2.475024397E2,4.748651530E0,4.566221812E0
4.896701063E2,2.618908454E1,9.169382279E1,5.354091520E1,2.629015684E0,2.401689482E2,4.748651530E0,4.461447023E0
4.906701696E2,2.618907253E1,9.169379059E1,5.365369857E1,2.637065887E0,2.449578392E2,4.748651530E0,5.605128930E0
4.916702302E2,2.618905708E1,9.169375812E1,5.380461855E1,2.931224108E0,2.428817886E2,4.748651530E0,6.486961861E0
4.926702889E2,2.618904314E1,9.169373141E1,5.389837996E1,2.931224108E0,2.393117037E2,4.748651530E0,7.245731518E0
4.936703455E2,2.618902977E1,9.169370614E1,5.400121044E1,2.840273619E0,2.372666364E2,4.748651530E0,7.908099911E0
4.946704009E2,2.618900959E1,9.169368846E1,5.407620777E1,2.840273619E0,2.266297657E2,4.748651530E0,8.491864323E0
4.956704538E2,2.618899533E1,9.169366901E1,5.443000474E1,2.820173264E0,2.294909042E2,4.748651530E0,4.971737288E0
4.966705058E2,2.618897972E1,9.169364268E1,5.456615194E1,2.820173264E0,2.340752446E2,4.748651530E0,5.931037044E0
4.976705570E2,2.618896845E1,9.169362176E1,5.407001386E1,2.902559629E0,2.444540503E2,4.001563451E0,3.000000000E0
4.986706070E2,2.618895631E1,9.169359619E1,5.419496657E1,2.944946582E0,2.421139514E2,4.550811487E0,3.000000000E0
4.996706546E2,2.618894316E1,9.169357358E1,5.451075231E1,2.859445979E0,2.422937839E2,4.439508907E0,3.000000000E0
5.006707020E2,2.618892965E1,9.169354616E1,5.532666028E1,2.915132600E0,2.381950544E2,4.480993980E0,4.022232869E0
5.016707479E2,2.618891856E1,9.169351056E1,5.575364120E1,3.249102620E0,2.469582345E2,4.553727780E0,4.207650430E0
5.026707936E2,2.618890504E1,9.169347727E1,5.533627844E1,3.403357977E0,2.466844949E2,4.937428242E0,4.515039939E0
5.036708377E2,2.618889275E1,9.169344669E1,5.570429272E1,3.299542572E0,2.464072360E2,4.839734248E0,4.406163168E0
5.046708804E2,2.618887690E1,9.169341498E1,5.553436530E1,3.356064101E0,2.444765148E2,4.971879490E0,4.497675634E0
5.056709233E2,2.618887269E1,9.169338025E1,5.519050689E1,3.298964982E0,2.555186204E2,4.976756207E0,4.489595153E0
5.066709649E2,2.618887144E1,9.169334829E1,5.579267967E1,3.122053074E0,2.630523844E2,5.187933601E0,4.646993717E0
5.076710063E2,2.618886903E1,9.169330745E1,5.578522448E1,3.578546841E0,2.665967227E2,5.142328683E0,4.620435292E0
5.086710464E2,2.618886156E1,9.169327122E1,5.585242457E1,3.569443563E0,2.615558723E2,5.166898449E0,4.615801664E0
5.096710859E2,2.618885682E1,9.169322928E1,5.568175955E1,3.816301187E0,2.626336039E2,5.185786321E0,4.595143325E0
5.106711251E2,2.618885367E1,9.169319048E1,5.580307235E1,3.786268795E0,2.642850298E2,5.134150976E0,4.536347030E0
5.116711630E2,2.618885260E1,9.169315358E1,5.566554748E1,3.649170909E0,2.659278303E2,5.175250477E0,4.590517267E0
5.126712010E2,2.618884726E1,9.169311825E1,5.553155185E1,3.508105681E0,2.618662932E2,5.141985332E0,4.546811755E0
5.136712384E2,2.618883481E1,9.169308799E1,5.555378400E1,3.349731611E0,2.510696695E2,5.116807042E0,4.498074678E0
5.146712748E2,2.618881735E1,9.169306287E1,5.547810519E1,3.171199650E0,2.373169839E2,5.103525752E0,4.914037563E0
5.156713118E2,2.618880240E1,9.169303808E1,5.530749993E1,3.045164830E0,2.331756979E2,5.085576927E0,5.117597963E0
5.166713485E2,2.618878157E1,9.169301733E1,5.529034034E1,3.073174114E0,2.246069019E2,5.092659081E0,5.146777507E0
5.176713843E2,2.618876183E1,9.169299742E1,5.537621467E1,3.038192092E0,2.228719420E2,5.096757435E0,5.200458652E0
5.186714179E2,2.618874220E1,9.169298032E1,5.551286266E1,2.945495914E0,2.193103718E2,5.128559185E0,5.264450134E0
5.196714514E2,2.618872299E1,9.169295904E1,5.569926542E1,3.048396509E0,2.219645483E2,5.164399398E0,5.267909336E0
5.206714845E2,2.618870189E1,9.169294091E1,5.546103481E1,3.053881688E0,2.192408106E2,5.211375631E0,5.357865710E0
5.216715192E2,2.618867871E1,9.169292292E1,5.569710557E1,3.148776933E0,2.156299315E2,5.168669967E0,5.267484405E0
5.226715518E2,2.618865834E1,9.169290641E1,5.561642132E1,2.915312813E0,2.143807315E2,5.135801312E0,5.199454109E0
5.236715843E2,2.618863917E1,9.169289111E1,5.550380357E1,2.697928526E0,2.140184490E2,5.088289591E0,5.164449172E0
5.246716172E2,2.618862079E1,9.169287567E1,5.597814401E1,2.529127085E0,2.154265992E2,5.137472834E0,5.096344409E0
5.256716500E2,2.618859846E1,9.169286242E1,5.568861926E1,2.687051035E0,2.083114257E2,5.173864293E0,5.112607439E0
5.266716828E2,2.618857566E1,9.169285116E1,5.566183661E1,2.778130333E0,2.048118506E2,5.185213266E0,5.086638964E0
5.276717144E2,2.618855266E1,9.169283928E1,5.576102076E1,2.781767653E0,2.028490432E2,5.194808338E0,5.107457114E0
5.286717471E2,2.618853000E1,9.169283211E1,5.624177399E1,2.691503630E0,1.953205561E2,5.249117399E0,5.092085763E0
5.296717786E2,2.618850701E1,9.169282715E1,5.606382994E1,2.586813867E0,1.887307132E2,5.300090397E0,5.123861088E0
5.306718107E2,2.618848265E1,9.169282129E1,5.611396938E1,2.584272240E0,1.893243648E2,5.277003953E0,5.061990969E0
5.316718423E2,2.618847307E1,9.169282016E1,5.609307404E1,1.354208265E0,1.848775420E2,5.388580670E0,5.179475321E0
5.326718737E2,2.618847425E1,9.169281795E1,5.619918465E1,2.809372167E-1,2.033901427E2,5.444140644E0,5.231138114E0
5.336719061E2,2.618847442E1,9.169281733E1,5.650690961E1,1.533358476E-1,2.033901425E2,5.505414622E0,5.244830967E0
5.337642339E2,2.618858516E1,9.169276866E1,5.063776592E1,NaN,NaN,2.649501400E1,3.000000000E1
5.337674780E2,2.618917589E1,9.169277754E1,5.070489706E1,NaN,NaN,3.539501400E1,3.036019106E1
5.338156290E2,2.618917590E1,9.169277755E1,5.690851797E1,NaN,NaN,5.029053032E1,3.197084555E1
5.367184330E2,2.618884771E1,9.169260682E1,5.681357172E1,NaN,NaN,4.066419066E1,3.000000000E1
5.370834194E2,2.618831976E1,9.169271437E1,6.392086822E1,2.900435209E0,1.926690360E2,1.084007464E1,1.494780827E1
5.380834508E2,2.618832071E1,9.169271652E1,5.713681854E1,2.900435209E0,1.888639923E2,8.446030584E0,3.000000000E0
5.390835004E2,2.618829898E1,9.169271827E1,5.687547770E1,2.693691730E0,1.963172586E2,6.935623713E0,3.000000000E0
5.400835308E2,2.618827302E1,9.169272249E1,5.657680841E1,2.446763515E0,1.767723308E2,6.076671963E0,3.000000000E0
5.410835613E2,2.618824171E1,9.169274016E1,5.641589528E1,3.189730883E0,1.674022538E2,5.141681973E0,3.000000000E0
5.420835913E2,2.618819672E1,9.169275857E1,5.637380277E1,3.321731329E0,1.595463205E2,4.702796489E0,3.000000000E0
5.430836221E2,2.618816554E1,9.169279202E1,5.615995474E1,3.321731329E0,1.603262598E2,4.230570713E0,3.000000000E0
5.440836519E2,2.618813501E1,9.169280977E1,5.577388485E1,3.321731329E0,1.703557779E2,3.811762205E0,3.000000000E0
5.450836830E2,2.618810567E1,9.169282093E1,5.561353224E1,3.440310478E0,1.791405077E2,3.424386465E0,3.000000000E0
5.460837129E2,2.618807642E1,9.169282142E1,5.566819763E1,3.440310478E0,1.833644606E2,3.011027315E0,3.000000000E0
5.470837431E2,2.618804857E1,9.169281752E1,5.538199134E1,3.379915476E0,1.842415525E2,2.681985690E0,3.000000000E0
5.480837743E2,2.618802090E1,9.169281663E1,5.550192057E1,3.112932682E0,1.812876596E2,2.378450175E0,3.000000000E0
5.490802644E2,2.618799291E1,9.169281593E1,5.550192039E1,3.112932682E0,1.812876593E2,4.748651530E0,4.791676632E0
5.505502692E2,2.618797302E1,9.169282059E1,5.565237705E1,2.801801264E-1,1.775625974E2,2.626906005E0,3.000000000E0
5.515502923E2,2.618797049E1,9.169282070E1,5.565237612E1,2.801801264E-1,1.775625974E2,4.748651530E0,5.423092627E0
5.557191090E2,2.618794730E1,9.169283963E1,5.625688442E1,1.751833916E0,1.687900527E2,9.031318420E0,1.182012081E1
5.567191811E2,2.618793588E1,9.169285014E1,5.721155545E1,1.866332650E0,1.701281004E2,1.400000000E1,3.000000000E0
5.577192501E2,2.618792135E1,9.169285267E1,5.728549685E1,1.866332650E0,1.670638453E2,6.206445925E0,3.000000000E0
5.587193386E2,2.618789278E1,9.169284741E1,5.779531802E1,2.026037931E0,1.745848808E2,5.161189809E0,3.000000000E0
5.597194012E2,2.618786789E1,9.169285232E1,5.775670555E1,3.023457289E0,1.716709991E2,4.941772745E0,3.000000000E0
5.607194634E2,2.618784175E1,9.169285570E1,5.753845747E1,3.151703119E0,1.678257392E2,4.121106630E0,3.000000000E0
5.617195226E2,2.618781989E1,9.169286913E1,5.763562755E1,3.032963037E0,1.650268370E2,3.612171470E0,3.000000000E0
5.627195798E2,2.618778471E1,9.169287596E1,5.737770251E1,3.093718529E0,1.701351901E2,3.297882944E0,3.000000000E0
5.637196360E2,2.618774991E1,9.169288200E1,5.717406673E1,3.256764412E0,1.726373753E2,2.963706222E0,3.000000000E0
5.647338794E2,2.618771815E1,9.169288372E1,5.695983157E1,3.256764412E0,1.725201282E2,2.737306636E0,3.000000000E0
5.657338693E2,2.618768389E1,9.169288834E1,5.686073879E1,3.256764412E0,1.720569458E2,2.904454785E0,3.000000000E0
5.667339239E2,2.618764820E1,9.169289489E1,5.680899926E1,3.479900360E0,1.714022175E2,2.908867425E0,3.000000000E0
5.677339160E2,2.618761715E1,9.169290010E1,5.680899927E1,3.479900360E0,1.714022198E2,4.748651530E0,3.917938655E0
5.687339081E2,2.618757841E1,9.169290626E1,5.683506268E1,3.769082308E0,1.736448573E2,4.748651530E0,3.923324313E0
5.697339646E2,2.618754199E1,9.169291404E1,5.690454668E1,3.777697086E0,1.718761530E2,4.748651530E0,3.908318296E0
5.707339584E2,2.618751024E1,9.169292347E1,5.708205910E1,3.777697086E0,1.689855632E2,4.748651530E0,4.724137762E0
5.717339503E2,2.618747609E1,9.169293424E1,5.733108075E1,3.777697086E0,1.691869444E2,4.748651530E0,5.072137145E0
5.727340106E2,2.618744222E1,9.169293493E1,5.722924444E1,3.824431181E0,1.745275498E2,4.748651530E0,4.932258766E0
5.737340072E2,2.618740995E1,9.169294063E1,5.720197054E1,3.824431181E0,1.748120134E2,4.748651530E0,4.415100274E0
5.747340012E2,2.618738380E1,9.169294451E1,5.733281535E1,3.824431181E0,1.751821686E2,4.748651530E0,4.612989842E0
5.757340597E2,2.618735336E1,9.169295120E1,5.748667266E1,3.797853708E0,1.727483953E2,4.748651530E0,4.532122066E0
5.767341178E2,2.618732895E1,9.169295607E1,5.767433081E1,3.801081657E0,1.712757250E2,4.748651530E0,4.675678810E0
5.777341735E2,2.618729540E1,9.169296376E1,5.784761646E1,3.801081657E0,1.720144370E2,4.748651530E0,5.464528852E0
5.787342271E2,2.618726218E1,9.169296564E1,5.802146547E1,3.761488914E0,1.758037566E2,4.748651530E0,5.928386816E0
5.797342797E2,2.618722649E1,9.169296596E1,5.806434531E1,3.758743286E0,1.772534911E2,4.748651530E0,6.355954746E0
5.807343313E2,2.618718797E1,9.169297281E1,5.826593841E1,3.923893213E0,1.749293151E2,4.748651530E0,6.723300013E0
5.817343815E2,2.618715212E1,9.169298094E1,5.844162377E1,3.992045403E0,1.730960792E2,4.748651530E0,4.389508446E0
5.827344302E2,2.618711566E1,9.169298868E1,5.840062928E1,3.923893213E0,1.721345528E2,4.748651530E0,5.087711860E0
5.837344779E2,2.618707980E1,9.169299643E1,5.871602099E1,3.894975424E0,1.718876825E2,4.748651530E0,5.708845011E0
5.847345244E2,2.618704358E1,9.169300529E1,5.880700220E1,3.821202755E0,1.714163176E2,4.748651530E0,6.206015098E0
5.857345702E2,2.618700779E1,9.169301065E1,5.891296736E1,3.884349823E0,1.720927657E2,4.748651530E0,6.624961076E0
5.867346144E2,2.618697199E1,9.169301130E1,5.906021641E1,3.821202755E0,1.730330365E2,4.748651530E0,7.025351813E0
5.877346567E2,2.618692381E1,9.169300040E1,5.896838954E1,3.757084584E0,1.725141632E2,6.539738920E0,3.419646762E0
5.887347006E2,2.618689298E1,9.169300066E1,5.882518000E1,3.647514990E0,1.734922316E2,6.465964302E0,3.510701932E0
5.897347416E2,2.618685637E1,9.169300367E1,5.881329611E1,3.758757568E0,1.722481705E2,6.495360562E0,3.299948079E0
5.907347830E2,2.618682594E1,9.169300329E1,5.866739793E1,3.762780943E0,1.733592075E2,6.548005364E0,3.302505559E0
5.917348235E2,2.618679483E1,9.169301487E1,5.819945595E1,3.859084477E0,1.736630932E2,6.434464135E0,6.540343414E0
5.927348638E2,2.618676022E1,9.169302148E1,5.820888080E1,3.828858055E0,1.708197502E2,6.278897510E0,6.466899987E0
5.937349028E2,2.618672251E1,9.169303430E1,5.843296416E1,3.983823060E0,1.662498198E2,6.239479471E0,6.428732668E0
5.947349413E2,2.618668695E1,9.169303873E1,5.837641164E1,3.936018373E0,1.715088253E2,6.360647624E0,6.540867225E0
5.957349799E2,2.618664734E1,9.169303883E1,5.858893526E1,4.168725055E0,1.784500444E2,6.230584291E0,6.367045120E0
5.967350169E2,2.618661529E1,9.169302802E1,5.857790870E1,3.863994390E0,1.891606912E2,6.044909834E0,6.137221802E0
5.977350539E2,2.618657953E1,9.169302307E1,5.876461745E1,3.849039335E0,1.887669065E2,6.063196110E0,6.220910323E0
5.987350906E2,2.618654883E1,9.169300536E1,5.957479053E1,3.808274374E0,2.009328701E2,6.234001997E0,6.328953256E0
5.997351270E2,2.618651747E1,9.169299643E1,5.986841641E1,3.749604940E0,2.006279587E2,6.255153602E0,6.270795082E0
6.007351637E2,2.618647862E1,9.169297934E1,6.032485432E1,4.317564666E0,2.011487934E2,6.268554014E0,6.328738965E0
6.017351985E2,2.618644689E1,9.169297256E1,5.986624484E1,3.828669961E0,1.952652586E2,6.161383348E0,6.189132397E0
6.027352337E2,2.618641168E1,9.169296043E1,5.938935510E1,3.905231407E0,1.946468038E2,6.096903166E0,6.051832096E0
6.037352689E2,2.618637666E1,9.169294571E1,5.918770953E1,4.006989614E0,1.978843868E2,6.163954122E0,6.038386455E0
6.047353031E2,2.618634214E1,9.169293423E1,5.887429142E1,3.936324400E0,1.983190907E2,6.277518328E0,5.699205635E0
6.057353382E2,2.618630609E1,9.169292427E1,5.870816847E1,3.962777999E0,1.977198647E2,6.249374086E0,5.689363012E0
6.067353716E2,2.618626914E1,9.169291152E1,5.846045427E1,4.129676522E0,1.986095127E2,6.169202701E0,5.880304292E0
6.077354055E2,2.618623891E1,9.169289248E1,5.880461604E1,3.896429104E0,2.107032819E2,5.963928858E0,5.828293133E0
6.087354395E2,2.618620868E1,9.169287179E1,5.846967607E1,3.863546342E0,2.192343993E2,5.790216631E0,5.840051160E0
6.097354727E2,2.618618837E1,9.169283528E1,5.847695226E1,4.078430026E0,2.341875720E2,5.634244795E0,5.744708307E0
6.107355057E2,2.618616926E1,9.169280111E1,5.837083687E1,4.049522249E0,2.399658055E2,5.474306268E0,5.573533264E0
6.117355386E2,2.618615818E1,9.169277540E1,5.812835691E1,3.325508529E0,2.457523441E2,5.300590998E0,5.503241091E0
6.127355719E2,2.618614874E1,9.169274413E1,5.785596330E1,3.189141224E0,2.529227587E2,5.148748831E0,5.293413832E0
6.137356042E2,2.618614166E1,9.169271969E1,5.783030310E1,2.883957463E0,2.558864001E2,5.004019423E0,5.151780640E0
6.147356361E2,2.618614049E1,9.169269910E1,5.749456202E1,2.447004787E0,2.624009871E2,4.853818459E0,4.870040663E0
6.157356688E2,2.618614147E1,9.169267702E1,5.751007056E1,2.364428812E0,2.684712864E2,4.714040464E0,3.694506299E0
6.166710559E2,2.618624030E1,9.169236278E1,5.842813970E1,NaN,NaN,3.599987336E1,3.000000000E1
6.166715809E2,2.618624714E1,9.169230193E1,5.836618777E1,NaN,NaN,3.598527311E1,3.000000000E1
6.200334688E2,2.618619477E1,9.169246412E1,6.375741566E1,1.516152143E0,2.758359875E2,2.518425803E1,5.628717804E1
6.210335002E2,2.618613292E1,9.169253701E1,5.672499921E1,2.558583021E0,2.765243613E2,1.400000000E1,3.000000000E0
6.220335311E2,2.618613021E1,9.169251308E1,5.667602640E1,2.558583021E0,2.664492859E2,7.830324785E0,3.000000000E0
6.230335753E2,2.618612351E1,9.169250925E1,5.655292600E1,3.314570665E0,2.696468253E2,1.400000000E1,3.000000000E0
6.240336056E2,2.618611931E1,9.169247078E1,5.662635017E1,3.490959644E0,2.759103819E2,1.400000000E1,3.000000000E0
6.250336358E2,2.618612452E1,9.169244390E1,5.634258834E1,3.538206100E0,2.798577122E2,1.400000000E1,3.000000000E0
6.260305263E2,2.618613716E1,9.169241203E1,5.620135446E1,3.538206100E0,2.870128818E2,3.962327544E0,3.000000000E0
6.269344808E2,2.618614374E1,9.169237838E1,5.577834291E1,3.702914238E0,2.849482249E2,3.799458938E0,3.000000000E0
6.279345112E2,2.618615381E1,9.169234463E1,5.588242523E1,3.702914238E0,2.867838245E2,3.654421750E0,3.000000000E0
6.289345205E2,2.618616261E1,9.169230840E1,5.568668614E1,3.595882416E0,2.843744616E2,3.541799438E0,3.000000000E0
6.299345268E2,2.618617236E1,9.169227593E1,5.576000561E1,3.595882416E0,2.790562851E2,3.249983066E0,3.000000000E0
6.309346041E2,2.618617576E1,9.169225523E1,5.582744028E1,2.662533760E0,2.745046197E2,2.963449936E0,3.000000000E0
6.319346204E2,2.618617507E1,9.169224883E1,5.560307252E1,1.933087707E0,2.745046197E2,2.677484589E0,3.000000000E0
6.329346323E2,2.618617644E1,9.169222955E1,5.560307187E1,1.933087707E0,2.745046112E2,4.748651530E0,4.256519037E0
6.339347153E2,2.618617443E1,9.169225246E1,5.581540513E1,1.543315053E-1,2.745046190E2,4.748651530E0,4.368612365E0
6.349347275E2,2.618617401E1,9.169225166E1,5.583445814E1,2.091227472E-1,2.745046188E2,4.748651530E0,4.471979561E0
6.359347358E2,2.618617303E1,9.169225364E1,5.628752587E1,6.935529411E-2,2.745046194E2,4.748651530E0,4.718632614E0
6.366105665E2,2.618626443E1,9.169214843E1,5.811199999E1,NaN,NaN,2.420495848E1,3.000000000E1
6.393033174E2,2.618626400E1,9.169188564E1,5.811456795E1,NaN,NaN,2.427099190E1,3.000000000E1
6.399036817E2,2.618615916E1,9.169221098E1,6.758382993E1,5.200446844E-1,NaN,1.110275883E1,2.295689964E1
6.409037308E2,2.618616678E1,9.169218895E1,5.725437958E1,8.524038792E-1,2.948031223E2,7.649097289E0,3.000000000E0
6.419037787E2,2.618617578E1,9.169218914E1,5.698655739E1,8.524038792E-1,2.888246577E2,6.297372947E0,3.000000000E0
6.429038414E2,2.618617599E1,9.169218973E1,5.672260275E1,1.051627517E0,2.785413981E2,5.292336551E0,3.000000000E0
6.439038868E2,2.618618164E1,9.169218211E1,5.668881089E1,1.761068344E0,2.803708233E2,5.345837121E0,3.000000000E0
6.449039301E2,2.618618288E1,9.169216200E1,5.680236803E1,2.181492805E0,2.775068704E2,5.028823408E0,3.000000000E0
6.456020364E2,2.618619157E1,9.169214804E1,5.680555757E1,2.181492805E0,2.754652995E2,4.667724618E0,3.000000000E0
6.466020159E2,2.618619469E1,9.169212283E1,5.679069432E1,2.254761219E0,2.702668152E2,4.429310836E0,3.000000000E0
6.476020657E2,2.618618936E1,9.169209538E1,5.685801255E1,2.475541353E0,2.709148089E2,4.060081854E0,3.000000000E0
6.486020534E2,2.618618692E1,9.169206639E1,5.655662038E1,2.845880270E0,2.674883489E2,3.766574640E0,3.000000000E0
6.496020398E2,2.618618132E1,9.169203518E1,5.629218837E1,2.897370577E0,2.692179713E2,3.523060558E0,3.000000000E0
6.506020943E2,2.618617716E1,9.169200553E1,5.624556389E1,2.897370577E0,2.668571848E2,3.309911657E0,3.000000000E0
6.516020845E2,2.618617270E1,9.169197400E1,5.620562996E1,3.103756428E0,2.658624907E2,3.151106361E0,3.000000000E0
6.526020774E2,2.618617068E1,9.169194304E1,5.620562978E1,3.103756428E0,2.658624770E2,4.748651530E0,3.616750061E0
6.536021320E2,2.618616797E1,9.169191266E1,5.610494429E1,3.099696398E0,2.616481411E2,4.748651530E0,3.825463978E0
6.546021222E2,2.618616734E1,9.169188467E1,5.607892196E1,3.099696398E0,2.613031346E2,4.748651530E0,3.930233181E0
6.556021139E2,2.618616021E1,9.169185989E1,5.588077046E1,3.076439619E0,2.584205491E2,4.748651530E0,3.978345012E0
6.566021694E2,2.618614493E1,9.169185331E1,5.579637343E1,2.675792456E0,2.448390757E2,4.748651530E0,4.053268737E0
6.576021625E2,2.618612676E1,9.169184626E1,5.557810131E1,1.975323200E0,2.355219635E2,4.748651530E0,4.030354998E0
6.586021522E2,2.618611582E1,9.169182833E1,5.554079244E1,1.975323200E0,2.431525957E2,4.748651530E0,3.793233348E0
6.596022043E2,2.618610910E1,9.169181649E1,5.552586769E1,1.411138892E0,2.431525979E2,4.748651530E0,3.573600492E0
6.601473399E2,2.618633090E1,9.169181634E1,5.811194689E1,NaN,NaN,2.721857247E1,3.000000000E1
6.601475719E2,2.618618136E1,9.169182448E1,5.155462037E1,NaN,NaN,6.999501400E1,3.237074824E1
6.601491959E2,2.618624201E1,9.169161233E1,5.815625512E1,NaN,NaN,6.576995190E1,3.000000000E1
6.624492429E2,2.618611845E1,9.169178240E1,5.136386530E1,2.337982893E0,NaN,3.279357262E1,5.979415512E1
6.634492782E2,2.618609990E1,9.169175714E1,5.755940219E1,2.486498117E0,2.742946870E2,1.904016457E1,3.000000000E0
6.644493119E2,2.618610241E1,9.169171502E1,5.763029854E1,2.486498117E0,2.662639965E2,1.400000000E1,3.000000000E0
6.654493459E2,2.618610661E1,9.169168812E1,5.739158510E1,2.659655333E0,2.402337084E2,1.400000000E1,3.000000000E0
6.664492738E2,2.618609809E1,9.169166269E1,5.741636377E1,2.686522007E0,2.277485871E2,1.400000000E1,3.000000000E0
6.674493068E2,2.618607489E1,9.169166273E1,5.728479285E1,2.934297323E0,2.198341873E2,4.606618757E0,3.000000000E0
6.684493404E2,2.618605732E1,9.169165141E1,5.683594922E1,2.934297323E0,2.227335753E2,3.179157145E0,3.000000000E0
6.694480290E2,2.618604013E1,9.169163334E1,5.663670021E1,3.000816822E0,2.273252246E2,2.824994956E0,3.000000000E0
6.707760191E2,2.618601890E1,9.169160748E1,5.606834316E1,3.143753767E0,2.419322126E2,2.682998633E0,3.000000000E0
6.717760610E2,2.618600794E1,9.169158497E1,5.632020303E1,3.312848091E0,2.518946992E2,2.676794379E0,3.000000000E0
6.727760541E2,2.618600055E1,9.169155351E1,5.633774188E1,3.312848091E0,2.629802055E2,2.661729278E0,3.000000000E0
6.737760436E2,2.618599968E1,9.169151565E1,5.624014641E1,3.482668877E0,2.729653410E2,2.615561905E0,3.000000000E0
6.747760894E2,2.618600130E1,9.169148085E1,5.624014643E1,3.482668877E0,2.729653256E2,4.748651530E0,4.357290915E0
6.757760849E2,2.618601460E1,9.169144440E1,5.611861142E1,3.440210581E0,2.856744506E2,4.748651530E0,4.409941912E0
6.767760776E2,2.618603527E1,9.169141250E1,5.606340365E1,3.440210581E0,2.992968544E2,4.748651530E0,4.563957417E0
6.777761251E2,2.618605769E1,9.169138366E1,5.610441723E1,3.440210581E0,3.055792360E2,4.748651530E0,4.579049453E0
6.787761204E2,2.618608350E1,9.169135912E1,5.609446381E1,3.550316334E0,3.173471619E2,4.748651530E0,4.465730670E0
6.797761144E2,2.618610752E1,9.169134295E1,5.645926394E1,3.362910748E0,3.183541511E2,4.748651530E0,5.587817716E0
6.807761629E2,2.618612862E1,9.169132043E1,5.639278229E1,3.362910748E0,3.151066141E2,4.748651530E0,4.777001651E0
6.817761585E2,2.618614079E1,9.169129534E1,5.685857940E1,3.204947472E0,3.065615275E2,4.748651530E0,5.738740244E0
6.827762079E2,2.618614644E1,9.169126895E1,5.724205347E1,2.973654985E0,2.932103375E2,4.748651530E0,6.401119266E0
6.837762554E2,2.618615045E1,9.169125310E1,5.711100583E1,2.648087740E0,2.843098367E2,4.748651530E0,4.600343938E0
6.847763035E2,2.618615043E1,9.169122486E1,5.720905936E1,2.888282299E0,2.731806158E2,4.748651530E0,4.485172030E0
6.857763485E2,2.618614725E1,9.169118517E1,5.720543290E1,2.888282299E0,2.681317400E2,4.748651530E0,4.521096959E0
6.867763936E2,2.618613861E1,9.169114546E1,5.715639628E1,3.370875120E0,2.623960456E2,4.748651530E0,4.435326627E0
6.877764374E2,2.618613525E1,9.169111216E1,5.765307478E1,3.142821074E0,2.609435660E2,4.748651530E0,5.278090470E0
6.887764798E2,2.618613276E1,9.169107890E1,5.770100427E1,3.142821074E0,2.632930690E2,4.748651530E0,6.095029345E0
6.897765226E2,2.618613679E1,9.169104798E1,5.774030901E1,3.098560810E0,2.707444776E2,4.748651530E0,6.793268131E0
6.907765643E2,2.618613626E1,9.169101756E1,5.775827028E1,3.065860033E0,2.691857193E2,4.748651530E0,7.428285642E0
6.917766050E2,2.618613707E1,9.169099025E1,5.759958109E1,2.996771812E0,2.706339383E2,4.748651530E0,4.818170474E0
6.927766453E2,2.618613790E1,9.169095964E1,5.753477024E1,3.086424351E0,2.696021422E2,4.748651530E0,4.565235352E0
6.937766842E2,2.618613685E1,9.169092679E1,5.781273637E1,2.996771812E0,2.698697494E2,4.748651530E0,5.619521886E0
6.947767235E2,2.618613989E1,9.169090468E1,5.620623010E1,2.910653558E0,2.693692464E2,4.722643721E0,3.000000000E0
6.957767615E2,2.618614154E1,9.169087954E1,5.633318576E1,2.788196640E0,2.660465537E2,4.985238489E0,3.000000000E0
6.967767995E2,2.618614259E1,9.169083859E1,5.620989699E1,2.893003561E0,2.708742609E2,5.373163050E0,3.047280509E0
6.977768365E2,2.618613793E1,9.169081582E1,5.638580803E1,3.062305475E0,2.705824408E2,5.548444956E0,5.142027871E0
6.987768734E2,2.618613527E1,9.169078346E1,5.742888094E1,3.104668071E0,2.672909827E2,5.455023213E0,5.106427735E0
6.997769103E2,2.618613316E1,9.169075071E1,5.774130365E1,3.170216626E0,2.661283653E2,5.958707788E0,5.646913635E0
7.007769461E2,2.618613207E1,9.169072156E1,5.832308529E1,3.059181584E0,2.662474924E2,5.948292052E0,5.745882636E0
7.017769815E2,2.618613660E1,9.169068440E1,5.738705638E1,3.354270517E0,2.728621071E2,5.968491413E0,5.778732287E0
7.027770174E2,2.618613557E1,9.169064570E1,5.715541854E1,3.619812327E0,2.721568477E2,6.215530547E0,5.997418487E0
7.037770528E2,2.618613012E1,9.169059952E1,5.667751571E1,4.069352743E0,2.672672327E2,6.438834413E0,6.105372927E0
7.047770878E2,2.618612827E1,9.169055717E1,5.680579649E1,4.078461397E0,2.664165217E2,6.430253999E0,6.026262885E0
7.057771215E2,2.618612258E1,9.169051579E1,5.581339003E1,3.996533670E0,2.621569572E2,6.431826686E0,6.055480495E0
7.067771555E2,2.618612027E1,9.169047834E1,5.594781239E1,3.792465269E0,2.640602424E2,6.309014574E0,5.927405446E0
7.077771892E2,2.618612353E1,9.169044237E1,5.573670334E1,3.572630959E0,2.701266036E2,6.141762375E0,5.718202846E0
7.087772229E2,2.618613207E1,9.169040424E1,5.515066425E1,3.532857191E0,2.772349293E2,6.169445404E0,5.641750212E0
7.097772561E2,2.618613903E1,9.169037077E1,5.405103471E1,3.298317002E0,2.806457079E2,6.055881507E0,5.439229875E0
7.107772893E2,2.618614260E1,9.169032854E1,5.375636652E1,3.572469910E0,2.778454237E2,6.082248073E0,5.427678271E0
7.117773225E2,2.618614681E1,9.169029204E1,5.397690440E1,3.514226190E0,2.776892453E2,6.077859158E0,5.440169983E0
7.127773554E2,2.618614697E1,9.169025192E1,5.386606351E1,3.625900198E0,2.748372161E2,6.038521090E0,5.441147885E0
7.137773875E2,2.618614705E1,9.169021370E1,5.383940495E1,3.638861939E0,2.725781459E2,6.080488707E0,5.490850414E0
7.147774202E2,2.618614423E1,9.169017452E1,5.355910674E1,3.620754537E0,2.691882825E2,6.077766482E0,5.465529520E0
7.157774525E2,2.618614208E1,9.169013180E1,5.333511233E1,3.813169639E0,2.665051120E2,6.079849417E0,5.438271197E0
7.167774850E2,2.618613889E1,9.169009541E1,5.356851313E1,3.666246800E0,2.633971227E2,5.991590202E0,5.334510960E0
7.177775164E2,2.618613186E1,9.169005860E1,5.343438451E1,3.655154943E0,2.596706755E2,5.929397290E0,5.277845930E0
7.187775490E2,2.618612160E1,9.169002800E1,5.344750805E1,3.401726467E0,2.525136418E2,5.797076528E0,5.113266097E0
7.197775803E2,2.618609515E1,9.169000221E1,5.354178813E1,3.491416680E0,2.335287683E2,5.607222710E0,5.088719934E0
7.207776128E2,2.618607031E1,9.168998303E1,5.374148687E1,3.330712217E0,2.224153005E2,5.426861587E0,4.954479633E0
7.211353022E2,2.618604901E1,9.168968898E1,5.086151950E1,NaN,NaN,5.969501400E1,3.279250898E1
7.211355372E2,2.618608090E1,9.168968857E1,5.629003407E1,NaN,NaN,5.133191184E1,3.237586833E1
7.228668882E2,2.618583734E1,9.168978142E1,5.797775568E1,NaN,NaN,2.648589129E1,3.000000000E1
7.232312302E2,2.618580457E1,9.168979597E1,5.797716059E1,NaN,NaN,2.551222922E1,3.000000000E1
7.232463903E2,2.618580430E1,9.168979570E1,5.797716059E1,NaN,NaN,2.551353423E1,3.000000000E1
7.234721580E2,2.618571575E1,9.168987639E1,5.612960375E1,2.792299986E0,NaN,3.011519949E1,1.309516144E2
7.244721902E2,2.618559358E1,9.168985270E1,5.453130117E1,2.792299986E0,1.785552561E2,1.975880037E1,3.000000000E0
7.254722207E2,2.618552944E1,9.168986565E1,5.485977322E1,2.792299986E0,1.919674663E2,1.542755647E1,3.000000000E0
7.264722521E2,2.618549068E1,9.168985805E1,5.491071842E1,3.272031069E0,1.681588066E2,1.400000000E1,3.000000000E0
7.274722828E2,2.618548667E1,9.168991097E1,5.451112746E1,3.509976864E0,1.667862118E2,1.400000000E1,3.000000000E0
7.284723136E2,2.618545258E1,9.168991860E1,5.424097087E1,3.693216562E0,1.667730432E2,1.400000000E1,3.000000000E0
7.294723438E2,2.618541779E1,9.168992581E1,5.463958814E1,3.509976864E0,1.617316395E2,1.400000000E1,3.000000000E0
7.304723747E2,2.618538193E1,9.168993415E1,5.447839085E1,3.675031900E0,1.631665803E2,1.400000000E1,3.000000000E0
7.314724040E2,2.618535037E1,9.168993723E1,5.450933842E1,3.321836948E0,1.659907816E2,1.400000000E1,3.000000000E0
7.324724353E2,2.618532392E1,9.168993451E1,5.451099636E1,3.749855518E0,1.710622517E2,1.400000000E1,3.000000000E0
7.334724657E2,2.618529699E1,9.168993286E1,5.465389946E1,3.749855518E0,1.770548548E2,1.400000000E1,3.000000000E0
7.344724540E2,2.618527338E1,9.168993632E1,5.469112764E1,3.749855518E0,1.727910818E2,1.400000000E1,3.000000000E0
7.354702452E2,2.618523988E1,9.168994101E1,5.469112781E1,3.749855518E0,1.727910839E2,4.748651530E0,3.000000000E0
7.360712088E2,2.618522422E1,9.168994450E1,5.507496008E1,3.654130459E0,1.715516498E2,4.748651530E0,3.000000000E0
7.370712389E2,2.618518471E1,9.168994622E1,5.528408102E1,3.959956408E0,1.721316295E2,4.748651530E0,3.167253502E0
7.380712336E2,2.618514408E1,9.168994714E1,5.506671800E1,3.959956408E0,1.752103910E2,4.748651530E0,3.171545677E0
7.390712274E2,2.618510544E1,9.168993418E1,5.389100119E1,3.763329506E0,1.839570193E2,4.748651530E0,3.499049450E0
7.400712694E2,2.618506699E1,9.168993245E1,5.330341291E1,3.763329506E0,1.827267660E2,4.748651530E0,3.586261649E0
7.410712679E2,2.618500082E1,9.168993373E1,5.379808633E1,4.928333759E0,1.781396534E2,4.748651530E0,3.433552171E0
7.420712630E2,2.618494863E1,9.168993528E1,5.369139689E1,4.972489834E0,1.807243463E2,4.748651530E0,3.291270605E0
7.430713107E2,2.618490015E1,9.168994075E1,5.373913714E1,4.972489834E0,1.769679486E2,4.748651530E0,3.398237825E0
7.440713592E2,2.618485253E1,9.168992921E1,5.387541085E1,5.044530392E0,1.832112718E2,4.748651530E0,3.520487382E0
7.450714056E2,2.618480914E1,9.168992892E1,5.396024137E1,4.929807186E0,1.798495223E2,4.748651530E0,3.724402683E0
7.460714522E2,2.618476405E1,9.168993356E1,5.395690382E1,4.960150719E0,1.765764696E2,4.748651530E0,3.446492939E0
7.470714964E2,2.618471445E1,9.168993432E1,5.396130335E1,4.929807186E0,1.791723230E2,4.748651530E0,3.487573045E0
7.480715404E2,2.618466330E1,9.168992782E1,5.390151257E1,4.922572613E0,1.851086021E2,4.748651530E0,3.743134471E0
7.490715833E2,2.618462168E1,9.168992442E1,5.365350646E1,4.793051720E0,1.808792686E2,4.748651530E0,3.754521974E0
7.500716260E2,2.618457747E1,9.168992491E1,5.359330101E1,4.793051720E0,1.788216475E2,4.748651530E0,3.865745890E0
7.510716676E2,2.618453640E1,9.168992520E1,5.346342385E1,4.636506081E0,1.785006561E2,4.748651530E0,4.130542188E0
7.520717084E2,2.618449943E1,9.168992375E1,5.355727668E1,4.364088535E0,1.816044569E2,4.748651530E0,4.434250377E0
7.530717481E2,2.618445748E1,9.168992480E1,5.371743385E1,4.414287567E0,1.817064726E2,4.748651530E0,4.128587350E0
7.540717874E2,2.618441758E1,9.168992750E1,5.354408718E1,4.414287567E0,1.799760447E2,4.748651530E0,4.515700853E0
7.550718261E2,2.618438343E1,9.168992614E1,5.395545373E1,4.132690215E0,1.795471815E2,1.999999990E0,3.000000000E0
7.560718651E2,2.618434651E1,9.168992286E1,5.353580405E1,4.179578011E0,1.796183765E2,2.212835447E0,3.000000000E0
7.570719024E2,2.618431030E1,9.168992341E1,5.350452376E1,4.164460854E0,1.782886081E2,2.106417719E0,3.000000000E0
7.580719402E2,2.618427370E1,9.168992008E1,5.349300067E1,4.161505478E0,1.814166323E2,2.070945144E0,3.000000000E0
7.590719771E2,2.618423380E1,9.168992710E1,5.341453007E1,3.941885912E0,1.815229674E2,2.053208856E0,3.000000000E0
7.600720135E2,2.618420082E1,9.168992988E1,5.356758050E1,3.829441725E0,1.779536928E2,2.042567081E0,3.000000000E0
7.610720497E2,2.618417467E1,9.168995540E1,5.395674612E1,3.922931691E0,1.549921499E2,2.030405064E0,3.000000000E0
7.620720852E2,2.618414645E1,9.168998081E1,5.359882428E1,3.889547794E0,1.442950082E2,2.026604421E0,3.000000000E0
7.630721198E2,2.618412590E1,9.169001766E1,5.361607211E1,3.985735736E0,1.275850731E2,2.053236262E0,3.000000000E0
7.640721558E2,2.618411706E1,9.169005519E1,5.322534554E1,3.832463895E0,1.106967462E2,2.047912630E0,3.000000000E0
7.650721898E2,2.618410819E1,9.169009143E1,5.319530790E1,3.668773296E0,1.056636882E2,2.051039772E0,3.000000000E0
7.660722243E2,2.618410503E1,9.169012625E1,5.317637230E1,3.448027639E0,9.966019025E1,2.099858763E0,3.000000000E0
7.670722586E2,2.618410071E1,9.169016226E1,5.292704805E1,3.494172741E0,9.684514650E1,2.092177317E0,3.000000000E0
7.680722924E2,2.618409525E1,9.169019838E1,5.286360171E1,3.554467942E0,9.832326485E1,2.085593221E0,3.000000000E0
7.690723261E2,2.618409146E1,9.169023446E1,5.288555668E1,3.571165698E0,9.591541629E1,2.082712498E0,3.000000000E0
7.700723592E2,2.618409364E1,9.169026692E1,5.281309584E1,3.400845448E0,8.883894247E1,2.077542962E0,3.000000000E0
7.710723921E2,2.618409309E1,9.169030808E1,5.284448016E1,3.749979864E0,8.747302178E1,2.072981614E0,3.000000000E0
7.720724250E2,2.618409511E1,9.169033855E1,5.278279112E1,3.238848587E0,8.596563051E1,2.068927076E0,3.000000000E0
7.730724588E2,2.618409507E1,9.169037029E1,5.192380331E1,2.926069873E0,8.777353081E1,2.103334461E0,3.000000000E0
7.740724906E2,2.618410315E1,9.169041359E1,5.202248293E1,3.597858865E0,8.144846337E1,2.098167733E0,3.000000000E0
7.750725236E2,2.618410762E1,9.169045062E1,5.261346886E1,3.684390053E0,8.042452388E1,2.093259341E0,3.000000000E0
7.760725564E2,2.618410701E1,9.169047772E1,5.304054838E1,2.902646258E0,8.559348301E1,2.142347378E0,3.000000000E0
7.770725879E2,2.618410446E1,9.169050174E1,5.325044748E1,2.338779980E0,9.201429173E1,2.135230003E0,3.000000000E0
7.780726208E2,2.618410081E1,9.169050513E1,5.200197744E1,6.810485739E-1,1.024148478E2,2.128468513E0,3.000000000E0
7.790726523E2,2.618410304E1,9.169051146E1,5.261476499E1,3.813968403E-1,8.144694032E1,2.122045091E0,3.000000000E0
7.800726841E2,2.618410371E1,9.169051071E1,5.268514374E1,1.870438620E-1,8.144693973E1,2.182774825E0,3.000000000E0
7.802064377E2,2.618410131E1,9.169049809E1,4.868000000E1,3.985077276E-2,8.144693453E1,3.595014000E0,3.000000000E1
7.802066208E2,2.618415684E1,9.169075733E1,4.906477178E1,NaN,4.425213652E1,4.309501400E1,3.189608287E1
7.809002447E2,2.618415858E1,9.169043758E1,5.513232906E1,NaN,NaN,3.061986199E1,3.000000000E1
7.831310787E2,2.618424440E1,9.169081419E1,5.531160687E1,NaN,NaN,2.792425333E1,3.000000000E1
7.834969928E2,2.618404981E1,9.169056498E1,5.492885866E1,2.488154173E0,9.172449550E1,9.912648388E0,2.351042557E1
7.844970238E2,2.618406199E1,9.169058614E1,5.317497563E1,2.665770769E0,9.262709816E1,1.400000000E1,3.000000000E0
7.854970543E2,2.618406416E1,9.169061364E1,5.311356032E1,2.665770769E0,9.329341044E1,5.833509292E0,3.000000000E0
7.864971119E2,2.618406645E1,9.169064623E1,5.265832305E1,3.101354361E0,9.259944273E1,5.474243124E0,3.000000000E0
7.874971421E2,2.618406409E1,9.169068306E1,5.245509648E1,3.213110447E0,9.342522626E1,5.232280668E0,3.000000000E0
7.884971726E2,2.618406528E1,9.169071740E1,5.259474331E1,3.491421461E0,9.527786726E1,4.382874527E0,3.000000000E0
7.894972036E2,2.618406444E1,9.169074781E1,5.275597019E1,3.491421461E0,9.591443406E1,3.828417036E0,3.000000000E0
7.904972341E2,2.618407003E1,9.169079750E1,5.262448090E1,3.491421461E0,9.502250015E1,3.012962485E0,3.000000000E0
7.914972636E2,2.618406804E1,9.169084061E1,5.276434197E1,3.783933640E0,1.028055007E2,2.820536044E0,3.000000000E0
7.924972938E2,2.618406014E1,9.169088106E1,5.278690050E1,3.783933640E0,1.029953595E2,2.676397679E0,3.000000000E0
7.934973249E2,2.618405594E1,9.169091137E1,5.291646049E1,3.699647188E0,1.094034498E2,2.583575925E0,3.000000000E0
7.944973551E2,2.618404837E1,9.169093929E1,5.292033053E1,3.501451492E0,1.123814123E2,2.515355085E0,3.000000000E0
7.954973850E2,2.618403633E1,9.169097168E1,5.292033056E1,3.501451492E0,1.123814266E2,4.748651530E0,4.530876851E0
7.964974158E2,2.618402001E1,9.169100720E1,5.281764435E1,3.851858377E0,1.164333348E2,4.748651530E0,4.564286006E0
7.974974459E2,2.618400288E1,9.169104194E1,5.292535649E1,3.851858377E0,1.196517331E2,4.748651530E0,4.502674874E0
7.984974773E2,2.618398823E1,9.169107565E1,5.295231337E1,3.755278349E0,1.179940870E2,4.748651530E0,5.468699597E0
7.994975065E2,2.618397335E1,9.169111243E1,5.291841369E1,3.755278349E0,1.146293587E2,4.748651530E0,5.427732364E0
8.004975353E2,2.618396105E1,9.169115237E1,5.299582814E1,3.955327272E0,1.106344370E2,4.748651530E0,7.181940991E0
8.014975650E2,2.618395000E1,9.169119382E1,5.313540738E1,4.036163330E0,1.047389464E2,4.748651530E0,4.972966125E0
8.024975955E2,2.618395020E1,9.169123252E1,5.310339823E1,3.971622229E0,9.622283453E1,4.748651530E0,5.969050175E0
8.034976251E2,2.618394970E1,9.169127227E1,5.287788499E1,4.002399445E0,9.150122061E1,4.748651530E0,4.894768522E0
8.044976535E2,2.618394344E1,9.169131249E1,5.308350043E1,3.978268623E0,9.749967008E1,4.748651530E0,4.708758476E0
8.054976837E2,2.618394280E1,9.169135671E1,5.315945352E1,4.054707050E0,9.352849609E1,4.748651530E0,5.802084827E0
8.064977135E2,2.618394368E1,9.169139742E1,5.319764122E1,4.010523319E0,9.047939703E1,4.748651530E0,6.639100718E0
8.074977431E2,2.618394069E1,9.169143421E1,5.337775462E1,4.010523319E0,9.298893146E1,4.748651530E0,4.852528453E0
8.084977790E2,2.618394267E1,9.169147384E1,5.318626854E1,3.900563478E0,8.843772323E1,4.748651530E0,5.871894225E0
8.094978047E2,2.618394136E1,9.169151315E1,5.332702529E1,3.900563478E0,8.889687587E1,4.748651530E0,6.642618326E0
8.104978325E2,2.618394022E1,9.169155501E1,5.330757297E1,3.900563478E0,9.049420440E1,4.748651530E0,7.315139917E0
8.114978642E2,2.618394402E1,9.169159623E1,5.344598459E1,3.889184713E0,8.662402106E1,4.748651530E0,7.921605320E0
8.124978909E2,2.618394733E1,9.169163534E1,5.349840630E1,4.049658298E0,8.490134557E1,4.748651530E0,4.994332160E0
8.134979211E2,2.618394827E1,9.169167591E1,5.339521100E1,4.094779968E0,8.551702586E1,4.748651530E0,4.607696607E0
8.144979512E2,2.618394799E1,9.169171846E1,5.333314730E1,4.094779968E0,8.636835432E1,4.748651530E0,5.572249852E0
8.154979815E2,2.618397188E1,9.169178293E1,5.240238043E1,4.011887125E0,8.750878801E1,1.999999988E0,3.000000000E0
8.168150201E2,2.618397267E1,9.169184451E1,5.305266322E1,4.313787701E0,8.971544176E1,1.999999971E0,3.000000000E0
8.178150507E2,2.618398359E1,9.169188815E1,5.326290011E1,4.265864160E0,8.045603805E1,1.999999972E0,3.000000000E0
8.188150799E2,2.618401881E1,9.169193390E1,5.352025669E1,5.044560326E0,5.424495481E1,1.999999994E0,3.000000000E0
8.198151102E2,2.618401767E1,9.169196323E1,5.324298359E1,4.608563142E0,6.679541124E1,1.999999945E0,3.000000000E0
8.208151405E2,2.618404147E1,9.169199803E1,5.359665671E1,4.370748802E0,5.769817879E1,1.999999968E0,3.000000000E0
8.218151697E2,2.618406085E1,9.169203458E1,5.390332095E1,4.185666466E0,5.785296131E1,1.999999965E0,3.000000000E0
8.228152001E2,2.618407755E1,9.169207427E1,5.359782972E1,4.198517682E0,6.216187291E1,1.999999974E0,3.000000000E0
8.238152298E2,2.618408341E1,9.169211415E1,5.324150570E1,3.988718315E0,7.419411030E1,1.999999970E0,3.000000000E0
8.248152594E2,2.618408432E1,9.169215626E1,5.348471284E1,4.079409559E0,8.431522912E1,1.999999962E0,3.000000000E0
8.258152895E2,2.618407978E1,9.169218957E1,5.345001584E1,3.575332195E0,9.380167927E1,1.999999963E0,3.000000000E0
8.268153195E2,2.618407743E1,9.169223380E1,5.331180329E1,4.051361854E0,9.349372974E1,1.999999971E0,3.000000000E0
8.278153492E2,2.618408101E1,9.169227072E1,5.323051272E1,3.940167239E0,8.602645917E1,1.999999968E0,3.000000000E0
8.288153791E2,2.618408468E1,9.169230727E1,5.291571968E1,3.760258727E0,8.406102086E1,1.999999978E0,3.000000000E0
8.298154093E2,2.618409488E1,9.169234496E1,5.272554545E1,3.661285119E0,7.687832129E1,1.999999981E0,3.000000000E0
8.308154388E2,2.618410283E1,9.169238227E1,5.204887813E1,3.571416063E0,7.572361654E1,1.999999976E0,3.000000000E0
8.318154695E2,2.618411526E1,9.169241328E1,5.224156352E1,3.202570285E0,6.907087945E1,1.999999973E0,3.000000000E0
8.328154998E2,2.618413151E1,9.169243171E1,5.116294256E1,2.467202703E0,5.402081011E1,1.999999981E0,3.000000000E0
8.338155299E2,2.618413941E1,9.169244471E1,5.173022762E1,1.625316430E0,5.242459218E1,1.999999987E0,3.000000000E0
8.346100082E2,2.618418396E1,9.169241106E1,5.904548708E1,NaN,NaN,2.089526426E1,3.000000000E1
8.346113412E2,2.618420733E1,9.169242160E1,5.286298433E1,NaN,2.494654877E1,4.979501400E1,3.127837480E1
8.346121012E2,2.618418374E1,9.169240928E1,5.904548708E1,NaN,NaN,2.116003083E1,3.000000000E1
8.369351223E2,2.618416031E1,9.169244235E1,6.936893793E1,1.548497319E0,NaN,1.137315843E1,2.274730873E1
8.379351526E2,2.618417666E1,9.169248453E1,5.408953481E1,1.548497319E0,4.187925367E1,1.126137897E1,3.000000000E0
8.389351831E2,2.618416692E1,9.169248060E1,5.397572193E1,1.461875796E0,4.993684832E1,7.860287844E0,3.000000000E0
8.399352125E2,2.618418058E1,9.169249203E1,5.332585861E1,1.461875796E0,4.519383178E1,6.372973430E0,3.000000000E0
8.409352771E2,2.618420274E1,9.169250173E1,5.323238271E1,2.062923670E0,3.771841854E1,5.526602456E0,3.000000000E0
8.419353081E2,2.618421963E1,9.169251660E1,5.319696252E1,2.715029955E0,3.666225273E1,5.118729639E0,3.000000000E0
8.429353369E2,2.618424277E1,9.169253430E1,5.326259841E1,2.664791584E0,3.991685836E1,4.532093426E0,3.000000000E0
8.439353677E2,2.618426956E1,9.169256780E1,5.335574553E1,2.664791584E0,4.680736834E1,3.596129790E0,3.000000000E0
8.449353968E2,2.618429005E1,9.169259607E1,5.365311643E1,2.687841654E0,4.828472802E1,3.250695385E0,3.000000000E0
8.459354281E2,2.618430553E1,9.169261685E1,5.370347711E1,2.753261328E0,5.485979596E1,3.148395877E0,3.000000000E0
8.469354575E2,2.618431807E1,9.169264642E1,5.383068282E1,2.753261328E0,6.204913355E1,3.046348301E0,3.000000000E0
8.479354877E2,2.618433084E1,9.169267993E1,5.347529809E1,3.023051023E0,7.196927981E1,2.895903067E0,3.000000000E0
8.489355170E2,2.618433929E1,9.169270868E1,5.347529787E1,3.023051023E0,7.196929250E1,4.748651530E0,3.935478454E0
8.499355479E2,2.618433891E1,9.169273701E1,5.347613816E1,3.179091454E0,7.997251998E1,4.748651530E0,4.133410443E0
8.509355777E2,2.618434296E1,9.169277370E1,5.378965235E1,3.510148764E0,8.070487483E1,4.748651530E0,3.981590206E0
8.519356081E2,2.618434249E1,9.169281917E1,5.360040562E1,3.510148764E0,8.944550226E1,4.748651530E0,4.033936942E0
8.529356386E2,2.618433830E1,9.169285855E1,5.377548572E1,3.679056406E0,9.501293357E1,4.748651530E0,3.839963947E0
8.539356683E2,2.618434166E1,9.169291037E1,5.391147410E1,4.026908875E0,9.253817320E1,4.748651530E0,4.206383002E0
8.549305545E2,2.618433696E1,9.169295772E1,5.387902237E1,4.177639008E0,9.858040481E1,4.748651530E0,4.389770189E0
8.560145363E2,2.618433207E1,9.169300308E1,5.448066846E1,4.026908875E0,9.891216165E1,4.748651530E0,5.429253845E0
8.570146132E2,2.618432513E1,9.169304378E1,5.432022292E1,4.022716999E0,1.003293902E2,4.748651530E0,6.118377550E0
8.580146959E2,2.618431968E1,9.169308194E1,5.407189832E1,4.034430981E0,9.886906855E1,4.748651530E0,6.786978006E0
8.590147745E2,2.618431119E1,9.169312121E1,5.397092051E1,4.034430981E0,1.016216346E2,4.748651530E0,7.364768717E0
8.600148502E2,2.618430371E1,9.169315875E1,5.377228891E1,3.934416533E0,1.007099065E2,4.748651530E0,7.953330040E0
8.610149223E2,2.618430402E1,9.169320032E1,5.374141791E1,3.934416533E0,9.461067754E1,4.748651530E0,8.487491389E0
8.620149929E2,2.618430300E1,9.169323755E1,5.345774616E1,3.958283663E0,9.159202778E1,4.748651530E0,5.008316360E0
8.630150609E2,2.618430965E1,9.169327870E1,5.326318291E1,3.958283663E0,8.600066414E1,4.748651530E0,5.981700522E0
8.640151263E2,2.618431649E1,9.169331901E1,5.327489751E1,3.922549009E0,8.291617778E1,4.748651530E0,6.756955481E0
8.650151887E2,2.618432045E1,9.169335823E1,5.326238064E1,3.922549009E0,8.062716273E1,4.748651530E0,4.788681033E0
8.660152507E2,2.618432432E1,9.169339895E1,5.334583004E1,3.879064798E0,8.075975701E1,4.748651530E0,5.720570016E0
8.670153090E2,2.618432876E1,9.169344026E1,5.324016041E1,3.911360741E0,8.096617230E1,4.748651530E0,4.692151289E0
8.680153669E2,2.618433085E1,9.169347357E1,5.315834499E1,3.879064798E0,8.019386898E1,4.748651530E0,4.483961299E0
8.690154224E2,2.618435400E1,9.169353225E1,5.402390262E1,3.706238801E0,8.349400946E1,2.033847469E0,3.000000000E0
8.700154760E2,2.618435822E1,9.169356987E1,5.367595496E1,3.691967836E0,7.865473515E1,2.016923726E0,3.000000000E0
8.710155291E2,2.618436596E1,9.169361285E1,5.326870949E1,3.811728187E0,7.612172467E1,2.011282478E0,3.000000000E0
8.720155800E2,2.618438299E1,9.169363769E1,5.250386935E1,3.592890039E0,7.515676968E1,2.021635034E0,3.000000000E0
8.730156299E2,2.618439124E1,9.169368544E1,5.287869455E1,4.194835723E0,7.847739983E1,2.017308019E0,3.000000000E0
8.740156786E2,2.618439938E1,9.169372528E1,5.300823773E1,4.118231172E0,7.780400267E1,2.014423345E0,3.000000000E0
8.750157261E2,2.618440646E1,9.169376314E1,5.261240165E1,3.896455261E0,7.780563717E1,2.012362871E0,3.000000000E0
8.760157715E2,2.618442045E1,9.169380612E1,5.316357047E1,4.075168045E0,7.407394470E1,2.010817517E0,3.000000000E0
8.770158176E2,2.618442831E1,9.169384845E1,5.297823464E1,4.078055689E0,7.708609584E1,2.009615563E0,3.000000000E0
8.780158611E2,2.618443581E1,9.169388810E1,5.267809425E1,3.932347914E0,7.792260778E1,2.008653999E0,3.000000000E0
8.790159047E2,2.618444856E1,9.169392990E1,5.264740599E1,3.993538264E0,7.472897908E1,2.007867261E0,3.000000000E0
8.800159475E2,2.618445711E1,9.169397017E1,5.246260122E1,4.000106437E0,7.568822344E1,2.007211648E0,3.000000000E0
8.810159896E2,2.618446209E1,9.169401203E1,5.253317222E1,4.027855457E0,7.913770694E1,2.006656902E0,3.000000000E0
8.820160309E2,2.618446974E1,9.169405442E1,5.279386188E1,4.082940196E0,7.960916352E1,2.006181406E0,3.000000000E0
8.830160709E2,2.618447848E1,9.169409284E1,5.262729853E1,3.908191608E0,7.797605620E1,2.005769314E0,3.000000000E0
8.840161114E2,2.618448516E1,9.169413534E1,5.321554485E1,4.036908416E0,7.956057833E1,2.005408724E0,3.000000000E0
8.850161493E2,2.618449272E1,9.169417127E1,5.287894215E1,3.683094915E0,8.008117340E1,2.005090568E0,3.000000000E0
8.860161882E2,2.618449812E1,9.169421463E1,5.272283616E1,4.050537350E0,8.091600446E1,2.004807750E0,3.000000000E0
8.870162266E2,2.618450139E1,9.169425546E1,5.324142619E1,4.077700795E0,8.382333540E1,2.004554716E0,3.000000000E0
8.880162640E2,2.618450111E1,9.169429695E1,5.309809795E1,4.084439145E0,8.708159034E1,2.004326978E0,3.000000000E0
8.890163012E2,2.618450465E1,9.169434011E1,5.347859945E1,4.161166194E0,8.667167794E1,2.004110637E0,3.000000000E0
8.900163380E2,2.618451055E1,9.169437979E1,5.382003277E1,3.987350068E0,8.396511595E1,2.005508261E0,3.000000000E0
8.910163741E2,2.618451086E1,9.169442412E1,5.356288282E1,4.227137314E0,8.636925645E1,2.005232838E0,3.000000000E0
8.920164104E2,2.618450846E1,9.169446524E1,5.371826291E1,4.122782175E0,9.129198540E1,2.004971184E0,3.000000000E0
8.930164456E2,2.618450736E1,9.169451054E1,5.391533999E1,4.331589335E0,9.089432793E1,2.004722634E0,3.000000000E0
8.940164807E2,2.618451020E1,9.169455186E1,5.443869390E1,4.208411151E0,8.846556813E1,2.004486487E0,3.000000000E0
8.950165155E2,2.618450769E1,9.169459336E1,5.421158764E1,4.122920242E0,9.192919148E1,2.004262140E0,3.000000000E0
8.960165507E2,2.618450458E1,9.169463309E1,5.413133410E1,3.974260323E0,9.378085145E1,2.004049054E0,3.000000000E0
8.970165843E2,2.618449462E1,9.169467494E1,5.405715048E1,4.139816173E0,1.001790268E2,2.003846604E0,3.000000000E0
8.980166186E2,2.618448573E1,9.169471757E1,5.429627671E1,4.298047604E0,1.023453581E2,2.003654276E0,3.000000000E0
8.990166517E2,2.618447753E1,9.169475560E1,5.362906808E1,4.079022509E0,1.025719851E2,2.003471557E0,3.000000000E0
9.000166854E2,2.618446360E1,9.169478914E1,5.329050789E1,3.759344763E0,1.105178711E2,2.003297987E0,3.000000000E0
9.010167187E2,2.618445034E1,9.169483126E1,5.333850738E1,4.104892202E0,1.109995670E2,2.003133088E0,3.000000000E0
9.020167514E2,2.618443353E1,9.169486245E1,5.351189694E1,3.678762245E0,1.162338813E2,2.002976435E0,3.000000000E0
9.030167846E2,2.618441673E1,9.169488455E1,5.305839662E1,3.060204391E0,1.236136319E2,2.002827613E0,3.000000000E0
9.040168171E2,2.618439849E1,9.169490060E1,5.282725622E1,2.698650454E0,1.342997506E2,2.002686228E0,3.000000000E0
9.050168503E2,2.618437347E1,9.169491725E1,5.275806778E1,2.937605259E0,1.422330049E2,2.002551916E0,3.000000000E0
9.060168826E2,2.618435703E1,9.169493391E1,5.190058440E1,2.394041956E0,1.383706547E2,2.002424328E0,3.000000000E0
9.070169148E2,2.618434981E1,9.169494801E1,5.260723149E1,1.648170596E0,1.306858598E2,2.002303104E0,3.000000000E0
9.078658485E2,2.618411516E1,9.169514102E1,5.448469830E1,NaN,NaN,6.869782528E1,3.002460525E1
9.097108616E2,2.618407552E1,9.169520644E1,5.448470211E1,NaN,NaN,6.147913462E1,3.000984210E1
9.101714091E2,2.618431247E1,9.169495801E1,5.368774958E1,1.127231479E0,NaN,6.971131279E0,1.320416355E1
9.111714397E2,2.618429856E1,9.169498722E1,5.340991600E1,1.525393605E0,1.251814122E2,7.942032391E0,3.000000000E0
9.121714565E2,2.618430227E1,9.169501526E1,5.344162341E1,1.525393605E0,1.084560821E2,1.400000000E1,3.000000000E0
9.131714871E2,2.618428868E1,9.169505040E1,5.339352117E1,2.292606592E0,1.030034533E2,5.539119186E0,3.000000000E0
9.141715175E2,2.618429622E1,9.169508728E1,5.317604723E1,3.598540306E0,1.054025640E2,3.731282439E0,3.000000000E0
9.151715478E2,2.618428980E1,9.169512652E1,5.323325898E1,3.598540306E0,1.107148529E2,3.388859588E0,3.000000000E0
9.162695192E2,2.618427945E1,9.169516417E1,5.308817971E1,3.598540306E0,1.131171807E2,3.119717364E0,3.000000000E0
9.172694875E2,2.618426645E1,9.169520212E1,5.312495737E1,3.603718042E0,1.171498337E2,2.759140510E0,3.000000000E0
9.182694567E2,2.618424838E1,9.169523093E1,5.312843566E1,3.793797255E0,1.190069212E2,2.469229431E0,3.000000000E0
9.192695172E2,2.618423018E1,9.169526219E1,5.318839058E1,3.793797255E0,1.201960161E2,2.344419175E0,3.000000000E0
9.202695191E2,2.618421248E1,9.169529421E1,5.323813970E1,3.788583040E0,1.158479996E2,2.331337541E0,3.000000000E0
9.212695179E2,2.618419555E1,9.169532835E1,5.317153282E1,3.779128075E0,1.191051803E2,2.379281443E0,3.000000000E0
9.222695791E2,2.618417896E1,9.169536138E1,5.317153301E1,3.779128075E0,1.191051948E2,4.748651530E0,4.790002527E0
9.232695804E2,2.618416110E1,9.169539340E1,5.298098104E1,3.720133066E0,1.186409330E2,4.748651530E0,4.521008422E0
9.242695813E2,2.618414175E1,9.169542239E1,5.291344982E1,3.720133066E0,1.229512326E2,4.748651530E0,4.389714142E0
9.252696382E2,2.618412021E1,9.169545411E1,5.288273084E1,3.703013897E0,1.239224853E2,4.748651530E0,4.333956178E0
9.262696344E2,2.618409956E1,9.169548352E1,5.307448510E1,3.671631098E0,1.263577477E2,4.748651530E0,5.118796816E0
9.272696326E2,2.618408154E1,9.169550009E1,5.312742686E1,3.317572117E0,1.316835993E2,4.748651530E0,4.765061743E0
9.282696867E2,2.618405981E1,9.169552243E1,5.333027475E1,3.317572117E0,1.322278286E2,4.748651530E0,5.789593715E0
9.292696794E2,2.618404227E1,9.169553661E1,5.357864604E1,2.969759226E0,1.349081026E2,4.748651530E0,4.821111754E0
9.302697301E2,2.618401628E1,9.169553780E1,5.326544883E1,2.859876156E0,1.568872919E2,4.748651530E0,5.925354638E0
9.312697815E2,2.618399921E1,9.169552923E1,5.319896104E1,1.952486873E0,1.790208975E2,4.748651530E0,6.724902588E0
9.322698312E2,2.618397933E1,9.169551985E1,5.313009147E1,1.952486873E0,1.934409820E2,4.748651530E0,4.879927954E0
9.326786008E2,2.618396535E1,9.169552299E1,4.649533921E1,NaN,NaN,1.631950140E2,3.786291664E1
9.359840045E2,2.618397383E1,9.169557614E1,6.309124835E1,1.234708548E0,1.024448531E2,8.179908433E0,1.272693634E1
9.369840388E2,2.618396991E1,9.169557993E1,5.398376974E1,1.460444212E0,1.048717764E2,6.399887612E0,3.000000000E0
9.379840862E2,2.618396523E1,9.169559471E1,5.354987655E1,1.460444212E0,5.793615073E1,5.488775906E0,3.000000000E0
9.389841200E2,2.618398051E1,9.169562013E1,5.354749525E1,2.869465113E0,4.821439756E1,5.047228921E0,3.000000000E0
9.399841528E2,2.618401292E1,9.169564362E1,5.342237955E1,3.154450417E0,5.112271260E1,4.168708182E0,3.000000000E0
9.409841854E2,2.618403825E1,9.169567649E1,5.354285988E1,3.178729057E0,5.719399945E1,3.854762768E0,3.000000000E0
9.419828954E2,2.618405918E1,9.169571060E1,5.344049787E1,3.178729057E0,6.933516272E1,3.565071257E0,3.000000000E0
9.429148623E2,2.618406974E1,9.169574510E1,5.342397900E1,3.561733246E0,8.152241269E1,3.259603058E0,3.000000000E0
9.439148946E2,2.618407046E1,9.169578678E1,5.329156077E1,3.798755884E0,9.626678303E1,3.065931402E0,3.000000000E0
9.449148685E2,2.618406142E1,9.169582530E1,5.329117288E1,4.100940228E0,1.112729750E2,2.916413965E0,3.000000000E0
9.459148429E2,2.618404016E1,9.169585295E1,5.318035021E1,4.100940228E0,1.234668981E2,2.749550919E0,3.000000000E0
9.469148880E2,2.618401403E1,9.169588266E1,5.329343776E1,3.972562551E0,1.411559679E2,2.629291756E0,3.000000000E0
9.479148746E2,2.618398343E1,9.169590726E1,5.323096901E1,3.948833704E0,1.517627189E2,2.512275371E0,3.000000000E0
9.489148598E2,2.618395203E1,9.169592595E1,5.323096930E1,3.948833704E0,1.517627272E2,4.748651530E0,4.536431100E0
9.499149074E2,2.618391384E1,9.169593203E1,5.318805996E1,3.944346666E0,1.620028991E2,4.748651530E0,4.717845091E0
9.509148934E2,2.618387814E1,9.169593543E1,5.305796024E1,4.009173393E0,1.717479642E2,4.748651530E0,4.619886995E0
9.519148798E2,2.618383915E1,9.169593207E1,5.320317838E1,4.009173393E0,1.763613321E2,4.748651530E0,5.524855872E0
9.529149285E2,2.618380111E1,9.169593557E1,5.306027338E1,4.009173393E0,1.702137540E2,4.748651530E0,5.214351812E0
9.539149137E2,2.618376876E1,9.169595415E1,5.303971564E1,4.032439709E0,1.545899604E2,4.748651530E0,5.201442504E0
9.549149003E2,2.618374727E1,9.169599862E1,5.305914158E1,4.275983810E0,1.324476955E2,4.748651530E0,6.239533729E0
9.559149470E2,2.618374349E1,9.169604904E1,5.299911202E1,4.275983810E0,1.079629262E2,4.748651530E0,6.993975479E0
9.569149944E2,2.618375726E1,9.169609388E1,5.304154710E1,4.275983810E0,8.424525906E1,4.748651530E0,7.651581945E0
9.579150413E2,2.618377086E1,9.169613520E1,5.306429239E1,4.222362518E0,7.463630907E1,4.748651530E0,8.127298789E0
9.589150865E2,2.618378885E1,9.169617100E1,5.294256978E1,3.996248722E0,6.810431753E1,4.748651530E0,8.660092279E0
9.599151318E2,2.618380491E1,9.169621077E1,5.292382069E1,4.058779716E0,6.688681593E1,4.748651530E0,9.128158772E0
9.609151762E2,2.618382043E1,9.169625091E1,5.293294760E1,4.058779716E0,6.670518068E1,4.748651530E0,9.542756448E0
9.619152181E2,2.618383109E1,9.169628972E1,5.286269175E1,4.215909958E0,6.941464256E1,4.748651530E0,4.956551167E0
9.629152604E2,2.618384702E1,9.169633216E1,5.281983195E1,4.329686642E0,6.733265768E1,4.748651530E0,5.924453907E0
9.639153024E2,2.618386605E1,9.169637254E1,5.278039506E1,4.397267342E0,6.519260913E1,4.748651530E0,6.716650034E0
9.649153428E2,2.618388469E1,9.169641507E1,5.263776627E1,4.397267342E0,6.466372019E1,4.748651530E0,7.279821997E0
9.659153830E2,2.618389901E1,9.169645734E1,5.275122373E1,4.397267342E0,6.753618396E1,4.748651530E0,7.925929386E0
9.669154229E2,2.618391769E1,9.169649751E1,5.282529810E1,4.413548470E0,6.482255633E1,4.748651530E0,8.492844282E0
9.679154613E2,2.618393263E1,9.169653876E1,5.282637645E1,4.413548470E0,6.688909865E1,4.748651530E0,8.999740743E0
9.689154991E2,2.618396252E1,9.169659646E1,5.219868690E1,4.401609214E0,6.897654546E1,1.999999991E0,3.000000000E0
9.699155382E2,2.618397224E1,9.169663705E1,5.231480164E1,4.372005082E0,7.248892261E1,1.999999997E0,3.000000000E0
9.709155754E2,2.618398187E1,9.169668146E1,5.225240681E1,4.403469569E0,7.413999407E1,2.133300265E0,3.000000000E0
9.719156115E2,2.618400057E1,9.169671924E1,5.239696144E1,4.446539199E0,6.591405691E1,2.099975199E0,3.000000000E0
9.729156482E2,2.618402647E1,9.169675644E1,5.247152860E1,4.366843070E0,6.043464663E1,2.079980160E0,3.000000000E0
9.739156845E2,2.618404180E1,9.169678808E1,5.142539868E1,4.357325525E0,5.887844288E1,2.057128692E0,3.000000000E0
9.749157202E2,2.618405552E1,9.169682802E1,5.151621320E1,4.307233417E0,6.389255344E1,2.106515580E0,3.000000000E0
9.759157552E2,2.618407495E1,9.169686597E1,5.153923745E1,4.334950451E0,6.218142756E1,2.094680508E0,3.000000000E0
9.769157894E2,2.618409614E1,9.169690181E1,5.181547279E1,4.299919354E0,6.000712660E1,2.085212458E0,3.000000000E0
9.779158247E2,2.618411561E1,9.169693921E1,5.211637204E1,4.306451080E0,6.003965192E1,2.077465878E0,3.000000000E0
9.789158592E2,2.618413193E1,9.169698130E1,5.230119274E1,4.376213119E0,6.424722607E1,2.071010382E0,3.000000000E0
9.799158931E2,2.618414706E1,9.169702171E1,5.251913791E1,4.353539027E0,6.581420053E1,2.065548041E0,3.000000000E0
9.809159268E2,2.618416679E1,9.169706070E1,5.241912536E1,4.354655422E0,6.322448431E1,2.060866036E0,3.000000000E0
9.819159609E2,2.618418604E1,9.169709750E1,5.231134421E1,4.287562516E0,6.102452293E1,2.056808296E0,3.000000000E0
9.829159942E2,2.618420240E1,9.169713883E1,5.270180386E1,4.363104222E0,6.366592937E1,2.068571547E0,3.000000000E0
9.839160274E2,2.618421849E1,9.169717881E1,5.242160704E1,4.345016527E0,6.490175820E1,2.096769583E0,3.000000000E0
9.849160605E2,2.618423584E1,9.169721779E1,5.223995487E1,4.359104851E0,6.423157505E1,2.091393502E0,3.000000000E0
9.859160930E2,2.618425544E1,9.169725539E1,5.246949231E1,4.377455086E0,6.117297429E1,2.086583313E0,3.000000000E0
9.869161254E2,2.618427329E1,9.169729185E1,5.218403879E1,4.240832885E0,6.131770918E1,2.082254141E0,3.000000000E0
9.879161586E2,2.618429197E1,9.169733278E1,5.234743619E1,4.360578279E0,6.319129763E1,2.078141439E0,3.000000000E0
9.889161908E2,2.618431211E1,9.169737174E1,5.227208837E1,4.400012596E0,6.140264764E1,2.074234368E0,3.000000000E0
9.899162226E2,2.618433041E1,9.169740825E1,5.226317276E1,4.202016329E0,6.062601898E1,2.070522652E0,3.000000000E0
9.909162548E2,2.618435177E1,9.169744752E1,5.228404326E1,4.341803152E0,5.997907915E1,2.066996521E0,3.000000000E0
9.919162864E2,2.618436751E1,9.169748929E1,5.233715023E1,4.408921875E0,6.457548972E1,2.063646700E0,3.000000000E0
9.929163190E2,2.618438716E1,9.169752739E1,5.230165884E1,4.353245116E0,6.316985924E1,2.060464360E0,3.000000000E0
9.939163510E2,2.618440542E1,9.169756739E1,5.215552833E1,4.355048847E0,6.406932868E1,2.057441152E0,3.000000000E0
9.949163822E2,2.618442310E1,9.169760551E1,5.230814977E1,4.237023746E0,6.245959884E1,2.054569084E0,3.000000000E0
9.959164136E2,2.618444068E1,9.169764469E1,5.257515197E1,4.259203035E0,6.354995735E1,2.051840626E0,3.000000000E0
9.969164457E2,2.618445713E1,9.169767681E1,5.274105447E1,3.837268030E0,6.214547969E1,2.049248606E0,3.000000000E0
9.979164760E2,2.618447125E1,9.169771237E1,5.328330901E1,3.890425135E0,6.447176515E1,2.058725683E0,3.000000000E0
9.989165074E2,2.618449026E1,9.169774021E1,5.273348324E1,3.557033814E0,5.759193798E1,2.068830064E0,3.000000000E0
9.999165386E2,2.618450679E1,9.169777574E1,5.296720901E1,3.687281739E0,5.913057536E1,2.065388558E0,3.000000000E0
1.000916570E3,2.618452097E1,9.169779446E1,5.285729440E1,2.718945169E0,5.485193954E1,2.062119132E0,3.000000000E0
1.001019007E3,2.618528530E1,9.169766881E1,4.829755432E1,NaN,NaN,5.419501400E1,3.032500344E1
1.001043649E3,2.618528553E1,9.169766987E1,5.457502204E1,NaN,NaN,8.246994382E1,3.067605927E1
1.003330206E3,2.618455606E1,9.169780881E1,4.182734600E1,0.000000000E0,NaN,6.993910196E0,1.088094902E1
1.004330237E3,2.618454210E1,9.169782552E1,5.233809938E1,1.215453029E0,6.152151510E1,8.338908110E0,3.000000000E0
1.005330267E3,2.618453664E1,9.169786041E1,5.307432628E1,1.215453029E0,5.057912858E1,6.571570476E0,3.000000000E0
1.006330297E3,2.618454737E1,9.169788886E1,5.281991099E1,2.031451702E0,5.598068806E1,5.646634186E0,3.000000000E0
1.007330302E3,2.618456429E1,9.169791954E1,5.261738152E1,2.973286629E0,5.559033250E1,4.995746425E0,3.000000000E0
1.008330333E3,2.618458436E1,9.169795240E1,5.280107992E1,3.077749729E0,6.152821552E1,4.612081583E0,3.000000000E0
1.008983617E3,2.618459550E1,9.169797251E1,5.256316015E1,3.077749729E0,6.096431510E1,3.817920950E0,3.000000000E0
1.009983589E3,2.618461007E1,9.169800106E1,5.256874835E1,3.108687401E0,6.736880590E1,3.938080855E0,3.000000000E0
1.010983642E3,2.618462770E1,9.169803565E1,5.289690394E1,3.153099298E0,6.500861354E1,3.637553420E0,3.000000000E0
1.011983642E3,2.618464386E1,9.169806805E1,5.291431258E1,3.602039099E0,6.144583660E1,2.951436445E0,3.000000000E0
1.012983642E3,2.618466021E1,9.169810168E1,5.268756333E1,3.602039099E0,6.337612320E1,2.691388912E0,3.000000000E0
1.013983704E3,2.618467608E1,9.169813243E1,5.257335244E1,3.602039099E0,6.252408442E1,2.628003587E0,3.000000000E0
1.014983708E3,2.618469245E1,9.169816802E1,5.244883167E1,3.572395802E0,6.187197211E1,2.657166859E0,3.000000000E0
1.015983712E3,2.618470765E1,9.169819953E1,5.244883174E1,3.572395802E0,6.187198601E1,4.748651530E0,4.289066035E0
1.016983773E3,2.618472403E1,9.169822576E1,5.241706415E1,3.535160065E0,5.637410971E1,4.748651530E0,4.317945765E0
1.017983774E3,2.618474332E1,9.169825601E1,5.248415129E1,3.658733606E0,5.767876870E1,4.748651530E0,4.343729593E0
1.018983774E3,2.618476187E1,9.169829039E1,5.254613914E1,3.658733606E0,5.869253285E1,4.748651530E0,4.294832962E0
1.019983832E3,2.618478097E1,9.169832356E1,5.272734803E1,3.705061436E0,5.800868072E1,4.748651530E0,4.254304594E0
1.020983831E3,2.618479773E1,9.169835778E1,5.282308653E1,3.750686407E0,5.988684659E1,4.748651530E0,5.303989450E0
1.021983828E3,2.618481860E1,9.169839233E1,5.274380013E1,3.750686407E0,5.866660579E1,4.748651530E0,4.279504124E0
1.022983884E3,2.618483498E1,9.169842232E1,5.288558391E1,3.663047075E0,5.696080303E1,4.748651530E0,5.338507282E0
1.023983939E3,2.618485388E1,9.169845462E1,5.291965079E1,3.663047075E0,5.708992436E1,4.748651530E0,6.209778416E0
1.024983993E3,2.618487108E1,9.169848672E1,5.279296056E1,3.582077980E0,5.969590115E1,4.748651530E0,6.800771639E0
1.025984045E3,2.618489103E1,9.169852133E1,5.276289363E1,3.714953899E0,5.979129892E1,4.748651530E0,7.309924491E0
1.026984095E3,2.618490737E1,9.169854814E1,5.265291319E1,3.582077980E0,5.797141474E1,4.748651530E0,4.637754175E0
1.027984145E3,2.618492616E1,9.169858197E1,5.265746893E1,3.565980434E0,5.739293855E1,4.748651530E0,5.655017937E0
1.028984192E3,2.618494624E1,9.169861500E1,5.268962970E1,3.729469299E0,5.744885793E1,4.748651530E0,6.464406371E0
1.029984239E3,2.618496313E1,9.169865040E1,5.265087502E1,3.729469299E0,6.069376517E1,4.748651530E0,7.154369759E0
1.030984285E3,2.618497921E1,9.169868556E1,5.255880373E1,3.729469299E0,6.111808390E1,4.748651530E0,7.793577619E0
1.031984329E3,2.618499582E1,9.169872123E1,5.252584803E1,3.767743111E0,6.183328692E1,4.748651530E0,8.367138287E0
1.032984373E3,2.618501201E1,9.169875484E1,5.230811064E1,3.700055838E0,6.180897118E1,4.748651530E0,8.873495237E0
1.033984417E3,2.618503369E1,9.169878555E1,5.217170008E1,3.725790024E0,5.673813223E1,4.748651530E0,9.316940895E0
1.034984458E3,2.618505397E1,9.169881746E1,5.221348607E1,3.725790024E0,5.569504264E1,4.748651530E0,9.717125160E0
1.035984500E3,2.618508646E1,9.169885999E1,5.293751070E1,3.795238181E0,5.633950398E1,1.999999988E0,3.000000000E0
1.036984541E3,2.618510811E1,9.169889440E1,5.300203326E1,3.867453877E0,5.805030517E1,1.999999993E0,3.000000000E0
1.037984581E3,2.618512485E1,9.169892629E1,5.280470388E1,3.802870985E0,5.776833972E1,1.999999993E0,3.000000000E0
1.038984620E3,2.618515021E1,9.169895423E1,5.305580975E1,3.963525945E0,5.589983087E1,1.999999989E0,3.000000000E0
1.039984659E3,2.618517193E1,9.169899456E1,5.306270948E1,4.084189482E0,5.635251978E1,1.999999986E0,3.000000000E0
1.040984698E3,2.618519386E1,9.169902966E1,5.270344179E1,4.235643752E0,5.504174506E1,1.999999985E0,3.000000000E0
1.041984736E3,2.618521467E1,9.169906480E1,5.277949946E1,4.529307796E0,5.500066093E1,2.000000000E0,3.000000000E0
1.042984773E3,2.618523815E1,9.169910103E1,5.255471822E1,4.486218232E0,5.498886272E1,2.000000008E0,3.000000000E0
1.043984810E3,2.618526063E1,9.169914029E1,5.269792287E1,4.531214280E0,5.729451952E1,2.000000006E0,3.000000000E0
1.044984846E3,2.618528404E1,9.169917536E1,5.251218141E1,4.397549165E0,5.554449549E1,2.000000008E0,3.000000000E0
1.045984882E3,2.618530671E1,9.169920904E1,5.265279685E1,4.274841569E0,5.364677287E1,2.000000010E0,3.000000000E0
1.046984918E3,2.618533321E1,9.169924306E1,5.257821417E1,4.360122632E0,5.120190578E1,2.000000015E0,3.000000000E0
1.047984953E3,2.618535616E1,9.169927245E1,5.257696131E1,4.047032288E0,4.933467089E1,2.000000016E0,3.000000000E0
1.048984988E3,2.618538232E1,9.169930315E1,5.295515579E1,4.095402457E0,4.764369573E1,2.000000020E0,3.000000000E0
1.049985023E3,2.618540813E1,9.169932857E1,5.292197722E1,3.935479736E0,4.485164713E1,2.000000024E0,3.000000000E0
1.050985057E3,2.618543314E1,9.169936005E1,5.290888954E1,4.088220505E0,4.736889417E1,2.000000015E0,3.000000000E0
1.051985092E3,2.618545749E1,9.169938835E1,5.285702268E1,4.059894891E0,4.691067987E1,2.000000023E0,3.000000000E0
1.052985125E3,2.618548277E1,9.169941750E1,5.244294353E1,4.064483443E0,4.695730862E1,2.000000024E0,3.000000000E0
1.053985159E3,2.618550545E1,9.169944544E1,5.252768222E1,3.912538592E0,4.766789367E1,2.000000017E0,3.000000000E0
1.054985192E3,2.618553096E1,9.169947268E1,5.255699298E1,3.946152050E0,4.548987908E1,2.000000022E0,3.000000000E0
1.055985225E3,2.618555631E1,9.169950166E1,5.211605702E1,3.985702201E0,4.519256914E1,2.000000022E0,3.000000000E0
1.056985258E3,2.618558298E1,9.169953102E1,5.190062371E1,3.997101316E0,4.391104726E1,2.000000014E0,3.000000000E0
1.057985292E3,2.618561162E1,9.169956034E1,5.193197792E1,4.180766981E0,4.255186171E1,2.000000016E0,3.000000000E0
1.058985324E3,2.618563847E1,9.169958581E1,5.196076654E1,4.006644241E0,4.138805637E1,2.000000019E0,3.000000000E0
1.059985357E3,2.618566508E1,9.169961355E1,5.191286632E1,4.029631890E0,4.136395267E1,2.000000018E0,3.000000000E0
1.060985389E3,2.618569077E1,9.169963982E1,5.177341142E1,3.929760843E0,4.152813925E1,2.000000015E0,3.000000000E0
1.061985420E3,2.618571951E1,9.169966366E1,5.201449684E1,3.937309566E0,3.996447754E1,2.000000025E0,3.000000000E0
1.062985453E3,2.618574639E1,9.169968715E1,5.226767852E1,3.795254085E0,3.880539713E1,2.000000031E0,3.000000000E0
1.063985485E3,2.618576292E1,9.169970338E1,5.157249696E1,2.879549034E0,4.052892452E1,2.000000009E0,3.000000000E0
1.064985517E3,2.618579587E1,9.169973291E1,5.230561420E1,3.774328535E0,3.951600778E1,2.000000036E0,3.000000000E0
1.065985548E3,2.618582048E1,9.169975200E1,5.241026891E1,3.599089858E0,3.657262317E1,2.000000030E0,3.000000000E0
1.066985580E3,2.618584320E1,9.169977703E1,5.231294968E1,3.532494097E0,4.211519293E1,2.000000034E0,3.000000000E0
1.067985612E3,2.618586380E1,9.169979570E1,5.260108026E1,3.103933854E0,3.924579646E1,2.000000030E0,3.000000000E0
1.068985643E3,2.618588486E1,9.169980629E1,5.263458416E1,2.571640426E0,3.229236343E1,2.000000024E0,3.000000000E0
1.069985674E3,2.618590216E1,9.169981732E1,5.314852083E1,2.291868942E0,3.114105206E1,2.000000021E0,3.000000000E0
1.070985706E3,2.618591871E1,9.169983523E1,5.312883922E1,2.500000394E0,3.918599992E1,2.000000008E0,3.000000000E0
1.071985737E3,2.618591746E1,9.169986084E1,5.290099490E1,2.240844241E0,6.577697090E1,2.000000003E0,3.000000000E0
1.072390972E3,2.618607139E1,9.169971540E1,4.913438688E1,NaN,3.398491078E1,5.759501400E1,3.342384410E1
1.075230853E3,2.618649864E1,9.170012664E1,5.520205848E1,NaN,NaN,3.700000000E1,3.000000000E1
1.075237572E3,2.618649864E1,9.170012664E1,5.520205848E1,NaN,NaN,2.616300649E1,3.000000000E1
1.075242891E3,2.618649864E1,9.170012664E1,5.520205848E1,NaN,NaN,2.616318389E1,3.000000000E1
1.075248445E3,2.618649864E1,9.170012664E1,5.520205848E1,NaN,NaN,2.616331610E1,3.000000000E1
1.075253241E3,2.618649864E1,9.170012664E1,5.520205848E1,NaN,NaN,2.616346145E1,3.000000000E1
1.075258318E3,2.618649864E1,9.170012664E1,5.520205848E1,NaN,NaN,2.616363183E1,3.000000000E1
1.075263742E3,2.618649864E1,9.170012664E1,5.520205848E1,NaN,NaN,2.616377145E1,3.000000000E1
1.075268645E3,2.618649864E1,9.170012664E1,5.520205848E1,NaN,NaN,2.616390415E1,3.000000000E1
1.075273471E3,2.618649864E1,9.170012664E1,5.520205848E1,NaN,NaN,2.616403149E1,3.000000000E1
1.075278427E3,2.618649864E1,9.170012664E1,5.520205848E1,NaN,NaN,2.616420898E1,3.000000000E1
1.075283760E3,2.618649864E1,9.170012664E1,5.520205848E1,NaN,NaN,2.616435893E1,3.000000000E1
1.075288852E3,2.618649864E1,9.170012664E1,5.520205848E1,NaN,NaN,2.616449629E1,3.000000000E1
1.075293742E3,2.618649864E1,9.170012664E1,5.520205848E1,NaN,NaN,2.616464594E1,3.000000000E1
1.075298924E3,2.618649864E1,9.170012664E1,5.520205848E1,NaN,NaN,2.616481142E1,3.000000000E1
1.075304257E3,2.618649864E1,9.170012664E1,5.520205848E1,NaN,NaN,2.616494252E1,3.000000000E1
1.075309069E3,2.618649864E1,9.170012664E1,5.520205848E1,NaN,NaN,2.616504317E1,3.000000000E1
1.075314453E3,2.618649864E1,9.170012664E1,5.520205848E1,NaN,NaN,2.616516856E1,3.000000000E1
1.075319134E3,2.618649864E1,9.170012664E1,5.520205848E1,NaN,NaN,2.616530285E1,3.000000000E1
1.075323961E3,2.618649864E1,9.170012664E1,5.520205848E1,NaN,NaN,2.616543328E1,3.000000000E1
1.075328732E3,2.618649864E1,9.170012664E1,5.520205848E1,NaN,NaN,2.616557928E1,3.000000000E1
1.075333790E3,2.618649864E1,9.170012664E1,5.520205848E1,NaN,NaN,2.616570660E1,3.000000000E1
1.075338487E3,2.618649864E1,9.170012664E1,5.520205848E1,NaN,NaN,2.616583112E1,3.000000000E1
1.075343177E3,2.618649864E1,9.170012664E1,5.520205848E1,NaN,NaN,2.616599547E1,3.000000000E1
1.075348513E3,2.618649864E1,9.170012664E1,5.520205848E1,NaN,NaN,2.616612280E1,3.000000000E1
1.075353203E3,2.618649864E1,9.170012664E1,5.520205848E1,NaN,NaN,2.616625007E1,3.000000000E1
1.075357960E3,2.618649864E1,9.170012664E1,5.520205848E1,NaN,NaN,2.616639914E1,3.000000000E1
1.075363034E3,2.618649864E1,9.170012664E1,5.520205848E1,NaN,NaN,2.616652091E1,3.000000000E1
1.075367625E3,2.618649864E1,9.170012664E1,5.520205848E1,NaN,NaN,2.616663168E1,3.000000000E1
1.075372035E3,2.618649864E1,9.170012664E1,5.520205848E1,NaN,NaN,2.616676545E1,3.000000000E1
1.075376876E3,2.618649864E1,9.170012664E1,5.520205848E1,NaN,NaN,2.616691064E1,3.000000000E1
1.075381912E3,2.618649864E1,9.170012664E1,5.520205848E1,NaN,NaN,2.616703949E1,3.000000000E1
1.075386639E3,2.618649864E1,9.170012664E1,5.520205848E1,NaN,NaN,2.616717395E1,3.000000000E1
1.075391490E3,2.618649864E1,9.170012664E1,5.520205848E1,NaN,NaN,2.616732481E1,3.000000000E1
1.075396631E3,2.618649864E1,9.170012664E1,5.520205848E1,NaN,NaN,2.616746476E1,3.000000000E1
1.075401571E3,2.618649864E1,9.170012664E1,5.520205848E1,NaN,NaN,2.616759744E1,3.000000000E1
1.075406379E3,2.618649864E1,9.170012664E1,5.520205848E1,NaN,NaN,2.616773681E1,3.000000000E1
1.075411313E3,2.618649864E1,9.170012664E1,5.520205848E1,NaN,NaN,2.616789357E1,3.000000000E1
1.075416548E3,2.618649864E1,9.170012664E1,5.520205848E1,NaN,NaN,2.616803065E1,3.000000000E1
1.075421443E3,2.618649864E1,9.170012664E1,5.520205848E1,NaN,NaN,2.616816263E1,3.000000000E1
1.075426229E3,2.618649864E1,9.170012664E1,5.520205848E1,NaN,NaN,2.616829906E1,3.000000000E1
1.075431106E3,2.618649864E1,9.170012664E1,5.520205848E1,NaN,NaN,2.616843082E1,3.000000000E1
1.075435899E3,2.618649864E1,9.170012664E1,5.520205848E1,NaN,NaN,2.616854976E1,3.000000000E1
1.075440447E3,2.618649864E1,9.170012664E1,5.520205848E1,NaN,NaN,2.616866740E1,3.000000000E1
1.075445004E3,2.618649864E1,9.170012664E1,5.520205848E1,NaN,NaN,2.616881401E1,3.000000000E1
1.075450069E3,2.618649864E1,9.170012664E1,5.520205848E1,NaN,NaN,2.616895187E1,3.000000000E1
1.075454955E3,2.618649864E1,9.170012664E1,5.520205848E1,NaN,NaN,2.616907326E1,3.000000000E1
1.075459548E3,2.618649864E1,9.170012664E1,5.520205848E1,NaN,NaN,2.616922448E1,3.000000000E1
1.075464711E3,2.618649864E1,9.170012664E1,5.520205848E1,NaN,NaN,2.616936124E1,3.000000000E1
1.075469581E3,2.618649864E1,9.170012664E1,5.520205848E1,NaN,NaN,2.616948848E1,3.000000000E1
1.075474295E3,2.618649864E1,9.170012664E1,5.520205848E1,NaN,NaN,2.616963294E1,3.000000000E1
1.075479320E3,2.618649864E1,9.170012664E1,5.520205848E1,NaN,NaN,2.616978803E1,3.000000000E1
1.075484516E3,2.618649864E1,9.170012664E1,5.520205848E1,NaN,NaN,2.616991777E1,3.000000000E1
1.075489270E3,2.618649864E1,9.170012664E1,5.520205848E1,NaN,NaN,2.617004508E1,3.000000000E1
1.075493972E3,2.618649864E1,9.170012664E1,5.520205848E1,NaN,NaN,2.617019121E1,3.000000000E1
1.075499055E3,2.618649864E1,9.170012664E1,5.520205848E1,NaN,NaN,2.617032966E1,3.000000000E1
1.075504008E3,2.618649864E1,9.170012664E1,5.520205848E1,NaN,NaN,2.617045642E1,3.000000000E1
1.075508670E3,2.618649864E1,9.170012664E1,5.520205848E1,NaN,NaN,2.617060030E1,3.000000000E1
1.075513671E3,2.618649864E1,9.170012664E1,5.520205848E1,NaN,NaN,2.617072358E1,3.000000000E1
1.075518309E3,2.618649864E1,9.170012664E1,5.520205848E1,NaN,NaN,2.617085696E1,3.000000000E1
1.075523122E3,2.618649864E1,9.170012664E1,5.520205848E1,NaN,NaN,2.617099105E1,3.000000000E1
1.075701910E3,2.618600604E1,9.169987832E1,5.152994602E1,1.712078214E0,3.811291319E1,1.250231115E1,2.271747208E1
1.076701941E3,2.618600065E1,9.169989487E1,5.300858836E1,2.301264763E0,2.898922163E1,1.400000000E1,3.000000000E0
1.077701972E3,2.618599664E1,9.169991589E1,5.300529877E1,2.301264763E0,3.534331246E1,1.400000000E1,3.000000000E0
1.078702017E3,2.618600706E1,9.169993487E1,5.262165564E1,2.545349121E0,3.613312139E1,1.400000000E1,3.000000000E0
1.079702047E3,2.618602501E1,9.169995351E1,5.290715349E1,2.903310537E0,2.047322224E1,1.400000000E1,3.000000000E0
1.080702077E3,2.618604404E1,9.169997916E1,5.292850576E1,3.110323429E0,3.004984756E1,1.400000000E1,3.000000000E0
1.081702107E3,2.618608012E1,9.169999671E1,5.272932924E1,3.110323429E0,2.794580949E1,3.755938615E0,3.000000000E0
1.082702137E3,2.618611542E1,9.170001854E1,5.292932424E1,3.171445847E0,2.924499514E1,3.167884401E0,3.000000000E0
1.083702168E3,2.618615192E1,9.170004643E1,5.284492367E1,3.495909929E0,2.947817438E1,2.861458462E0,3.000000000E0
1.084702198E3,2.618618424E1,9.170007139E1,5.295205825E1,3.546340227E0,2.739535771E1,2.702947317E0,3.000000000E0
1.085702229E3,2.618621591E1,9.170009034E1,5.303968051E1,3.546340227E0,2.338679311E1,2.675598312E0,3.000000000E0
1.086702259E3,2.618624448E1,9.170010978E1,5.300088605E1,3.884286642E0,2.645826430E1,2.564929249E0,3.000000000E0
1.087702289E3,2.618627587E1,9.170012709E1,5.300088630E1,3.884286642E0,2.645827194E1,4.748651530E0,4.443305455E0
1.088702319E3,2.618630193E1,9.170015206E1,5.294296824E1,3.906134129E0,3.251724900E1,4.748651530E0,4.413950601E0
1.089702349E3,2.618632823E1,9.170017727E1,5.268696917E1,3.906134129E0,3.548821128E1,4.748651530E0,4.348934760E0
1.090702380E3,2.618635722E1,9.170020200E1,5.265189908E1,3.906134129E0,3.614125607E1,4.748651530E0,5.162678149E0
1.091702410E3,2.618638643E1,9.170023016E1,5.289769833E1,3.819186211E0,3.876246449E1,4.748651530E0,4.964813426E0
1.092702441E3,2.618641726E1,9.170025634E1,5.294392290E1,3.891575813E0,3.684123789E1,4.748651530E0,4.687712142E0
1.093702471E3,2.618644419E1,9.170028312E1,5.291620846E1,3.891575813E0,3.693886864E1,4.748651530E0,4.571543494E0
1.094702500E3,2.618646973E1,9.170030664E1,5.299813574E1,3.891575813E0,3.584341531E1,4.748651530E0,4.558839344E0
1.095702531E3,2.618650123E1,9.170033727E1,5.292926993E1,3.976133108E0,3.815443451E1,4.748651530E0,5.863633370E0
1.096702561E3,2.618653275E1,9.170036133E1,5.291835752E1,4.058978081E0,3.684801388E1,4.748651530E0,4.569439451E0
1.097702592E3,2.618656534E1,9.170038369E1,5.297519887E1,4.058978081E0,3.684946188E1,4.748651530E0,4.347700683E0
1.098702621E3,2.618659505E1,9.170040758E1,5.298688401E1,3.951329947E0,3.634593310E1,4.748651530E0,4.267691152E0
1.099702652E3,2.618662234E1,9.170043676E1,5.315448861E1,3.883894920E0,3.876694528E1,4.748651530E0,5.227314460E0
1.100702682E3,2.618665108E1,9.170046318E1,5.310786265E1,3.973651886E0,3.894106758E1,4.748651530E0,5.935980186E0
1.101702712E3,2.618667924E1,9.170048669E1,5.312959944E1,3.973651886E0,3.502026141E1,4.748651530E0,6.638063543E0
1.102702742E3,2.618670981E1,9.170050782E1,5.326880674E1,3.890764952E0,3.224430771E1,4.748651530E0,7.254772610E0
1.103702772E3,2.618673912E1,9.170053237E1,5.313919119E1,3.890764952E0,3.427550402E1,4.748651530E0,7.826366789E0
1.104702802E3,2.618676358E1,9.170056267E1,5.357151327E1,3.857842922E0,4.013884707E1,4.748651530E0,8.313759997E0
1.105702832E3,2.618679224E1,9.170058310E1,5.348762605E1,3.857842922E0,3.607406053E1,4.748651530E0,8.755876495E0
1.106702863E3,2.618681852E1,9.170059984E1,5.350197820E1,3.615276575E0,3.151012985E1,4.748651530E0,9.220595920E0
1.107702893E3,2.618685848E1,9.170061199E1,5.382372194E1,3.601890565E0,2.301889661E1,2.000000002E0,3.000000000E0
1.108905928E3,2.618690848E1,9.170060152E1,5.371423796E1,3.496879967E0,7.496131333E-1,2.000000003E0,3.000000000E0
1.109905959E3,2.618692085E1,9.170058216E1,5.410416802E1,1.827633818E0,3.463350130E2,2.000000004E0,3.000000000E0
1.110905990E3,2.618693149E1,9.170053072E1,5.354364036E1,3.730275504E0,3.111603807E2,2.214848878E0,3.000000000E0
1.111906020E3,2.618694411E1,9.170050705E1,5.350797281E1,3.191111909E0,3.053189797E2,2.171879110E0,3.000000000E0
1.112906049E3,2.618696359E1,9.170048335E1,5.356422364E1,3.137733649E0,3.077517874E2,2.143232605E0,3.000000000E0