"Time (s)","Latitude (°)","Longitude (°)","Height (m)","Velocity (m/s)","Direction (°)","Horizontal Accuracy (m)","Vertical Accuracy (°)"
1.763939857E-3,2.618712988E1,9.170038741E1,5.405872497E1,NaN,NaN,2.585438230E1,3.000000000E1
2.074956894E-3,2.618715523E1,9.170034899E1,4.836241908E1,NaN,NaN,2.359501400E1,3.095650935E1
2.339994907E-2,2.618715508E1,9.170034874E1,5.423491990E1,NaN,NaN,2.711259320E1,3.147095642E1
7.131279707E-1,2.618713435E1,9.170041003E1,5.435658747E1,NaN,NaN,2.452191578E1,3.000000000E1
3.324281335E0,2.618707761E1,9.170031693E1,5.862090024E1,1.827053189E0,1.288777056E2,7.288099825E0,1.414853287E1
4.324286342E0,2.618707327E1,9.170033675E1,5.416857486E1,2.330666065E0,1.217864393E2,5.857168112E0,3.000000000E0
5.427293062E0,2.618705264E1,9.170037169E1,5.414379190E1,2.330666065E0,1.236554796E2,4.580671254E0,3.000000000E0
6.427298427E0,2.618704014E1,9.170041326E1,5.367374323E1,2.639360189E0,1.247945639E2,3.829395352E0,3.000000000E0
7.427304029E0,2.618702128E1,9.170044281E1,5.339035408E1,3.049244881E0,1.364316080E2,3.574196751E0,3.000000000E0
8.427310228E0,2.618699922E1,9.170046492E1,5.320917848E1,3.164163589E0,1.388396868E2,3.557293050E0,3.000000000E0
9.427205920E0,2.618697658E1,9.170049093E1,5.314156128E1,3.137822390E0,1.329562575E2,3.130534416E0,3.000000000E0
1.053770876E1,2.618695494E1,9.170052048E1,5.316502101E1,3.140174389E0,1.305776441E2,3.107792195E0,3.000000000E0
1.153771448E1,2.618693821E1,9.170054362E1,5.316519948E1,3.165374041E0,1.303279324E2,2.560300314E0,3.000000000E0
1.253772044E1,2.618691942E1,9.170056937E1,5.323925333E1,3.165374041E0,1.358364526E2,2.301203599E0,3.000000000E0
1.353772545E1,2.618690122E1,9.170058756E1,5.330378566E1,2.928712130E0,1.383700430E2,2.284768303E0,3.000000000E0
1.453775179E1,2.618688053E1,9.170060457E1,5.335427037E1,2.928712130E0,1.596561909E2,2.168882461E0,3.000000000E0
1.553775811E1,2.618685540E1,9.170061497E1,5.335427011E1,2.928712130E0,1.596561954E2,4.748651530E0,5.245593873E0
1.653776348E1,2.618682918E1,9.170061073E1,5.339641951E1,3.004321098E0,1.792346005E2,4.748651530E0,5.501913727E0
1.753779101E1,2.618679795E1,9.170059066E1,5.305525448E1,3.265286446E0,1.943104089E2,4.748651530E0,6.491663532E0
1.853779531E1,2.618676915E1,9.170057367E1,5.303974732E1,3.265286446E0,1.989672444E2,4.748651530E0,7.510223109E0
1.953779614E1,2.618674390E1,9.170055125E1,5.272630222E1,3.314784765E0,2.089449053E2,4.748651530E0,8.299315550E0
2.053782380E1,2.618671590E1,9.170052744E1,5.285391812E1,3.437465429E0,2.122152125E2,4.748651530E0,8.920395820E0
2.153782308E1,2.618668988E1,9.170050498E1,5.273282813E1,3.437465429E0,2.125360401E2,4.748651530E0,9.272378803E0
2.253781998E1,2.618666170E1,9.170048512E1,5.292135855E1,3.437465429E0,2.105780848E2,4.748651530E0,9.764979767E0
2.353784585E1,2.618663392E1,9.170046131E1,5.300031006E1,3.573418379E0,2.137052176E2,4.748651530E0,1.017898698E1
2.453787208E1,2.618660641E1,9.170043705E1,5.314417293E1,3.706638575E0,2.156050476E2,4.748651530E0,1.051107556E1
2.553789663E1,2.618657853E1,9.170041518E1,5.318975235E1,3.706638575E0,2.154064121E2,4.748651530E0,1.078891870E1
2.653792191E1,2.618655266E1,9.170039234E1,5.308190789E1,3.658134937E0,2.162516753E2,4.748651530E0,1.105925744E1
2.753794646E1,2.618652632E1,9.170036727E1,5.321506924E1,3.658134937E0,2.169923955E2,4.748651530E0,1.125555378E1
2.853797114E1,2.618649865E1,9.170034615E1,5.313568162E1,3.542239428E0,2.149467819E2,4.748651530E0,1.150820425E1
2.953799665E1,2.618647048E1,9.170032276E1,5.321898025E1,3.562435389E0,2.162320729E2,4.748651530E0,1.178587941E1
3.053802097E1,2.618644310E1,9.170029861E1,5.314051956E1,3.542239428E0,2.182423611E2,4.748651530E0,1.202914699E1
3.153804505E1,2.618641615E1,9.170027348E1,5.338523628E1,3.562435389E0,2.202581134E2,4.748651530E0,1.224369345E1
3.253806865E1,2.618638843E1,9.170025223E1,5.335907438E1,3.540867090E0,2.169244764E2,4.748651530E0,1.244163544E1
3.353809285E1,2.618636098E1,9.170023015E1,5.309509626E1,3.540867090E0,2.153117598E2,4.748651530E0,1.263210258E1
3.453811693E1,2.618633151E1,9.170021055E1,5.311015090E1,3.505386829E0,2.133152687E2,4.748651530E0,1.276305189E1
3.553814054E1,2.618630305E1,9.170018420E1,5.535012116E1,3.756510874E0,2.156469665E2,5.114904179E0,3.000000000E0
3.653816390E1,2.618627685E1,9.170015828E1,5.510910824E1,3.871258074E0,2.160860647E2,5.930612364E0,3.308226634E0
3.753818679E1,2.618625072E1,9.170012857E1,5.477674987E1,3.805393748E0,2.193810026E2,5.366492669E0,3.000000000E0
3.853821075E1,2.618622358E1,9.170010299E1,5.466016159E1,3.849112753E0,2.207749496E2,5.494199979E0,3.000000000E0
3.953823447E1,2.618619839E1,9.170007919E1,5.466767263E1,3.889797371E0,2.216976199E2,5.821869115E0,3.041262479E0
4.053825676E1,2.618617261E1,9.170005994E1,5.437036649E1,4.056430807E0,2.185951801E2,6.093506975E0,6.150045868E0
4.153828037E1,2.618614218E1,9.170003383E1,5.428398747E1,4.148699314E0,2.186517769E2,6.001748813E0,6.091759683E0
4.253830326E1,2.618611546E1,9.170001069E1,5.440759398E1,3.878909769E0,2.169118767E2,5.832187254E0,5.950871860E0
4.353832638E1,2.618608714E1,9.169998553E1,5.393721200E1,3.883929416E0,2.169602437E2,5.742036433E0,5.876005620E0
4.453834939E1,2.618606084E1,9.169996378E1,5.408292201E1,3.676754983E0,2.165542160E2,5.811525902E0,6.171462802E0
4.553837216E1,2.618603357E1,9.169994214E1,5.460230557E1,3.612310882E0,2.165077462E2,5.815190698E0,6.198313356E0
4.653839493E1,2.618600695E1,9.169991416E1,5.489894323E1,3.652792741E0,2.216514773E2,5.936821574E0,6.390481658E0
4.753841758E1,2.618598231E1,9.169989559E1,5.480502047E1,3.397667760E0,2.182793114E2,5.910443947E0,5.644438228E0
4.853844070E1,2.618595874E1,9.169987306E1,5.517641714E1,3.353226718E0,2.195025807E2,5.901521435E0,5.610382403E0
4.953846276E1,2.618593490E1,9.169985002E1,5.551842380E1,3.384282977E0,2.190151448E2,5.924865333E0,5.632679896E0
5.053848648E1,2.618590844E1,9.169982893E1,5.535493393E1,3.428067223E0,2.167370049E2,5.853464077E0,5.515059778E0
5.153850877E1,2.618587995E1,9.169980396E1,5.563259027E1,3.729378006E0,2.173007887E2,5.850377823E0,5.466497950E0
5.253853118E1,2.618585081E1,9.169977830E1,5.589284540E1,3.906270844E0,2.182102606E2,5.950838661E0,5.400312940E0
5.353855360E1,2.618582359E1,9.169975162E1,5.602930654E1,3.963331900E0,2.187562853E2,5.944081883E0,5.391393632E0
5.453857565E1,2.618579470E1,9.169972363E1,5.650650752E1,4.094176941E0,2.183583198E2,5.894722768E0,5.748819771E0
5.553859806E1,2.618576814E1,9.169969937E1,5.613474337E1,3.855731187E0,2.194590558E2,5.865325542E0,5.961151547E0
5.653862071E1,2.618573318E1,9.169967243E1,5.608785930E1,4.216572940E0,2.172530990E2,5.853176430E0,6.147858094E0
5.753864348E1,2.618570245E1,9.169964564E1,5.645163352E1,4.229851422E0,2.196202613E2,5.792153534E0,6.200219338E0
5.853866601E1,2.618567066E1,9.169961962E1,5.639743981E1,4.193817212E0,2.196084621E2,5.792807451E0,6.326427258E0
5.953868830E1,2.618564265E1,9.169959122E1,5.645082580E1,4.127897867E0,2.226250030E2,5.743089773E0,6.393095688E0
6.053871059E1,2.618561468E1,9.169956436E1,5.634311735E1,4.028586074E0,2.230933103E2,5.633547806E0,6.271855635E0
6.153873289E1,2.618558639E1,9.169953648E1,5.592943487E1,4.033823721E0,2.239400705E2,5.629045205E0,6.203588998E0
6.253875494E1,2.618556004E1,9.169950764E1,5.568531171E1,4.039250598E0,2.258615246E2,5.569423306E0,6.067289460E0
6.353877723E1,2.618553906E1,9.169948054E1,5.529474038E1,3.815285600E0,2.291972641E2,5.558613163E0,5.924798744E0
6.453879952E1,2.618551135E1,9.169944929E1,5.499480273E1,4.149732687E0,2.275902325E2,5.608830973E0,5.934042790E0
6.553882182E1,2.618548965E1,9.169942206E1,5.507021206E1,3.883056692E0,2.287845131E2,5.738674433E0,6.007136858E0
6.653884423E1,2.618546204E1,9.169939740E1,5.422561421E1,3.824003644E0,2.228529435E2,5.886564466E0,6.107468702E0
6.753886592E1,2.618543877E1,9.169936359E1,5.383547113E1,4.051179534E0,2.267848045E2,5.957319497E0,6.123815564E0
6.853888786E1,2.618541133E1,9.169933484E1,5.380184598E1,4.122730774E0,2.246073254E2,6.055955531E0,6.227384262E0
6.953891063E1,2.618538493E1,9.169930610E1,5.420028343E1,4.144775442E0,2.253091339E2,6.040105131E0,6.139880115E0
7.053893292E1,2.618535913E1,9.169927276E1,5.404836480E1,4.272294303E0,2.285583086E2,6.040123578E0,6.287845607E0
7.153895473E1,2.618533501E1,9.169923792E1,5.411468192E1,4.349630430E0,2.306719994E2,6.016103129E0,6.354294970E0
7.253897727E1,2.618531017E1,9.169920127E1,5.412220522E1,4.456134717E0,2.344215827E2,6.048160684E0,6.440033308E0
7.353899944E1,2.618529114E1,9.169916122E1,5.411328614E1,4.438188923E0,2.388066035E2,6.049842175E0,6.489438034E0
7.453902221E1,2.618527130E1,9.169912571E1,5.436143014E1,4.306157511E0,2.371574114E2,5.977994290E0,6.209945360E0
7.553904271E1,2.618524711E1,9.169909507E1,5.405512599E1,4.159971941E0,2.311471942E2,6.026974165E0,6.319360727E0
7.653906500E1,2.618522058E1,9.169906633E1,5.387988742E1,4.097357736E0,2.283401772E2,6.038788186E0,6.538658049E0
7.753908730E1,2.618519890E1,9.169903261E1,5.399999978E1,4.090440427E0,2.339859850E2,5.984249617E0,6.301695850E0
7.853910923E1,2.618518154E1,9.169899489E1,5.413891378E1,4.170849939E0,2.401933004E2,5.937513063E0,6.171826350E0
7.953913176E1,2.618516135E1,9.169896239E1,5.430610230E1,3.981393532E0,2.380287881E2,5.826255219E0,5.921186308E0
8.053915334E1,2.618514414E1,9.169892896E1,5.446636507E1,3.882906027E0,2.392299994E2,5.817046462E0,5.904017914E0
8.153917563E1,2.618512620E1,9.169889821E1,5.449060778E1,3.729846704E0,2.391343385E2,5.793886130E0,5.973310666E0
8.253919792E1,2.618511035E1,9.169886528E1,5.449979197E1,3.652955618E0,2.413014866E2,5.778898918E0,5.921473219E0
8.353922021E1,2.618509676E1,9.169884393E1,5.514058302E1,2.984211833E0,2.385710183E2,5.687435873E0,5.736424149E0
8.453924203E1,2.618507328E1,9.169880973E1,5.471158248E1,3.704356801E0,2.339654597E2,5.697847511E0,5.674797422E0
8.553926432E1,2.618505593E1,9.169878187E1,5.442154800E1,3.570364604E0,2.338804253E2,5.673797997E0,5.696329123E0
8.653928626E1,2.618503638E1,9.169875168E1,5.436460794E1,3.632710820E0,2.347847440E2,5.621799672E0,5.596782102E0
8.753930831E1,2.618501684E1,9.169871873E1,5.403646238E1,3.750959163E0,2.362331149E2,5.526938914E0,5.433019338E0
8.853932965E1,2.618500000E1,9.169868492E1,5.404109555E1,3.875777167E0,2.392258898E2,5.500692191E0,5.402465043E0
8.953935230E1,2.618498097E1,9.169865662E1,5.394637593E1,3.747918031E0,2.349945018E2,5.424010557E0,5.339586347E0
9.053937399E1,2.618496127E1,9.169862077E1,5.388228391E1,3.967259412E0,2.369424484E2,5.390690194E0,4.811311012E0
9.153939605E1,2.618494271E1,9.169859221E1,5.399489762E1,3.745676162E0,2.361121215E2,5.392029542E0,4.695890191E0
9.253941846E1,2.618492696E1,9.169855951E1,5.361113578E1,3.676734186E0,2.396680960E2,5.344408457E0,4.795910265E0
9.353943968E1,2.618491087E1,9.169852617E1,5.384225399E1,3.726818527E0,2.412381570E2,5.335491336E0,5.141846686E0
9.453946185E1,2.618489502E1,9.169849171E1,5.346711897E1,3.772873096E0,2.431583709E2,5.344972250E0,5.253808066E0
9.553948426E1,2.618487735E1,9.169845613E1,5.351352991E1,3.981770925E0,2.410584110E2,5.305523380E0,5.264867517E0
9.653950620E1,2.618486142E1,9.169841913E1,5.326116496E1,4.093655105E0,2.430217368E2,5.312911696E0,5.259578748E0
9.753952813E1,2.618484234E1,9.169838342E1,5.323747250E1,4.112234378E0,2.415417512E2,5.288686385E0,5.221312625E0
9.853955030E1,2.618482296E1,9.169834612E1,5.325098658E1,4.124751711E0,2.403935217E2,5.182030348E0,5.144250455E0
9.953957283E1,2.618480661E1,9.169830896E1,5.336518702E1,4.119028010E0,2.417012684E2,5.120925275E0,5.122430596E0
1.005395943E2,2.618478846E1,9.169827327E1,5.311660543E1,4.051911497E0,2.415199233E2,5.099431849E0,5.074033925E0
1.015396147E2,2.618476778E1,9.169823663E1,5.330677206E1,4.148597844E0,2.392576407E2,5.029917754E0,4.990726530E0
1.025396363E2,2.618474456E1,9.169820159E1,5.313530972E1,4.161172727E0,2.359110925E2,5.010371798E0,4.976692085E0
1.035396572E2,2.618472268E1,9.169816664E1,5.310356572E1,4.161908442E0,2.355964268E2,5.008463444E0,4.473413265E0
1.045396782E2,2.618470177E1,9.169813524E1,5.320227205E1,4.033062179E0,2.345108263E2,4.971368356E0,4.389991879E0
1.055396991E2,2.618468113E1,9.169810636E1,5.303360109E1,3.809019173E0,2.335469689E2,4.988455801E0,4.682028565E0
1.065397209E2,2.618466255E1,9.169806952E1,5.299574406E1,4.063385076E0,2.378634222E2,4.839032977E0,4.787565910E0
1.075397415E2,2.618464303E1,9.169803739E1,5.280218714E1,3.961508928E0,2.373074298E2,4.697081316E0,4.662198176E0
1.085397627E2,2.618462302E1,9.169800243E1,5.276842669E1,4.040713735E0,2.377220845E2,4.562227245E0,4.584501674E0
1.095397840E2,2.618460501E1,9.169796864E1,5.258236068E1,3.862135516E0,2.394151430E2,4.434115881E0,4.512365841E0
1.105398059E2,2.618458714E1,9.169793090E1,5.251496301E1,3.996330241E0,2.414573222E2,4.312410087E0,4.457382656E0
1.115398277E2,2.618456729E1,9.169789321E1,5.242032608E1,4.112788095E0,2.404210301E2,4.196789595E0,4.337878590E0
1.125398487E2,2.618455263E1,9.169785353E1,5.242232975E1,4.171910353E0,2.449736435E2,4.086950114E0,4.133012560E0
1.135398699E2,2.618453515E1,9.169782109E1,5.258719937E1,3.917415762E0,2.419193584E2,3.982602596E0,4.061306732E0
1.145398918E2,2.618451700E1,9.169778890E1,5.271283210E1,3.763713906E0,2.397091665E2,3.883472459E0,3.931628517E0
1.155399133E2,2.618449783E1,9.169775499E1,5.247050228E1,3.822806976E0,2.385843901E2,3.789298819E0,3.832972913E0
1.165399351E2,2.618447853E1,9.169772014E1,5.225517186E1,3.933262268E0,2.402048607E2,3.699833881E0,3.814383469E0
1.175399566E2,2.618446210E1,9.169768248E1,5.226879367E1,3.992417866E0,2.432993598E2,3.614842199E0,3.742050875E0
1.185399784E2,2.618444278E1,9.169764957E1,5.253956937E1,3.884453367E0,2.391930033E2,3.534100105E0,3.626211505E0
1.195399996E2,2.618442490E1,9.169761517E1,5.287077253E1,3.940461092E0,2.393850070E2,3.457395097E0,3.564543262E0
1.205400213E2,2.618440799E1,9.169757668E1,5.264655249E1,4.130351375E0,2.425343159E2,3.384525322E0,3.508940522E0
1.215400430E2,2.618439041E1,9.169754226E1,5.287863267E1,3.988987921E0,2.416590678E2,3.315299057E0,3.410641184E0
1.225400652E2,2.618437354E1,9.169750534E1,5.300963154E1,4.021695638E0,2.425096980E2,3.249534118E0,3.331376560E0
1.235400865E2,2.618435448E1,9.169747231E1,5.329044933E1,3.864151246E0,2.401644412E2,3.187057402E0,3.223353669E0
1.245401084E2,2.618433829E1,9.169743766E1,5.296168457E1,3.845054324E0,2.422734323E2,3.127704533E0,3.333165207E0
1.255401304E2,2.618432377E1,9.169740394E1,5.310604471E1,3.741860512E0,2.442382451E2,3.071319310E0,3.239795274E0
1.265401512E2,2.618430943E1,9.169737286E1,5.299343443E1,3.604647722E0,2.438386819E2,3.017753368E0,3.150593532E0
1.275401735E2,2.618428846E1,9.169733546E1,5.338472160E1,4.007473351E0,2.409302614E2,3.000947231E0,3.154477310E0
1.285401950E2,2.618427339E1,9.169730121E1,5.339602249E1,3.878737161E0,2.440489957E2,2.950899883E0,3.026860208E0
1.295402174E2,2.618425728E1,9.169726754E1,5.312342849E1,3.756377864E0,2.432125905E2,2.903354899E0,3.000000000E0
1.305402393E2,2.618424128E1,9.169723269E1,5.306912145E1,3.709284629E0,2.436706908E2,2.858187156E0,3.000000000E0
1.315402602E2,2.618422079E1,9.169719671E1,5.332561821E1,3.909791437E0,2.404658197E2,2.815277797E0,3.000000000E0
1.325402831E2,2.618420368E1,9.169716250E1,5.318467253E1,3.870748300E0,2.403968220E2,2.774513893E0,3.000000000E0
1.335403047E2,2.618418819E1,9.169712978E1,5.283308786E1,3.661409301E0,2.422163916E2,2.735788202E0,3.000000000E0
1.345359987E2,2.618417014E1,9.169709304E1,5.306687285E1,3.855181309E0,2.423797781E2,2.698998777E0,3.000000000E0
1.355359561E2,2.618415018E1,9.169705438E1,5.346673220E1,4.131460849E0,2.423367056E2,2.664048858E0,3.000000000E0
1.365359784E2,2.618413604E1,9.169701953E1,5.362039272E1,3.910051371E0,2.459877237E2,2.630846416E0,3.000000000E0
1.375359923E2,2.618412053E1,9.169698599E1,5.370141218E1,3.763290916E0,2.438814250E2,2.599304104E0,3.000000000E0
1.385360060E2,2.618410591E1,9.169695137E1,5.358404020E1,3.775180728E0,2.453011362E2,2.569338890E0,3.000000000E0
1.395360926E2,2.618408904E1,9.169691729E1,5.330204841E1,3.784873738E0,2.439024028E2,2.540871942E0,3.000000000E0
1.405361241E2,2.618407503E1,9.169688513E1,5.340966209E1,3.610138728E0,2.439476148E2,2.513828341E0,3.000000000E0
1.415361561E2,2.618405972E1,9.169685150E1,5.334948854E1,3.709170967E0,2.430824972E2,2.488136925E0,3.000000000E0
1.425362500E2,2.618404308E1,9.169681877E1,5.384551818E1,3.785836449E0,2.414120587E2,2.463730083E0,3.000000000E0
1.435362823E2,2.618402801E1,9.169678433E1,5.352494923E1,3.776914376E0,2.433394151E2,2.440543570E0,3.000000000E0
1.445363165E2,2.618401621E1,9.169674830E1,5.342273946E1,3.751472440E0,2.482129417E2,2.418516392E0,3.000000000E0
1.455364095E2,2.618400314E1,9.169671439E1,5.342257060E1,3.666928586E0,2.471318791E2,2.397590568E0,3.000000000E0
1.465364373E2,2.618398917E1,9.169668223E1,5.330000387E1,3.560390168E0,2.448855114E2,2.377711034E0,3.000000000E0
1.475364660E2,2.618396990E1,9.169664647E1,5.308890717E1,3.825970117E0,2.413876117E2,2.358825480E0,3.000000000E0
1.485365547E2,2.618395214E1,9.169661083E1,5.307805785E1,3.871786675E0,2.407165023E2,2.340884208E0,3.000000000E0
1.495366424E2,2.618393770E1,9.169657688E1,5.303984536E1,3.757991377E0,2.432269646E2,2.323839986E0,3.000000000E0
1.505367254E2,2.618392267E1,9.169654041E1,5.317625280E1,3.844782476E0,2.448203889E2,2.307647985E0,3.000000000E0
1.515368063E2,2.618390783E1,9.169650389E1,5.336110492E1,3.937530406E0,2.450871170E2,2.292265590E0,3.000000000E0
1.525368822E2,2.618389305E1,9.169646890E1,5.322198874E1,3.880101002E0,2.450699396E2,2.277652315E0,3.000000000E0
1.535369565E2,2.618387911E1,9.169643364E1,5.330744663E1,3.805920188E0,2.461756933E2,2.263769699E0,3.000000000E0
1.545370287E2,2.618386576E1,9.169639816E1,5.339316621E1,3.794838732E0,2.470845118E2,2.250581220E0,3.000000000E0
1.555370976E2,2.618385140E1,9.169636230E1,5.345339238E1,3.851471080E0,2.464412488E2,2.238052161E0,3.000000000E0
1.565371637E2,2.618383999E1,9.169632679E1,5.340699919E1,3.763576698E0,2.484251997E2,2.226149555E0,3.000000000E0
1.575372279E2,2.618382775E1,9.169629069E1,5.323909745E1,3.743742654E0,2.496924344E2,2.214842077E0,3.000000000E0
1.585372900E2,2.618381856E1,9.169625426E1,5.299371651E1,3.723382068E0,2.539641076E2,2.204099972E0,3.000000000E0
1.595373495E2,2.618381059E1,9.169622079E1,5.324078607E1,3.567326616E0,2.554191280E2,2.193894971E0,3.000000000E0
1.605374078E2,2.618380252E1,9.169618697E1,5.291534216E1,3.484223932E0,2.550688748E2,2.184200221E0,3.000000000E0
1.615374638E2,2.618379520E1,9.169615230E1,5.297926231E1,3.447428545E0,2.563460929E2,2.174990213E0,3.000000000E0
1.625375184E2,2.618379013E1,9.169612335E1,5.309730373E1,3.039507361E0,2.583257065E2,2.166240707E0,3.000000000E0
1.635375723E2,2.618377441E1,9.169609773E1,5.248930391E1,2.862558806E0,2.477358239E2,2.157928659E0,3.000000000E0
1.645376235E2,2.618377272E1,9.169606143E1,5.258825603E1,3.163642050E0,2.592124399E2,2.150032237E0,3.000000000E0
1.655376743E2,2.618377098E1,9.169602740E1,5.256626777E1,3.220464706E0,2.650520338E2,2.142530611E0,3.000000000E0
1.665377234E2,2.618376350E1,9.169599062E1,5.246148983E1,3.497012443E0,2.619591432E2,2.135404086E0,3.000000000E0
1.675377718E2,2.618376300E1,9.169595403E1,5.273804427E1,3.523256797E0,2.659760181E2,2.128633882E0,3.000000000E0
1.685378183E2,2.618376389E1,9.169591905E1,5.287674340E1,3.478289630E0,2.698838716E2,2.122202183E0,3.000000000E0
1.695378637E2,2.618376274E1,9.169588371E1,5.308180020E1,3.435379731E0,2.695990560E2,2.116092072E0,3.000000000E0
1.705379082E2,2.618376206E1,9.169584980E1,5.310242958E1,3.349672996E0,2.694277864E2,2.110287479E0,3.000000000E0
1.715379530E2,2.618375946E1,9.169581556E1,5.325886341E1,3.360530164E0,2.671466287E2,2.104773096E0,3.000000000E0
1.725379953E2,2.618375640E1,9.169578152E1,5.328796595E1,3.325525533E0,2.659603003E2,2.099534441E0,3.000000000E0
1.735380378E2,2.618375678E1,9.169574756E1,5.336887944E1,3.316992424E0,2.691353209E2,2.094557720E0,3.000000000E0
1.745380789E2,2.618376096E1,9.169571218E1,5.350134671E1,3.446835642E0,2.733398552E2,2.089829833E0,3.000000000E0
1.755381203E2,2.618376679E1,9.169567879E1,5.362529824E1,3.430878195E0,2.768152203E2,2.085338342E0,3.000000000E0
1.765381601E2,2.618377640E1,9.169564718E1,5.354064733E1,3.365110919E0,2.830053178E2,2.081071423E0,3.000000000E0
1.775381988E2,2.618379135E1,9.169561821E1,5.358044514E1,3.309683404E0,2.915489106E2,2.077017853E0,3.000000000E0
1.785382378E2,2.618381176E1,9.169559408E1,5.343522775E1,3.193514718E0,3.026567795E2,2.073166960E0,3.000000000E0
1.795382762E2,2.618384084E1,9.169557529E1,5.350879994E1,3.305348722E0,3.157870955E2,2.069508611E0,3.000000000E0
1.805383145E2,2.618386831E1,9.169555991E1,5.378782373E1,3.308153751E0,3.246585594E2,2.066033184E0,3.000000000E0
1.815383513E2,2.618389525E1,9.169554939E1,5.385381057E1,3.173514017E0,3.318994081E2,2.062731527E0,3.000000000E0
1.825383892E2,2.618392169E1,9.169553961E1,5.411627462E1,3.046237021E0,3.366433986E2,2.059594951E0,3.000000000E0
1.835384254E2,2.618395264E1,9.169553485E1,5.433664596E1,3.084045189E0,3.434830853E2,2.056615205E0,3.000000000E0
1.845384614E2,2.618398119E1,9.169553033E1,5.449982111E1,3.045657743E0,3.471581318E2,2.053784446E0,3.000000000E0
1.855384965E2,2.618401029E1,9.169552714E1,5.465545025E1,3.049975904E0,3.500189324E2,2.051095226E0,3.000000000E0
1.865385318E2,2.618404004E1,9.169552213E1,5.464828162E1,3.089286881E0,3.496511218E2,2.048540468E0,3.000000000E0
1.875385667E2,2.618406370E1,9.169550891E1,5.438635592E1,2.975969379E0,3.410503765E2,2.046113441E0,3.000000000E0
1.885386022E2,2.618408057E1,9.169549112E1,5.436760461E1,2.692924495E0,3.300919139E2,2.043807767E0,3.000000000E0
1.895386368E2,2.618409881E1,9.169546716E1,5.426676115E1,2.809005505E0,3.189538747E2,2.041617375E0,3.000000000E0
1.905386707E2,2.618411180E1,9.169543906E1,5.400253931E1,2.964163825E0,3.087892757E2,2.039536505E0,3.000000000E0
1.915387039E2,2.618412643E1,9.169540632E1,5.391200464E1,3.400082927E0,3.028698684E2,2.037559676E0,3.000000000E0
1.925387379E2,2.618414159E1,9.169537599E1,5.400326128E1,3.473845975E0,3.012891899E2,2.035681690E0,3.000000000E0
1.935387713E2,2.618416000E1,9.169535000E1,5.375779533E1,3.418875338E0,3.051260582E2,2.033897606E0,3.000000000E0
1.945388049E2,2.618417812E1,9.169532125E1,5.366211921E1,3.437204490E0,3.044642567E2,2.032202725E0,3.000000000E0
1.955388376E2,2.618419274E1,9.169528863E1,5.359806547E1,3.500363236E0,3.001740194E2,2.030592586E0,3.000000000E0
1.965388709E2,2.618420942E1,9.169525717E1,5.363376144E1,3.539064148E0,3.011451630E2,2.029062955E0,3.000000000E0
1.975389041E2,2.618422696E1,9.169522709E1,5.375091642E1,3.552654339E0,3.028146413E2,2.027609813E0,3.000000000E0
1.985389355E2,2.618424702E1,9.169519655E1,5.360690192E1,3.700323649E0,3.043022548E2,2.026229330E0,3.000000000E0
1.995389680E2,2.618426629E1,9.169516677E1,5.377167105E1,3.675089493E0,3.038406148E2,2.024917855E0,3.000000000E0
2.005390003E2,2.618428518E1,9.169513392E1,5.372691594E1,3.819806782E0,3.026678875E2,2.023671963E0,3.000000000E0
2.015390325E2,2.618430272E1,9.169510516E1,5.377404076E1,3.590485039E0,3.031434828E2,2.022488363E0,3.000000000E0
2.025390645E2,2.618432171E1,9.169507433E1,5.379985295E1,3.623198409E0,3.030285287E2,2.021363943E0,3.000000000E0
2.035390959E2,2.618434031E1,9.169504411E1,5.375458358E1,3.622173735E0,3.031790993E2,2.020295746E0,3.000000000E0
2.045391279E2,2.618435886E1,9.169501305E1,5.385518902E1,3.635553896E0,3.036237010E2,2.019280958E0,3.000000000E0
2.055391597E2,2.618437680E1,9.169498127E1,5.382403424E1,3.755253355E0,3.021612634E2,2.018316909E0,3.000000000E0
2.065391915E2,2.618439162E1,9.169494746E1,5.366522905E1,3.803748815E0,2.988842083E2,2.017401062E0,3.000000000E0
2.075392221E2,2.618441029E1,9.169491648E1,5.371961720E1,3.801674579E0,3.013878630E2,2.016531010E0,3.000000000E0
2.085392543E2,2.618442774E1,9.169488303E1,5.352107020E1,3.843922049E0,3.003348724E2,2.015704464E0,3.000000000E0
2.095392851E2,2.618444015E1,9.169485230E1,5.350451133E1,3.649889868E0,2.978738817E2,2.014919237E0,3.000000000E0
2.105393164E2,2.618444975E1,9.169481539E1,5.354404898E1,3.702555721E0,2.925402708E2,2.014173273E0,3.000000000E0
2.115393472E2,2.618445762E1,9.169477800E1,5.345466998E1,3.682061411E0,2.882951457E2,2.013464609E0,3.000000000E0
2.125393785E2,2.618446332E1,9.169473868E1,5.360199004E1,3.756738273E0,2.840647146E2,2.012791379E0,3.000000000E0
2.135394094E2,2.618447135E1,9.169470061E1,5.369302245E1,3.819833049E0,2.836207023E2,2.012151811E0,3.000000000E0
2.145394406E2,2.618447971E1,9.169466368E1,5.381925142E1,3.795863276E0,2.833932013E2,2.011544221E0,3.000000000E0
2.155394719E2,2.618448650E1,9.169462542E1,5.379081708E1,3.794921784E0,2.821970596E2,2.010967009E0,3.000000000E0
2.165395021E2,2.618449196E1,9.169458700E1,5.389348194E1,3.735314271E0,2.810268632E2,2.010418658E0,3.000000000E0
2.175395336E2,2.618449320E1,9.169454809E1,5.394667904E1,3.710330193E0,2.765120097E2,2.009897729E0,3.000000000E0
2.185395634E2,2.618449304E1,9.169450807E1,5.398573874E1,3.810452003E0,2.733230711E2,2.009402843E0,3.000000000E0
2.195395949E2,2.618449174E1,9.169446860E1,5.410098383E1,3.884696668E0,2.700280833E2,2.008932701E0,3.000000000E0
2.205396252E2,2.618449250E1,9.169442789E1,5.415662439E1,3.973589788E0,2.702692268E2,2.008486066E0,3.000000000E0
2.215396553E2,2.618449424E1,9.169438832E1,5.419278356E1,3.946493830E0,2.708454226E2,2.008061761E0,3.000000000E0
2.225396868E2,2.618449310E1,9.169434932E1,5.432212139E1,3.882116792E0,2.691293622E2,2.007658674E0,3.000000000E0
2.235397172E2,2.618449048E1,9.169431052E1,5.447057898E1,3.867276967E0,2.672917867E2,2.007275740E0,3.000000000E0
2.245397477E2,2.618448915E1,9.169427312E1,5.449312410E1,3.711281705E0,2.667326786E2,2.006911954E0,3.000000000E0
2.255397788E2,2.618448682E1,9.169423406E1,5.463252465E1,3.731606620E0,2.668402118E2,2.006566355E0,3.000000000E0
2.265398093E2,2.618448391E1,9.169419765E1,5.468664231E1,3.650860877E0,2.654373628E2,2.006238036E0,3.000000000E0
2.275398388E2,2.618447944E1,9.169415958E1,5.466849153E1,3.710837134E0,2.637820327E2,2.005926135E0,3.000000000E0
2.285398693E2,2.618447358E1,9.169412093E1,5.478453174E1,3.795689718E0,2.619242606E2,2.005629827E0,3.000000000E0
2.295399003E2,2.618446740E1,9.169408208E1,5.484241471E1,3.879062147E0,2.608082971E2,2.005348338E0,3.000000000E0
2.305399311E2,2.618445999E1,9.169404098E1,5.496310533E1,4.117925583E0,2.594177146E2,2.005080924E0,3.000000000E0
2.315399612E2,2.618445174E1,9.169400189E1,5.509614877E1,4.129621613E0,2.576910330E2,2.004826881E0,3.000000000E0
2.325399914E2,2.618444197E1,9.169396501E1,5.522582180E1,4.023619065E0,2.558230688E2,2.004585537E0,3.000000000E0
2.335400220E2,2.618443444E1,9.169393029E1,5.521523429E1,3.762616887E0,2.559654902E2,2.004356258E0,3.000000000E0
2.345400516E2,2.618442639E1,9.169389487E1,5.510814672E1,3.590310409E0,2.563037802E2,2.004138446E0,3.000000000E0
2.355400822E2,2.618441787E1,9.169385651E1,5.510133070E1,3.685331934E0,2.564106358E2,2.003931524E0,3.000000000E0
2.365401123E2,2.618440987E1,9.169381609E1,5.488975504E1,3.857306399E0,2.569564018E2,2.003734944E0,3.000000000E0
2.375401424E2,2.618440168E1,9.169377787E1,5.473429374E1,3.951348153E0,2.570104549E2,2.003548195E0,3.000000000E0
2.385401731E2,2.618439453E1,9.169373969E1,5.461776238E1,3.990768876E0,2.574710006E2,2.003370785E0,3.000000000E0
2.395402035E2,2.618438983E1,9.169370157E1,5.452012945E1,3.973901613E0,2.599451950E2,2.003202244E0,3.000000000E0
2.405402341E2,2.618438381E1,9.169366164E1,5.453328811E1,3.920544449E0,2.603352196E2,2.003042134E0,3.000000000E0
2.415402637E2,2.618437806E1,9.169362376E1,5.467674037E1,3.752353364E0,2.599026864E2,2.002890024E0,3.000000000E0
2.425402939E2,2.618436830E1,9.169358704E1,5.486393678E1,3.667063888E0,2.574695646E2,2.002745523E0,3.000000000E0
2.435403247E2,2.618435927E1,9.169355170E1,5.493853887E1,3.618107205E0,2.565883627E2,2.002608251E0,3.000000000E0
2.445403540E2,2.618435122E1,9.169351076E1,5.484067888E1,3.816071681E0,2.575578567E2,2.002477837E0,3.000000000E0
2.455403845E2,2.618434353E1,9.169347370E1,5.486956024E1,3.813274576E0,2.573884616E2,2.014201912E0,3.000000000E0
2.465404146E2,2.618433600E1,9.169343861E1,5.501296612E1,3.694445108E0,2.573689445E2,2.013491815E0,3.000000000E0
2.475404449E2,2.618433111E1,9.169340085E1,5.502091174E1,3.750230113E0,2.593073471E2,2.012817224E0,3.000000000E0
2.485404755E2,2.618432655E1,9.169336190E1,5.494674981E1,3.915851148E0,2.606736374E2,2.012176362E0,3.000000000E0
2.495405051E2,2.618432433E1,9.169332439E1,5.496391652E1,3.903907579E0,2.635874531E2,2.011567544E0,3.000000000E0
2.505405357E2,2.618432468E1,9.169328848E1,5.497734280E1,3.826420304E0,2.673831865E2,2.010989164E0,3.000000000E0
2.515405662E2,2.618432507E1,9.169325354E1,5.481053084E1,3.636192005E0,2.691323633E2,2.010439702E0,3.000000000E0
2.525405961E2,2.618432681E1,9.169321797E1,5.457000512E1,3.473948624E0,2.701769722E2,2.009917718E0,3.000000000E0
2.535406264E2,2.618432911E1,9.169318208E1,5.436806035E1,3.371524831E0,2.721603562E2,2.010695781E0,3.000000000E0
2.545406564E2,2.618432973E1,9.169314181E1,5.433013183E1,3.487448666E0,2.711077708E2,2.010160991E0,3.000000000E0
2.555406862E2,2.618432963E1,9.169310332E1,5.426584363E1,3.443654695E0,2.702260735E2,2.009652937E0,3.000000000E0
2.565407164E2,2.618433288E1,9.169306649E1,5.416066968E1,3.347920408E0,2.732246761E2,2.009170286E0,3.000000000E0
2.575407470E2,2.618434026E1,9.169302983E1,5.414642395E1,3.356575350E0,2.775523369E2,2.008711767E0,3.000000000E0
2.585407780E2,2.618434684E1,9.169299342E1,5.449419865E1,3.318800332E0,2.787252969E2,2.008276177E0,3.000000000E0
2.595408077E2,2.618435321E1,9.169295591E1,5.461960462E1,3.435631955E0,2.796258412E2,2.007862367E0,3.000000000E0
2.605360416E2,2.618436211E1,9.169291882E1,5.463122960E1,3.559526539E0,2.825176934E2,2.007469249E0,3.000000000E0
2.615360087E2,2.618437135E1,9.169288078E1,5.457814792E1,3.740069870E0,2.836148077E2,2.007095784E0,3.000000000E0
2.625360391E2,2.618437582E1,9.169284068E1,5.453860695E1,3.913816142E0,2.799113261E2,2.006740994E0,3.000000000E0
2.635361006E2,2.618437378E1,9.169279969E1,5.459348434E1,4.014992115E0,2.725782334E2,2.006403945E0,3.000000000E0
2.645361551E2,2.618436744E1,9.169276060E1,5.457412162E1,4.073110138E0,2.668689971E2,2.006083744E0,3.000000000E0
2.655362724E2,2.618435705E1,9.169272334E1,5.470513332E1,4.016532710E0,2.582551728E2,2.011078686E0,3.000000000E0
2.665363318E2,2.618434395E1,9.169269175E1,5.452650575E1,3.708057128E0,2.523337405E2,2.010524755E0,3.000000000E0
2.675363855E2,2.618432964E1,9.169266276E1,5.463715213E1,3.479197943E0,2.475519979E2,2.009998514E0,3.000000000E0
2.685365034E2,2.618431360E1,9.169263430E1,5.468986327E1,3.336365582E0,2.425209436E2,2.009498591E0,3.000000000E0
2.695365516E2,2.618429324E1,9.169261379E1,5.471965518E1,3.058894880E0,2.322061313E2,2.009023662E0,3.000000000E0
2.705365949E2,2.618426976E1,9.169259582E1,5.448558864E1,2.896890861E0,2.234442894E2,2.008572475E0,3.000000000E0
2.715366982E2,2.618424550E1,9.169257488E1,5.425413355E1,2.945330795E0,2.205533657E2,2.008143845E0,3.000000000E0
2.725367355E2,2.618422038E1,9.169254992E1,5.449462918E1,3.158483677E0,2.210615394E2,2.007736655E0,3.000000000E0
2.735367711E2,2.618419583E1,9.169252735E1,5.460648388E1,3.258042353E0,2.207416446E2,2.007349821E0,3.000000000E0
2.745368708E2,2.618417015E1,9.169250108E1,5.468302771E1,3.504640203E0,2.218365786E2,2.006982328E0,3.000000000E0
2.755369600E2,2.618414860E1,9.169247515E1,5.472429920E1,3.564451130E0,2.250197092E2,2.006633213E0,3.000000000E0
2.765370448E2,2.618413242E1,9.169244622E1,5.463539860E1,3.558413328E0,2.314096442E2,2.006301553E0,3.000000000E0
2.775371264E2,2.618412181E1,9.169241598E1,5.470919858E1,3.431229691E0,2.396886009E2,2.005986478E0,3.000000000E0
2.785372056E2,2.618411115E1,9.169238197E1,5.496829698E1,3.429737372E0,2.457730652E2,2.005687164E0,3.000000000E0
2.795372815E2,2.618410500E1,9.169234610E1,5.487574183E1,3.461728520E0,2.535914206E2,2.005402804E0,3.000000000E0
2.805373546E2,2.618410066E1,9.169230879E1,5.454589119E1,3.457999749E0,2.576628800E2,2.017433544E0,3.000000000E0
2.815374248E2,2.618410007E1,9.169227499E1,5.449370080E1,3.333781607E0,2.622579868E2,2.016561862E0,3.000000000E0
2.825374917E2,2.618409701E1,9.169223819E1,5.442593526E1,3.431339610E0,2.638695404E2,2.015733767E0,3.000000000E0
2.835375578E2,2.618409184E1,9.169220145E1,5.439288293E1,3.456426387E0,2.633085398E2,2.014947074E0,3.000000000E0
2.845376202E2,2.618408777E1,9.169216300E1,5.441740289E1,3.598961117E0,2.633899379E2,2.014199719E0,3.000000000E0
2.855376812E2,2.618408224E1,9.169212684E1,5.451264735E1,3.651834253E0,2.627585690E2,2.018494362E0,3.000000000E0
2.865377411E2,2.618407235E1,9.169208976E1,5.467790977E1,3.666152669E0,2.579587912E2,2.017569644E0,3.000000000E0
2.875377983E2,2.618405213E1,9.169205540E1,5.467090127E1,3.775341842E0,2.465069224E2,2.045753738E0,3.000000000E0
2.885378538E2,2.618403248E1,9.169202290E1,5.483124070E1,3.835795897E0,2.417763041E2,2.043466048E0,3.000000000E0
2.895379077E2,2.618401542E1,9.169199212E1,5.491843831E1,3.751152028E0,2.400890151E2,2.041292743E0,3.000000000E0
2.905379608E2,2.618399905E1,9.169196180E1,5.474591937E1,3.585902401E0,2.394887720E2,2.039228104E0,3.000000000E0
2.915380119E2,2.618398568E1,9.169192981E1,5.477827846E1,3.428642498E0,2.426651923E2,2.037266699E0,3.000000000E0
2.925380615E2,2.618397534E1,9.169189455E1,5.457466934E1,3.470372413E0,2.476966869E2,2.035403362E0,3.000000000E0
2.935381104E2,2.618396846E1,9.169185877E1,5.443458897E1,3.543089490E0,2.523929413E2,2.033633192E0,3.000000000E0
2.945381573E2,2.618396282E1,9.169182158E1,5.451003374E1,3.621240400E0,2.562530415E2,2.031951530E0,3.000000000E0
2.955382036E2,2.618395782E1,9.169178523E1,5.447643777E1,3.674484712E0,2.591692954E2,2.030353954E0,3.000000000E0
2.965382495E2,2.618395597E1,9.169174861E1,5.455794001E1,3.706943870E0,2.635265427E2,2.028836258E0,3.000000000E0
2.975382931E2,2.618395685E1,9.169171344E1,5.455657997E1,3.637179407E0,2.674287088E2,2.027394449E0,3.000000000E0
2.985383368E2,2.618395731E1,9.169167724E1,5.448372379E1,3.613640590E0,2.689082105E2,2.026024729E0,3.000000000E0
2.995383803E2,2.618395692E1,9.169163913E1,5.458132117E1,3.618393218E0,2.687879434E2,2.024723491E0,3.000000000E0
3.005384214E2,2.618395395E1,9.169160263E1,5.447065534E1,3.567792971E0,2.679572934E2,2.023487316E0,3.000000000E0
3.015384625E2,2.618395370E1,9.169156786E1,5.458641429E1,3.462209791E0,2.688811013E2,2.022312950E0,3.000000000E0
3.025385031E2,2.618395546E1,9.169153226E1,5.448815023E1,3.452796080E0,2.704017698E2,2.021197302E0,3.000000000E0
3.035385427E2,2.618395572E1,9.169149523E1,5.452164024E1,3.495749017E0,2.702064877E2,2.020137434E0,3.000000000E0
3.045385821E2,2.618395248E1,9.169145860E1,5.442658120E1,3.530137802E0,2.676470484E2,2.019130560E0,3.000000000E0
3.055386208E2,2.618395050E1,9.169142249E1,5.445208262E1,3.522223890E0,2.669231246E2,2.018174032E0,3.000000000E0
3.065386589E2,2.618395231E1,9.169138588E1,5.446012792E1,3.513782122E0,2.696235680E2,2.017265329E0,3.000000000E0
3.075386966E2,2.618395685E1,9.169134954E1,5.443124178E1,3.524177805E0,2.726820973E2,2.016402060E0,3.000000000E0
3.085387330E2,2.618395826E1,9.169131286E1,5.445288761E1,3.561987205E0,2.728762849E2,2.015581954E0,3.000000000E0
3.095387706E2,2.618396246E1,9.169127749E1,5.435908762E1,3.547809236E0,2.747832433E2,2.014802851E0,3.000000000E0
3.105388069E2,2.618396872E1,9.169124181E1,5.424484052E1,3.611355746E0,2.775090281E2,2.014062706E0,3.000000000E0
3.115388422E2,2.618397692E1,9.169120792E1,5.417558697E1,3.583350856E0,2.804920913E2,2.013359571E0,3.000000000E0
3.125388777E2,2.618398425E1,9.169117198E1,5.431131028E1,3.583844043E0,2.816107494E2,2.012691591E0,3.000000000E0
3.135389132E2,2.618398995E1,9.169113718E1,5.436219400E1,3.488940189E0,2.814550200E2,2.012057013E0,3.000000000E0
3.145389481E2,2.618399817E1,9.169110157E1,5.451701850E1,3.517138376E0,2.835135164E2,2.011454167E0,3.000000000E0
3.155389824E2,2.618401158E1,9.169106906E1,5.474580729E1,3.531393361E0,2.899636555E2,2.010881462E0,3.000000000E0
3.165390172E2,2.618402741E1,9.169103760E1,5.470884377E1,3.570933462E0,2.953715048E2,2.010337391E0,3.000000000E0
3.175390511E2,2.618404284E1,9.169100736E1,5.477187348E1,3.535943983E0,2.972745511E2,2.009820522E0,3.000000000E0
3.185390846E2,2.618406000E1,9.169097680E1,5.479444645E1,3.528362108E0,2.989146796E2,2.009329493E0,3.000000000E0
3.195391185E2,2.618407438E1,9.169094369E1,5.483695143E1,3.551107113E0,2.974699474E2,2.008863015E0,3.000000000E0
3.205391513E2,2.618408494E1,9.169091141E1,5.484350002E1,3.464817251E0,2.928398900E2,2.008419864E0,3.000000000E0
3.215391841E2,2.618408745E1,9.169087610E1,5.478680753E1,3.449099695E0,2.842333635E2,2.007998867E0,3.000000000E0
3.225392176E2,2.618408648E1,9.169084052E1,5.489174374E1,3.507958743E0,2.766822794E2,2.007598923E0,3.000000000E0
3.235392499E2,2.618408485E1,9.169080735E1,5.503196696E1,3.424626672E0,2.724520279E2,2.007218977E0,3.000000000E0
3.245392826E2,2.618408364E1,9.169077286E1,5.513845419E1,3.418304881E0,2.705061216E2,2.006858028E0,3.000000000E0
3.255393156E2,2.618408345E1,9.169073955E1,5.537688810E1,3.399367047E0,2.707490356E2,2.006515128E0,3.000000000E0
3.265393472E2,2.618408386E1,9.169070587E1,5.524206393E1,3.399709666E0,2.709109807E2,2.006189373E0,3.000000000E0
3.275393801E2,2.618408655E1,9.169066970E1,5.513540883E1,3.485151001E0,2.723459377E2,2.005879906E0,3.000000000E0
3.285394124E2,2.618408796E1,9.169063331E1,5.501772464E1,3.560941089E0,2.722264960E2,2.005585911E0,3.000000000E0
3.295394439E2,2.618409026E1,9.169059737E1,5.512845964E1,3.622477580E0,2.724873842E2,2.005306615E0,3.000000000E0
3.305394758E2,2.618409205E1,9.169056169E1,5.506147072E1,3.700642713E0,2.723049648E2,2.009513931E0,3.000000000E0
3.315395076E2,2.618409081E1,9.169052351E1,5.525413025E1,3.817392366E0,2.700687045E2,2.009038233E0,3.000000000E0
3.325395396E2,2.618409001E1,9.169048644E1,5.528255343E1,3.723604580E0,2.694140950E2,2.008586321E0,3.000000000E0
3.335395709E2,2.618409055E1,9.169045007E1,5.525993443E1,3.598102790E0,2.695710990E2,2.008157001E0,3.000000000E0
3.345396017E2,2.618408854E1,9.169041003E1,5.529250993E1,3.731408410E0,2.687113868E2,2.007749146E0,3.000000000E0
3.355396339E2,2.618408583E1,9.169036980E1,5.534995144E1,3.809771526E0,2.681117520E2,2.007361686E0,3.000000000E0
3.365396644E2,2.618408298E1,9.169033032E1,5.517711789E1,3.843950230E0,2.672702011E2,2.006993599E0,3.000000000E0
3.375396955E2,2.618408373E1,9.169028803E1,5.497194332E1,4.019834814E0,2.684986209E2,2.006643915E0,3.000000000E0
3.385397271E2,2.618408395E1,9.169024798E1,5.503607453E1,4.019898042E0,2.689907077E2,2.006311718E0,3.000000000E0
3.395397540E2,2.618408337E1,9.169020719E1,5.507039824E1,4.005341482E0,2.693767946E2,2.005996128E0,3.000000000E0
3.405397811E2,2.618408345E1,9.169016860E1,5.488875253E1,3.922895072E0,2.694896442E2,2.005696323E0,3.000000000E0
3.415398080E2,2.618408517E1,9.169013070E1,5.450551867E1,3.897913231E0,2.703340059E2,2.005411504E0,3.000000000E0
3.425398338E2,2.618408839E1,9.169009047E1,5.463467537E1,3.900370934E0,2.732108227E2,2.005140928E0,3.000000000E0
3.435398602E2,2.618409458E1,9.169005205E1,5.456350331E1,3.867657492E0,2.765184491E2,2.004883888E0,3.000000000E0
3.445398865E2,2.618410080E1,9.169001451E1,5.459834514E1,3.824768247E0,2.779751199E2,2.004639685E0,3.000000000E0
3.455399138E2,2.618411112E1,9.168997850E1,5.446297671E1,3.751422974E0,2.830978687E2,2.004407701E0,3.000000000E0
3.465399399E2,2.618412536E1,9.168994440E1,5.436164538E1,3.676447693E0,2.896206684E2,2.004187323E0,3.000000000E0
3.475399671E2,2.618414716E1,9.168991579E1,5.455990180E1,3.582118050E0,3.006334146E2,2.003977969E0,3.000000000E0
3.485399941E2,2.618417798E1,9.168989899E1,5.489008253E1,3.512976613E0,3.184835144E2,2.003779085E0,3.000000000E0
3.495400217E2,2.618421274E1,9.168989167E1,5.469119525E1,3.589879532E0,3.351002912E2,2.003590147E0,3.000000000E0
3.505400499E2,2.618424858E1,9.168988834E1,5.489799532E1,3.787458682E0,3.456510788E2,2.003410643E0,3.000000000E0
3.515400780E2,2.618428185E1,9.168988837E1,5.503988615E1,3.681555984E0,3.534914518E2,2.003240115E0,3.000000000E0
3.525401052E2,2.618431914E1,9.168988958E1,5.497038540E1,3.935984758E0,3.579752153E2,2.003078112E0,3.000000000E0
3.535401332E2,2.618435270E1,9.168989024E1,5.470421062E1,3.885975875E0,3.598061966E2,2.002924207E0,3.000000000E0
3.545401614E2,2.618438662E1,9.168989140E1,5.509754347E1,3.845494331E0,1.298257439E0,2.002777998E0,3.000000000E0
3.555401896E2,2.618442141E1,9.168988966E1,5.522828560E1,3.800285894E0,3.596266426E2,2.002639098E0,3.000000000E0
3.565402184E2,2.618445514E1,9.168988954E1,5.523691718E1,3.811766046E0,4.087240740E-2,2.002507147E0,3.000000000E0
3.575402466E2,2.618448863E1,9.168988840E1,5.563333729E1,3.802980929E0,3.598757682E2,2.002381793E0,3.000000000E0
3.585402761E2,2.618452220E1,9.168988855E1,5.585748315E1,3.808719196E0,3.599984924E2,2.002262708E0,3.000000000E0
3.595403045E2,2.618455416E1,9.168988894E1,5.614225897E1,3.735239798E0,3.168191621E-1,2.002149574E0,3.000000000E0
3.605403330E2,2.618458587E1,9.168988911E1,5.653882584E1,3.653952330E0,3.182410247E-1,2.002042098E0,3.000000000E0
3.615403620E2,2.618461791E1,9.168988740E1,5.678017528E1,3.586142053E0,3.580809086E2,2.003897508E0,3.000000000E0
3.625403910E2,2.618465152E1,9.168988480E1,5.674896968E1,3.560620979E0,3.570733754E2,2.003702635E0,3.000000000E0
3.635404198E2,2.618468516E1,9.168988909E1,5.650388460E1,3.642344319E0,1.854628331E0,2.012937532E0,3.000000000E0
3.645404491E2,2.618471921E1,9.168988917E1,5.644864162E1,3.749395323E0,1.732332565E0,2.012290657E0,3.000000000E0
3.655404781E2,2.618475366E1,9.168988999E1,5.627739709E1,3.828426462E0,1.627519840E0,2.012966041E0,3.000000000E0
3.665405083E2,2.618478586E1,9.168989071E1,5.590046143E1,3.706607536E0,1.682894984E0,2.012317738E0,3.000000000E0
3.675405372E2,2.618481881E1,9.168989211E1,5.584330638E1,3.731299655E0,1.764551488E0,2.011701853E0,3.000000000E0
3.685405663E2,2.618485254E1,9.168989142E1,5.569739114E1,3.741301739E0,3.676314995E-1,2.011116765E0,3.000000000E0
3.695405962E2,2.618488425E1,9.168988988E1,5.551158863E1,3.624965112E0,3.592403189E2,2.010560931E0,3.000000000E0
3.705406253E2,2.618491574E1,9.168988888E1,5.560843888E1,3.576534893E0,3.590351293E2,2.010032887E0,3.000000000E0
3.715406548E2,2.618494718E1,9.168989050E1,5.561543519E1,3.526688450E0,4.621575528E-1,2.009531243E0,3.000000000E0
3.725406845E2,2.618497733E1,9.168989213E1,5.585276029E1,3.479452134E0,1.646403160E0,2.009531248E0,3.000000000E0
3.735407141E2,2.618500801E1,9.168989405E1,5.600205662E1,3.462714548E0,2.234041030E0,2.008533571E0,3.000000000E0
3.745407439E2,2.618503905E1,9.168989469E1,5.622029205E1,3.469522337E0,1.490056980E0,2.007757787E0,3.000000000E0
3.755407733E2,2.618507155E1,9.168989328E1,5.639192749E1,3.525577528E0,3.596455424E2,2.007111307E0,3.000000000E0
3.765408032E2,2.618510100E1,9.168989151E1,5.653234115E1,3.315503941E0,3.583578347E2,2.006564284E0,3.000000000E0
3.775408330E2,2.618512979E1,9.168989314E1,5.674771495E1,3.205368207E0,4.464726460E-1,2.006095404E0,3.000000000E0
3.785408617E2,2.618515852E1,9.168989456E1,5.688701615E1,3.173661604E0,1.338694997E0,2.005689043E0,3.000000000E0
3.795408913E2,2.618518779E1,9.168989416E1,5.710070025E1,3.138244589E0,5.609835057E-1,2.052939993E0,3.000000000E0
3.805409211E2,2.618521369E1,9.168989311E1,5.741764068E1,2.974652915E0,3.592173878E2,2.049825876E0,3.000000000E0
3.815409517E2,2.618523877E1,9.168989146E1,5.754833112E1,2.814792701E0,3.583407423E2,2.047057773E0,3.000000000E0
3.825409817E2,2.618526291E1,9.168989100E1,5.770604916E1,2.730366044E0,3.585261044E2,2.044581044E0,3.000000000E0
3.835410110E2,2.618528551E1,9.168989283E1,5.795015464E1,2.602265324E0,3.076992244E-1,2.042351989E0,3.000000000E0
3.845410409E2,2.618530970E1,9.168989498E1,5.805395999E1,2.653570594E0,1.006750692E0,2.040234390E0,3.000000000E0
3.855410709E2,2.618533584E1,9.168989464E1,5.803457240E1,2.730771953E0,3.599724880E2,2.038222673E0,3.000000000E0
3.864668539E2,2.618577159E1,9.168989297E1,5.805516021E1,2.847364962E0,3.590970409E2,2.045079138E0,3.000000000E0
3.867681613E2,2.618584378E1,9.168989451E1,5.831262546E1,2.733780198E0,2.566093893E0,2.038649726E0,3.000000000E0
3.877682297E2,2.618586666E1,9.168989695E1,5.825993173E1,2.618807573E0,3.382807524E0,2.036717239E0,3.000000000E0
3.887682953E2,2.618588913E1,9.168989594E1,5.808393922E1,2.533650967E0,1.414452559E0,2.034881380E0,3.000000000E0
3.897683588E2,2.618591304E1,9.168989478E1,5.791496134E1,2.593233959E0,6.258078295E-1,2.033137314E0,3.000000000E0
3.907684205E2,2.618593816E1,9.168989477E1,5.793707227E1,2.736204180E0,7.259500396E-1,2.031480450E0,3.000000000E0
3.917684796E2,2.618596523E1,9.168989284E1,5.758038738E1,2.877545049E0,3.395356195E-1,2.029906426E0,3.000000000E0
3.927685377E2,2.618599421E1,9.168989052E1,5.731888014E1,3.061431104E0,3.597831317E2,2.028411106E0,3.000000000E0
3.937685937E2,2.618602423E1,9.168989023E1,5.742073849E1,3.229630424E0,3.599325301E2,2.026990554E0,3.000000000E0
3.947686484E2,2.618605426E1,9.168989407E1,5.737880186E1,3.306833715E0,2.950390610E0,2.025641027E0,3.000000000E0
3.957687005E2,2.618608434E1,9.168990649E1,5.745328874E1,3.330292459E0,1.238123278E1,2.024358976E0,3.000000000E0
3.967687525E2,2.618611284E1,9.168992067E1,5.758069305E1,3.332445999E0,2.057540637E1,2.023141030E0,3.000000000E0
3.977688021E2,2.618613791E1,9.168994328E1,5.725720054E1,3.350428300E0,3.062675800E1,2.021983984E0,3.000000000E0
3.987688512E2,2.618615972E1,9.168997224E1,5.699584209E1,3.406014241E0,4.141552815E1,2.020884787E0,3.000000000E0
3.997688984E2,2.618617968E1,9.168999881E1,5.709705305E1,3.437764753E0,4.609460002E1,2.019840542E0,3.000000000E0
4.007689450E2,2.618619978E1,9.169002802E1,5.695878678E1,3.501709910E0,4.952012195E1,2.018848516E0,3.000000000E0
4.017689914E2,2.618621480E1,9.169005790E1,5.670009710E1,3.352604901E0,5.529288907E1,2.017906091E0,3.000000000E0
4.027690355E2,2.618622240E1,9.169009399E1,5.648875370E1,3.377496515E0,6.736709551E1,2.017010781E0,3.000000000E0
4.037690791E2,2.618622579E1,9.169013271E1,5.651570414E1,3.572424671E0,7.726235441E1,2.016160242E0,3.000000000E0
4.047691223E2,2.618622168E1,9.169016805E1,5.644363556E1,3.536243197E0,8.886074971E1,2.015352228E0,3.000000000E0
4.057691640E2,2.618621722E1,9.169020437E1,5.638879029E1,3.558350027E0,9.330419818E1,2.014584618E0,3.000000000E0
4.067692054E2,2.618621427E1,9.169023731E1,5.649928039E1,3.422987053E0,9.422863667E1,2.013855385E0,3.000000000E0
4.077692460E2,2.618621365E1,9.169026963E1,5.631133240E1,3.283060437E0,9.280500598E1,2.013162616E0,3.000000000E0
4.087692857E2,2.618621522E1,9.169030304E1,5.621082453E1,3.252131329E0,9.029748301E1,2.012504487E0,3.000000000E0
4.097693253E2,2.618621976E1,9.169033663E1,5.619607875E1,3.260524725E0,8.598644204E1,2.011879265E0,3.000000000E0
4.107693637E2,2.618622578E1,9.169037034E1,5.614490665E1,3.329669843E0,8.292431690E1,2.011285303E0,3.000000000E0
4.117694023E2,2.618622912E1,9.169040444E1,5.610102623E1,3.418099947E0,8.379654577E1,2.010721039E0,3.000000000E0
4.127694406E2,2.618622755E1,9.169043702E1,5.601249912E1,3.367474880E0,8.797602873E1,2.035858457E0,3.000000000E0
4.137694771E2,2.618622448E1,9.169046555E1,5.608592702E1,3.121260446E0,9.100363549E1,2.045951529E0,3.000000000E0
4.147695145E2,2.618622002E1,9.169049461E1,5.572538605E1,3.005491135E0,9.354969614E1,2.048424375E0,3.000000000E0
4.157695501E2,2.618622289E1,9.169052645E1,5.594741918E1,3.000241658E0,9.176288444E1,2.066902350E0,3.000000000E0
4.167695851E2,2.618622344E1,9.169055758E1,5.589954584E1,3.007408358E0,9.014390606E1,2.071160786E0,3.000000000E0
4.177696190E2,2.618622131E1,9.169059360E1,5.632930862E1,3.178254196E0,9.039741575E1,2.067602750E0,3.000000000E0
4.187696517E2,2.618621380E1,9.169061848E1,5.639003190E1,2.901271075E0,9.420824523E1,2.091173443E0,3.000000000E0
4.197696854E2,2.618621197E1,9.169065122E1,5.656075272E1,3.053451206E0,9.322661484E1,2.098266272E0,3.000000000E0
4.207697179E2,2.618620666E1,9.169068157E1,5.688660993E1,2.989264158E0,9.570011649E1,2.120477565E0,3.000000000E0
4.217697504E2,2.618620154E1,9.169071384E1,5.727385748E1,3.060875311E0,9.737544016E1,2.130234963E0,3.000000000E0
4.227697837E2,2.618619734E1,9.169074334E1,5.761529022E1,2.953884346E0,9.731139983E1,2.123723213E0,3.000000000E0
4.237698161E2,2.618619335E1,9.169077161E1,5.783614648E1,2.962340170E0,9.762317002E1,2.117537047E0,3.000000000E0
4.247698478E2,2.618619401E1,9.169080237E1,5.798371374E1,3.045714450E0,9.272835611E1,2.111660192E0,3.000000000E0
4.257698805E2,2.618619474E1,9.169083256E1,5.830171013E1,3.091291767E0,9.109149183E1,2.106077181E0,3.000000000E0
4.267699122E2,2.618619628E1,9.169086541E1,5.848104778E1,3.083829322E0,8.975609469E1,2.100773318E0,3.000000000E0
4.277699444E2,2.618619565E1,9.169089931E1,5.889973748E1,2.993308388E0,9.057366445E1,2.095734646E0,3.000000000E0
4.287699761E2,2.618620015E1,9.169093350E1,5.869946513E1,3.022753852E0,8.667361128E1,2.104067965E0,3.000000000E0
4.297700072E2,2.618620418E1,9.169096869E1,5.858070635E1,3.188166782E0,8.514584479E1,2.098864562E0,3.000000000E0
4.307700394E2,2.618620426E1,9.169100616E1,5.865894884E1,3.371670315E0,8.794225123E1,2.103123922E0,3.000000000E0
4.317700706E2,2.618620327E1,9.169104342E1,5.817370713E1,3.516249812E0,8.992663499E1,2.097967720E0,3.000000000E0
4.327701024E2,2.618620238E1,9.169107648E1,5.788337045E1,3.271537281E0,9.125664935E1,2.093069340E0,3.000000000E0
4.337701324E2,2.618620092E1,9.169110739E1,5.768599471E1,3.163907398E0,9.194600073E1,2.088415873E0,3.000000000E0
4.347701632E2,2.618619970E1,9.169113954E1,5.769613052E1,3.150740106E0,9.206575635E1,2.083995078E0,3.000000000E0
4.357701937E2,2.618619777E1,9.169117237E1,5.767283053E1,3.242463409E0,9.203211687E1,2.079795327E0,3.000000000E0
4.367702237E2,2.618619804E1,9.169120601E1,5.725978610E1,3.256356276E0,9.091818427E1,2.075805563E0,3.000000000E0
4.377702550E2,2.618620142E1,9.169123321E1,5.704788792E1,2.798625120E0,8.719267378E1,2.072015288E0,3.000000000E0
4.387702835E2,2.618620373E1,9.169125862E1,5.676658675E1,2.589378478E0,8.666581778E1,2.068414525E0,3.000000000E0
4.397703131E2,2.618620214E1,9.169128364E1,5.623855156E1,2.583854876E0,8.967618581E1,2.083864064E0,3.000000000E0
4.407703416E2,2.618620467E1,9.169131271E1,5.606644593E1,2.739853947E0,8.710872763E1,2.079670859E0,3.000000000E0
4.417703714E2,2.618621847E1,9.169134374E1,5.603264485E1,2.968984611E0,7.499538682E1,2.075687313E0,3.000000000E0
4.427704014E2,2.618624507E1,9.169137416E1,5.619578465E1,3.421241124E0,5.759168538E1,2.076138812E0,3.000000000E0
4.437704312E2,2.618627890E1,9.169139674E1,5.635030653E1,3.780139277E0,4.215025496E1,2.072331874E0,3.000000000E0
4.447704605E2,2.618630962E1,9.169142310E1,5.630634188E1,3.995040373E0,3.995829238E1,2.068715290E0,3.000000000E0
4.457704893E2,2.618633178E1,9.169145702E1,5.614889707E1,4.105572029E0,4.891499692E1,2.065279526E0,3.000000000E0
4.467705187E2,2.618634580E1,9.169150130E1,5.608572751E1,4.303370943E0,6.220718303E1,2.062015552E0,3.000000000E0
4.477705485E2,2.618634965E1,9.169154560E1,5.582459169E1,4.297985191E0,7.551607699E1,2.058914773E0,3.000000000E0
4.487705783E2,2.618634664E1,9.169158825E1,5.576558217E1,4.211247434E0,8.760598360E1,2.055969036E0,3.000000000E0
4.497706075E2,2.618633234E1,9.169162871E1,5.561767873E1,4.170615242E0,1.021791435E2,2.053170584E0,3.000000000E0
4.507706377E2,2.618630614E1,9.169166429E1,5.565884065E1,4.286430771E0,1.178443474E2,2.050512051E0,3.000000000E0
4.517706669E2,2.618627780E1,9.169168871E1,5.547711961E1,4.068307544E0,1.307184983E2,2.047986443E0,3.000000000E0
4.527706974E2,2.618625176E1,9.169170852E1,5.544388217E1,3.703860806E0,1.381268708E2,2.045587123E0,3.000000000E0
4.537707266E2,2.618623094E1,9.169173040E1,5.528520277E1,3.459445729E0,1.364396398E2,2.043307770E0,3.000000000E0
4.547707566E2,2.618621396E1,9.169175671E1,5.526975390E1,3.366212416E0,1.304609148E2,2.041142388E0,3.000000000E0
4.557707857E2,2.618620018E1,9.169178913E1,5.493646510E1,3.477719349E0,1.221654725E2,2.039085278E0,3.000000000E0
4.567708160E2,2.618620009E1,9.169181238E1,5.573965793E1,2.858864964E0,1.084734367E2,2.037131030E0,3.000000000E0
4.577708455E2,2.618619916E1,9.169185024E1,5.569479161E1,3.310832835E0,9.885700455E1,2.035274479E0,3.000000000E0
4.587708755E2,2.618620178E1,9.169188406E1,5.561159073E1,3.305340491E0,9.184433968E1,2.033510762E0,3.000000000E0
4.597709054E2,2.618620589E1,9.169191431E1,5.561406658E1,3.113471513E0,8.644096851E1,2.031835231E0,3.000000000E0
4.607709356E2,2.618621168E1,9.169195205E1,5.473290690E1,3.390151321E0,8.351401190E1,2.030243458E0,3.000000000E0
4.617709653E2,2.618621458E1,9.169199236E1,5.455837123E1,3.724247921E0,8.523888952E1,2.028731281E0,3.000000000E0
4.627709955E2,2.618621115E1,9.169202701E1,5.478135082E1,3.529142501E0,9.072448745E1,2.027294717E0,3.000000000E0
4.637710252E2,2.618621071E1,9.169206480E1,5.461904306E1,3.595196714E0,9.068371254E1,2.027930948E0,3.000000000E0
4.647710555E2,2.618621108E1,9.169210634E1,5.467814905E1,3.824043426E0,8.996620817E1,2.026534396E0,3.000000000E0
4.657710858E2,2.618620668E1,9.169214254E1,5.448820405E1,3.693341353E0,9.416204344E1,2.025207671E0,3.000000000E0
4.667711155E2,2.618619855E1,9.169217526E1,5.439164599E1,3.481338714E0,9.955189712E1,2.023947282E0,3.000000000E0
4.677711447E2,2.618619355E1,9.169220812E1,5.470297607E1,3.286868078E0,9.863114776E1,2.022749924E0,3.000000000E0
4.687711744E2,2.618619253E1,9.169223278E1,5.464074944E1,2.774795798E0,9.447919973E1,2.021612430E0,3.000000000E0
4.697712051E2,2.618619614E1,9.169225690E1,5.453600517E1,2.537747454E0,8.727504166E1,2.020531807E0,3.000000000E0
4.707712347E2,2.618619653E1,9.169228832E1,5.449398304E1,2.887790817E0,8.687614848E1,2.039666911E0,3.000000000E0
4.717712647E2,2.618619740E1,9.169232193E1,5.470502928E1,3.054521984E0,8.683852516E1,2.037683568E0,3.000000000E0
4.727712948E2,2.618620264E1,9.169235344E1,5.441124330E1,3.109941052E0,8.337068763E1,2.037252529E0,3.000000000E0
4.737713248E2,2.618620753E1,9.169239110E1,5.462299313E1,3.425257389E0,8.248174429E1,2.035389908E0,3.000000000E0
4.747713547E2,2.618620719E1,9.169242186E1,5.460958864E1,3.219413245E0,8.590087296E1,2.033620416E0,3.000000000E0
4.757713850E2,2.618620572E1,9.169245326E1,5.443886140E1,3.110508116E0,8.819917844E1,2.031939394E0,3.000000000E0
4.767714152E2,2.618620805E1,9.169248589E1,5.428786524E1,3.141479977E0,8.640759685E1,2.031939396E0,3.000000000E0
4.777714452E2,2.618620250E1,9.169251359E1,5.413474702E1,2.942090727E0,9.280555338E1,2.029975085E0,3.000000000E0
4.787714749E2,2.618619972E1,9.169254397E1,5.418680758E1,2.945422820E0,9.378125717E1,2.028211851E0,3.000000000E0
4.797715058E2,2.618619933E1,9.169257561E1,5.414364300E1,2.986235800E0,9.208538124E1,2.026644523E0,3.000000000E0
4.807715356E2,2.618619786E1,9.169260451E1,5.452198872E1,2.901333518E0,9.340314056E1,2.025242180E0,3.000000000E0
4.817715654E2,2.618619758E1,9.169263344E1,5.476413441E1,2.902522168E0,9.242283799E1,2.023980071E0,3.000000000E0
4.827715959E2,2.618620044E1,9.169265761E1,5.471152687E1,2.675847628E0,8.889303874E1,2.022781070E0,3.000000000E0
4.837716260E2,2.618620049E1,9.169268515E1,5.502388947E1,2.706801847E0,8.978072006E1,2.021642021E0,3.000000000E0
4.847716566E2,2.618620304E1,9.169271336E1,5.521028810E1,2.710162021E0,8.864139998E1,2.020559923E0,3.000000000E0
4.857716854E2,2.618620270E1,9.169273854E1,5.511027628E1,2.619104359E0,9.015925185E1,2.019531928E0,3.000000000E0
4.867717158E2,2.618620203E1,9.169276611E1,5.599536336E1,2.701635818E0,9.176493755E1,2.018555334E0,3.000000000E0
4.877717454E2,2.618620167E1,9.169279108E1,5.593156790E1,2.605625543E0,9.175173355E1,2.017627569E0,3.000000000E0
4.887717762E2,2.618620362E1,9.169281908E1,5.614792760E1,2.696883329E0,8.890565958E1,2.016746185E0,3.000000000E0
4.897718060E2,2.618621160E1,9.169284926E1,5.640784352E1,2.883053383E0,8.087318002E1,2.015908884E0,3.000000000E0
4.907718366E2,2.618622452E1,9.169287503E1,5.545802179E1,2.853787996E0,6.995699308E1,2.015113446E0,3.000000000E0
4.917718661E2,2.618624602E1,9.169288786E1,5.608504342E1,2.547993371E0,4.906135360E1,2.014357782E0,3.000000000E0
4.927718965E2,2.618627286E1,9.169289653E1,5.658687159E1,2.702707539E0,3.271271260E1,2.022801610E0,3.000000000E0
4.937719266E2,2.618630191E1,9.169290223E1,5.718816173E1,2.933203531E0,2.192922246E1,2.021661541E0,3.000000000E0
4.947671571E2,2.618632822E1,9.169291093E1,5.711513421E1,2.980391879E0,1.964010488E1,2.020578463E0,3.000000000E0
4.957671283E2,2.618635522E1,9.169292545E1,5.797705988E1,3.181607901E0,2.325722972E1,2.019549547E0,3.000000000E0
4.967672250E2,2.618637936E1,9.169293297E1,5.759995153E1,2.935447419E0,2.103362012E1,2.018572083E0,3.000000000E0
4.977672743E2,2.618640854E1,9.169293836E1,5.715940689E1,3.079882010E0,1.447416769E1,2.027700297E0,3.000000000E0
4.987673249E2,2.618643407E1,9.169294678E1,5.754575567E1,3.033742610E0,1.498704531E1,2.026315281E0,3.000000000E0
4.997674319E2,2.618646270E1,9.169295571E1,5.765599796E1,3.086980305E0,1.491310238E1,2.026066500E0,3.000000000E0
5.007674788E2,2.618649202E1,9.169296784E1,5.780083024E1,3.190118804E0,1.734312038E1,2.024763172E0,3.000000000E0
5.017675250E2,2.618652264E1,9.169297698E1,5.803423594E1,3.344309871E0,1.675352348E1,2.023525011E0,3.000000000E0
5.027676279E2,2.618655093E1,9.169298802E1,5.855858843E1,3.328266843E0,1.750716976E1,2.022348758E0,3.000000000E0
5.037676633E2,2.618658145E1,9.169299983E1,5.882237697E1,3.480156577E0,1.833709940E1,2.021231327E0,3.000000000E0
5.047676987E2,2.618660881E1,9.169301010E1,5.926673210E1,3.307113527E0,1.832298287E1,2.042156268E0,3.000000000E0
5.057677850E2,2.618663449E1,9.169301810E1,5.958259917E1,3.163027044E0,1.760024221E1,2.041829796E0,3.000000000E0
5.067678111E2,2.618666285E1,9.169301959E1,6.020737436E1,3.176852233E0,1.253680303E1,2.039738319E0,3.000000000E0
5.077678377E2,2.618669419E1,9.169301937E1,6.006450653E1,3.386887169E0,7.368555539E0,2.037751396E0,3.000000000E0
5.087679171E2,2.618672275E1,9.169301925E1,6.023638126E1,3.380484308E0,4.102556435E0,2.035863823E0,3.000000000E0
5.097679918E2,2.618675283E1,9.169301866E1,6.049249662E1,3.416896213E0,1.665696453E0,2.072093401E0,3.000000000E0
5.107680638E2,2.618678358E1,9.169301992E1,6.049206653E1,3.371487517E0,2.263836187E0,2.088617848E0,3.000000000E0
5.117681332E2,2.618681324E1,9.169301836E1,6.079225044E1,3.349373340E0,3.596503593E2,2.084186954E0,3.000000000E0
5.127682009E2,2.618684359E1,9.169301442E1,6.077843105E1,3.406185848E0,3.562842346E2,2.079977607E0,3.000000000E0
5.137682649E2,2.618687184E1,9.169300973E1,6.096418966E1,3.310026833E0,3.543266331E2,2.075978732E0,3.000000000E0
5.147683282E2,2.618690290E1,9.169300418E1,6.087191960E1,3.387251578E0,3.531987102E2,2.109971750E0,3.000000000E0
5.157683883E2,2.618693264E1,9.169299889E1,6.091244019E1,3.375975018E0,3.529279240E2,2.104473168E0,3.000000000E0
5.167684480E2,2.618696271E1,9.169298938E1,6.089842056E1,3.341204653E0,3.523040776E2,2.106160773E0,3.000000000E0
5.177685048E2,2.618699566E1,9.169298366E1,6.045306668E1,3.486916291E0,3.528026745E2,2.100852733E0,3.000000000E0
5.187685601E2,2.618702641E1,9.169297861E1,6.048304750E1,3.442114754E0,3.524712964E2,2.097390004E0,3.000000000E0
5.197686129E2,2.618705704E1,9.169297400E1,6.046612167E1,3.297029443E0,3.518352769E2,2.099020491E0,3.000000000E0
5.207686649E2,2.618708841E1,9.169296531E1,6.049939754E1,3.357192977E0,3.502597374E2,2.094069474E0,3.000000000E0
5.217687155E2,2.618711899E1,9.169295742E1,6.043496953E1,3.345123671E0,3.498677825E2,2.089366004E0,3.000000000E0
5.227687656E2,2.618714963E1,9.169295340E1,6.033909806E1,3.292872881E0,3.520695819E2,2.084897708E0,3.000000000E0
5.237688146E2,2.618718239E1,9.169295060E1,5.989287667E1,3.447643774E0,3.545095349E2,2.080652831E0,3.000000000E0
5.247688607E2,2.618721329E1,9.169294310E1,5.988876452E1,3.495547245E0,3.525134115E2,2.076620196E0,3.000000000E0
5.257689071E2,2.618724509E1,9.169293839E1,5.987130349E1,3.577170902E0,3.525272484E2,2.072789197E0,3.000000000E0
5.267689527E2,2.618727653E1,9.169293467E1,6.004370904E1,3.557581676E0,3.537361263E2,2.069149738E0,3.000000000E0
5.277689965E2,2.618730877E1,9.169293091E1,5.991806955E1,3.592028084E0,3.544874190E2,2.065692256E0,3.000000000E0
5.287690398E2,2.618733822E1,9.169292982E1,6.002019706E1,3.446114376E0,3.547582495E2,2.062407640E0,3.000000000E0
5.297690818E2,2.618736708E1,9.169292499E1,6.005349311E1,3.244982614E0,3.546547170E2,2.059287258E0,3.000000000E0
5.307691232E2,2.618739875E1,9.169292357E1,5.959707978E1,3.254087655E0,3.563006207E2,2.056322898E0,3.000000000E0
5.317691641E2,2.618742870E1,9.169292127E1,5.953393238E1,3.226325430E0,3.559882213E2,2.053506757E0,3.000000000E0
5.327692051E2,2.618745944E1,9.169292219E1,5.950305828E1,3.263093438E0,3.565413390E2,2.050831418E0,3.000000000E0
5.337692442E2,2.618749294E1,9.169292048E1,5.939047863E1,3.453654782E0,3.566743937E2,2.048289847E0,3.000000000E0
5.347692838E2,2.618752285E1,9.169291997E1,5.930597032E1,3.423985617E0,3.568581858E2,2.045875350E0,3.000000000E0
5.357693224E2,2.618755186E1,9.169291448E1,5.925506610E1,3.348357294E0,3.530926772E2,2.043581581E0,3.000000000E0
5.367693595E2,2.618758082E1,9.169291024E1,5.934421646E1,3.305465316E0,3.519169118E2,2.041402504E0,3.000000000E0
5.377693972E2,2.618761254E1,9.169290814E1,5.939900844E1,3.413887871E0,3.524545727E2,2.065015176E0,3.000000000E0
5.387694345E2,2.618764274E1,9.169290478E1,5.937261126E1,3.441862518E0,3.523638749E2,2.061764419E0,3.000000000E0
5.397694710E2,2.618767392E1,9.169290359E1,5.945979835E1,3.442837604E0,3.538421627E2,2.058676192E0,3.000000000E0
5.407695071E2,2.618770515E1,9.169289931E1,5.954578677E1,3.408230926E0,3.533913865E2,2.055742385E0,3.000000000E0
5.417695426E2,2.618773482E1,9.169289499E1,5.975682223E1,3.297339720E0,3.531342356E2,2.052955268E0,3.000000000E0
5.427695785E2,2.618776333E1,9.169289148E1,5.984963434E1,3.141055584E0,3.532400701E2,2.050307506E0,3.000000000E0
5.437696124E2,2.618779166E1,9.169288974E1,5.973336551E1,3.095364417E0,3.546545156E2,2.047792131E0,3.000000000E0
5.447696476E2,2.618782545E1,9.169288718E1,5.969062786E1,3.429056160E0,3.541616730E2,2.045402531E0,3.000000000E0
5.457696823E2,2.618785747E1,9.169288122E1,5.954770647E1,3.498325540E0,3.517439110E2,2.043132407E0,3.000000000E0
5.467697167E2,2.618788867E1,9.169287073E1,5.938093842E1,3.502059312E0,3.484280467E2,2.040975783E0,3.000000000E0
5.477697520E2,2.618792268E1,9.169286614E1,5.931642478E1,3.580557582E0,3.530215392E2,2.038926984E0,3.000000000E0
5.487697853E2,2.618795369E1,9.169286547E1,5.906511086E1,3.384685843E0,3.565339696E2,2.036980631E0,3.000000000E0
5.497698178E2,2.618798638E1,9.169285820E1,5.866305283E1,3.378305842E0,3.522219083E2,2.035131597E0,3.000000000E0
5.507698508E2,2.618801794E1,9.169284783E1,5.821445786E1,3.444345350E0,3.500204801E2,2.033375017E0,3.000000000E0
5.517698848E2,2.618805060E1,9.169283952E1,5.786875430E1,3.601298730E0,3.487491668E2,2.031706265E0,3.000000000E0
5.527699168E2,2.618808070E1,9.169283292E1,5.789678335E1,3.610957301E0,3.495521483E2,2.030120951E0,3.000000000E0
5.537699501E2,2.618810834E1,9.169282141E1,5.764105046E1,3.551843282E0,3.453731643E2,2.028614903E0,3.000000000E0
5.547699819E2,2.618813733E1,9.169280474E1,5.749950391E1,3.677352600E0,3.401880598E2,2.027184157E0,3.000000000E0
5.557700148E2,2.618816954E1,9.169278840E1,5.760909361E1,3.841055135E0,3.390748426E2,2.025824956E0,3.000000000E0
5.567700451E2,2.618820088E1,9.169277775E1,5.751896727E1,3.767743334E0,3.420235043E2,2.024533714E0,3.000000000E0
5.577700757E2,2.618823349E1,9.169276499E1,5.768469067E1,3.796112232E0,3.421061714E2,2.023307034E0,3.000000000E0
5.587701068E2,2.618826574E1,9.169275399E1,5.784333783E1,3.739806123E0,3.428816546E2,2.022141681E0,3.000000000E0
5.597701370E2,2.618829649E1,9.169274491E1,5.789351384E1,3.606748141E0,3.443983541E2,2.021034603E0,3.000000000E0
5.607701688E2,2.618832839E1,9.169273496E1,5.801043853E1,3.617011600E0,3.449785040E2,2.019982873E0,3.000000000E0
5.617701989E2,2.618836079E1,9.169273037E1,5.806283856E1,3.618556305E0,3.499966677E2,2.018983728E0,3.000000000E0
5.627702306E2,2.618839654E1,9.169273181E1,5.740749657E1,3.798344517E0,3.574342852E2,2.018034538E0,3.000000000E0
5.637702594E2,2.618843235E1,9.169273311E1,5.763166712E1,3.876157159E0,1.129779055E0,2.018034534E0,3.000000000E0
5.647702905E2,2.618846589E1,9.169274174E1,5.755813727E1,3.839767467E0,8.008232796E0,2.015042146E0,3.000000000E0
5.657703208E2,2.618849881E1,9.169275091E1,5.746800155E1,3.785424946E0,1.163530228E1,2.012893269E0,3.000000000E0
5.667703515E2,2.618853109E1,9.169276002E1,5.743861720E1,3.746546404E0,1.360148039E1,2.012893264E0,3.000000000E0
5.677703817E2,2.618856361E1,9.169277119E1,5.733366214E1,3.728519691E0,1.564857220E1,2.010238070E0,3.000000000E0
5.687704121E2,2.618859383E1,9.169278642E1,5.735119489E1,3.676979377E0,2.049157475E1,2.008531726E0,3.000000000E0
5.697704429E2,2.618862273E1,9.169280393E1,5.739256075E1,3.635194069E0,2.482142872E1,2.007312910E0,3.000000000E0
5.707704729E2,2.618865045E1,9.169282390E1,5.698812639E1,3.615084425E0,2.885860835E1,2.027022894E0,3.000000000E0
5.717705026E2,2.618868073E1,9.169284847E1,5.687581429E1,3.804021313E0,3.326983768E1,2.024020349E0,3.000000000E0
5.727705333E2,2.618870503E1,9.169287696E1,5.669503957E1,3.786496753E0,4.120381544E1,2.021618308E0,3.000000000E0
5.737705634E2,2.618872815E1,9.169290324E1,5.633192696E1,3.583218742E0,4.375298741E1,2.019653009E0,3.000000000E0
5.747705935E2,2.618875592E1,9.169292774E1,5.621243642E1,3.623256763E0,4.058844278E1,2.018015255E0,3.000000000E0
5.757706240E2,2.618878478E1,9.169294975E1,5.632375495E1,3.703111817E0,3.691980267E1,2.016629465E0,3.000000000E0
5.767706548E2,2.618880822E1,9.169297556E1,5.645891456E1,3.598161228E0,4.137861102E1,2.015441647E0,3.000000000E0
5.777706844E2,2.618883222E1,9.169300420E1,5.664799539E1,3.690403427E0,4.416182019E1,2.014412205E0,3.000000000E0
5.787707149E2,2.618885572E1,9.169302862E1,5.678382205E1,3.649395366E0,4.346863969E1,2.013511446E0,3.000000000E0
5.797707450E2,2.618887808E1,9.169305138E1,5.666201733E1,3.540755109E0,4.337337118E1,2.012716656E0,3.000000000E0
5.807707761E2,2.618890123E1,9.169308115E1,5.657074011E1,3.691004798E0,4.691268572E1,2.012010180E0,3.000000000E0
5.817708053E2,2.618891442E1,9.169311798E1,5.682432318E1,3.770345303E0,5.946555931E1,2.011378064E0,3.000000000E0
5.827708357E2,2.618891957E1,9.169315583E1,5.708985673E1,3.727637001E0,7.147389905E1,2.010809159E0,3.000000000E0
5.837708661E2,2.618892578E1,9.169319288E1,5.664385264E1,3.736664150E0,7.610867282E1,2.020400365E0,3.000000000E0
5.847708962E2,2.618893299E1,9.169323183E1,5.618479014E1,3.814492791E0,7.794900153E1,2.019380335E0,3.000000000E0
5.857709265E2,2.618893766E1,9.169327055E1,5.596853938E1,3.847099578E0,8.088088850E1,2.018411323E0,3.000000000E0
5.867709564E2,2.618893707E1,9.169330868E1,5.624661249E1,3.815106517E0,8.625626112E1,2.019252329E0,3.000000000E0
5.877709864E2,2.618893648E1,9.169334471E1,5.625060694E1,3.704757351E0,8.855467308E1,2.018289709E0,3.000000000E0
5.887710165E2,2.618893841E1,9.169337961E1,5.626025606E1,3.527816046E0,8.736205215E1,2.020535943E0,3.000000000E0
5.897710469E2,2.618894291E1,9.169341194E1,5.595502344E1,3.329507786E0,8.496345292E1,2.047123668E0,3.000000000E0
5.907710771E2,2.618894390E1,9.169344689E1,5.574696690E1,3.423334853E0,8.598824209E1,2.044767484E0,3.000000000E0
5.917711076E2,2.618895087E1,9.169348030E1,5.554307748E1,3.410781516E0,8.155151840E1,2.042529107E0,3.000000000E0
5.927711373E2,2.618896498E1,9.169351114E1,5.578512465E1,3.399998891E0,7.204912940E1,2.040402654E0,3.000000000E0
5.937711678E2,2.618898126E1,9.169354222E1,5.586132789E1,3.427830985E0,6.578901384E1,2.053099684E0,3.000000000E0
5.947711967E2,2.618899675E1,9.169357127E1,5.583639971E1,3.400071579E0,6.251888671E1,2.067457089E0,3.000000000E0
5.957712253E2,2.618901225E1,9.169360193E1,5.569023143E1,3.450115133E0,6.135958240E1,2.072894244E0,3.000000000E0
5.967712547E2,2.618902770E1,9.169363113E1,5.596492247E1,3.390634585E0,6.052189374E1,2.080618605E0,3.000000000E0
5.977712832E2,2.618904437E1,9.169366276E1,5.570282837E1,3.552403658E0,5.987612561E1,2.076587669E0,3.000000000E0
5.987713131E2,2.618905901E1,9.169369600E1,5.520668190E1,3.650623242E0,6.135028950E1,2.072758275E0,3.000000000E0
5.997713427E2,2.618907357E1,9.169372803E1,5.526471234E1,3.662820575E0,6.266842193E1,2.069120357E0,3.000000000E0
6.007713719E2,2.618908846E1,9.169376276E1,5.530746712E1,3.669372528E0,6.325088592E1,2.085319688E0,3.000000000E0
6.017714013E2,2.618910077E1,9.169379701E1,5.529417812E1,3.650235740E0,6.496512073E1,2.081053703E0,3.000000000E0
6.027714310E2,2.618911525E1,9.169383150E1,5.501008943E1,3.770626141E0,6.531971394E1,2.077001018E0,3.000000000E0
6.037714601E2,2.618912833E1,9.169386313E1,5.492203245E1,3.669007194E0,6.545184071E1,2.073150967E0,3.000000000E0
6.047714895E2,2.618914206E1,9.169389567E1,5.503276689E1,3.656167049E0,6.546463006E1,2.069493416E0,3.000000000E0
6.057715189E2,2.618915391E1,9.169392662E1,5.469382693E1,3.601158524E0,6.548024521E1,2.066018745E0,3.000000000E0
6.067715484E2,2.618916480E1,9.169395612E1,5.455613126E1,3.391662218E0,6.551657826E1,2.062717813E0,3.000000000E0
6.077715782E2,2.618917808E1,9.169397159E1,5.453219773E1,2.303113104E0,5.620107285E1,2.059581925E0,3.000000000E0
6.087716078E2,2.618920003E1,9.169397804E1,5.428393901E1,2.145189375E0,3.436079804E1,2.056602827E0,3.000000000E0
6.097716382E2,2.618922997E1,9.169397588E1,5.448267221E1,2.522148399E0,1.404347022E1,2.053772687E0,3.000000000E0
6.107716680E2,2.618925702E1,9.169396151E1,5.442912482E1,2.775853537E0,3.548142235E2,2.051084051E0,3.000000000E0
6.117716978E2,2.618928405E1,9.169394627E1,5.458484041E1,3.104631385E0,3.439174082E2,2.048529847E0,3.000000000E0
6.127717276E2,2.618930662E1,9.169393696E1,5.459140818E1,2.892633458E0,3.419957156E2,2.046103355E0,3.000000000E0
6.137717566E2,2.618933140E1,9.169392748E1,5.436973757E1,2.862025305E0,3.408832424E2,2.043798187E0,3.000000000E0
6.147717860E2,2.618935354E1,9.169391489E1,5.435852798E1,2.840052796E0,3.362426682E2,2.041608278E0,3.000000000E0
6.157718163E2,2.618937713E1,9.169389875E1,5.434116453E1,2.986605724E0,3.323543336E2,2.039527863E0,3.000000000E0
6.167718461E2,2.618939600E1,9.169388432E1,5.476952101E1,2.765198075E0,3.288455188E2,2.037551477E0,3.000000000E0
6.177718758E2,2.618941885E1,9.169386908E1,5.506087935E1,2.862037132E0,3.277338392E2,2.035673907E0,3.000000000E0
6.187719063E2,2.618944292E1,9.169385208E1,5.492107847E1,3.010656899E0,3.262824374E2,2.033890213E0,3.000000000E0
6.197719348E2,2.618946590E1,9.169383167E1,5.471188367E1,3.106572585E0,3.222818057E2,2.032195704E0,3.000000000E0
6.207680244E2,2.618948930E1,9.169381270E1,5.457339496E1,3.123018593E0,3.216394833E2,2.030585913E0,3.000000000E0
6.217679999E2,2.618950569E1,9.169378970E1,5.428768579E1,2.934904730E0,3.145304327E2,2.029056616E0,3.000000000E0
6.227680611E2,2.618952172E1,9.169376641E1,5.454851722E1,2.902366540E0,3.108205683E2,2.027603786E0,3.000000000E0
6.237680700E2,2.618954063E1,9.169374444E1,5.427784512E1,2.899201554E0,3.116892952E2,2.026223596E0,3.000000000E0
6.247680778E2,2.618955887E1,9.169372441E1,5.425613748E1,2.797776493E0,3.124929784E2,2.024912417E0,3.000000000E0
6.257681391E2,2.618957750E1,9.169370044E1,5.434625249E1,2.945941682E0,3.116617915E2,2.023666796E0,3.000000000E0
6.267681487E2,2.618959537E1,9.169368016E1,5.431277842E1,2.815644281E0,3.130834832E2,2.022483455E0,3.000000000E0
6.277681575E2,2.618961157E1,9.169366545E1,5.400638611E1,2.463550482E0,3.167841628E2,2.021359282E0,3.000000000E0
6.287682170E2,2.618962858E1,9.169364658E1,5.410359413E1,2.606019245E0,3.162900222E2,2.020291318E0,3.000000000E0
6.297682224E2,2.618964738E1,9.169362864E1,5.408274808E1,2.642054843E0,3.171165649E2,2.019276754E0,3.000000000E0
6.307682252E2,2.618966494E1,9.169360950E1,5.413290760E1,2.693917074E0,3.161129874E2,2.018312918E0,3.000000000E0
6.317682808E2,2.618968129E1,9.169358650E1,5.419056018E1,2.782771494E0,3.123292388E2,2.017397273E0,3.000000000E0
6.327682817E2,2.618969824E1,9.169356386E1,5.398844439E1,2.834784541E0,3.105757196E2,2.016527410E0,3.000000000E0
6.337682822E2,2.618971179E1,9.169354212E1,5.405382735E1,2.698101465E0,3.073691519E2,2.015701039E0,3.000000000E0
6.347683331E2,2.618972786E1,9.169351782E1,5.409901046E1,2.856117034E0,3.064493734E2,2.014915989E0,3.000000000E0
6.357683859E2,2.618974341E1,9.169349880E1,5.391179693E1,2.652851287E0,3.090092104E2,2.014170187E0,3.000000000E0
6.367684356E2,2.618975982E1,9.169347665E1,5.394463498E1,2.806755735E0,3.098882183E2,2.013461678E0,3.000000000E0
6.377684857E2,2.618977420E1,9.169345590E1,5.385652279E1,2.735114219E0,3.093397198E2,2.012788594E0,3.000000000E0
6.387685342E2,2.618978616E1,9.169343393E1,5.374720860E1,2.587188301E0,3.062700834E2,2.012149163E0,3.000000000E0
6.397685813E2,2.618979981E1,9.169340962E1,5.373534264E1,2.761699243E0,3.037639593E2,2.011541706E0,3.000000000E0
6.407686278E2,2.618980837E1,9.169338166E1,5.345882980E1,2.817059830E0,2.956750355E2,2.010964620E0,3.000000000E0
6.417686723E2,2.618981501E1,9.169335358E1,5.345105017E1,2.795988677E0,2.906123574E2,2.010416388E0,3.000000000E0
6.427687164E2,2.618982307E1,9.169332477E1,5.344834133E1,2.832233108E0,2.885009043E2,2.009895571E0,3.000000000E0
6.437687601E2,2.618983476E1,9.169329985E1,5.340642215E1,2.774786399E0,2.928843584E2,2.009400793E0,3.000000000E0
6.447688026E2,2.618984636E1,9.169327808E1,5.330955748E1,2.564828698E0,2.956727665E2,2.008930752E0,3.000000000E0
6.452349386E2,2.618985263E1,9.169311912E1,5.329944674E1,2.642714772E0,2.676973797E2,2.006564916E0,3.000000000E0
6.452358106E2,2.618985149E1,9.169304760E1,5.185000000E1,2.541094286E0,2.676973797E2,1.369501400E1,3.066411111E1
6.475722431E2,2.618986316E1,9.169294824E1,4.897655252E1,2.541890144E0,NaN,1.382792895E1,2.209912109E1
6.485722783E2,2.618985343E1,9.169291253E1,5.387458361E1,2.600947857E0,2.775749264E2,7.678410681E0,3.000000000E0
6.495723133E2,2.618985750E1,9.169288669E1,5.430635403E1,2.541890144E0,2.807018962E2,5.716503312E0,3.000000000E0
6.505723480E2,2.618985304E1,9.169287009E1,5.372785237E1,2.600947857E0,2.776896735E2,4.797662098E0,3.000000000E0
6.515723660E2,2.618985271E1,9.169284518E1,5.365323703E1,2.808743954E0,2.680321412E2,4.220573870E0,3.000000000E0
6.525723992E2,2.618985742E1,9.169282244E1,5.389070651E1,2.855235100E0,2.685095441E2,3.918924064E0,3.000000000E0
6.535713220E2,2.618985913E1,9.169279166E1,5.384009180E1,2.808743954E0,2.677132807E2,3.589278779E0,3.000000000E0
6.549223083E2,2.618985476E1,9.169275989E1,5.373137603E1,2.855235100E0,2.728580250E2,2.948929185E0,3.000000000E0
6.559222842E2,2.618985360E1,9.169273205E1,5.355354156E1,2.804363966E0,2.766096840E2,2.690532508E0,3.000000000E0
6.569223225E2,2.618985704E1,9.169270323E1,5.344743181E1,2.846378803E0,2.856555046E2,2.648024921E0,3.000000000E0
6.579223049E2,2.618986607E1,9.169267733E1,5.347413742E1,2.846378803E0,3.100121504E2,2.617414121E0,3.000000000E0
6.589222839E2,2.618988417E1,9.169266019E1,5.359566567E1,2.851422071E0,3.323985326E2,2.547553999E0,3.000000000E0
6.599223236E2,2.618990698E1,9.169264697E1,5.359566537E1,2.851422071E0,3.323985267E2,4.748651530E0,4.473610424E0
6.609223045E2,2.618993552E1,9.169266395E1,5.364637184E1,2.863683224E0,1.487852875E1,4.748651530E0,4.409753191E0
6.619222854E2,2.618995009E1,9.169269133E1,5.365136892E1,2.863683224E0,4.736766489E1,4.748651530E0,4.477233110E0
6.629223258E2,2.618996484E1,9.169271634E1,5.370609288E1,2.792067766E0,5.161998052E1,4.748651530E0,4.459094182E0
6.639223084E2,2.618998097E1,9.169273768E1,5.383653168E1,2.695581436E0,5.058029890E1,4.748651530E0,5.513295941E0
6.649222758E2,2.618999023E1,9.169276399E1,5.370310654E1,2.691548824E0,5.539116031E1,4.748651530E0,6.528023303E0
6.659223151E2,2.619000798E1,9.169278431E1,5.367720335E1,2.890301466E0,4.908675213E1,4.748651530E0,7.408567008E0
6.669223131E2,2.619002218E1,9.169280843E1,5.356615313E1,2.890301466E0,5.254805685E1,4.748651530E0,8.164249605E0
6.679223552E2,2.619003851E1,9.169283235E1,5.354783957E1,2.890301466E0,5.200031659E1,4.748651530E0,8.789598857E0
6.689223958E2,2.619005688E1,9.169285586E1,5.350257608E1,2.917730331E0,4.877472865E1,4.748651530E0,5.205174375E0
6.699224356E2,2.619007536E1,9.169287834E1,5.337865654E1,2.978172064E0,4.809430871E1,4.748651530E0,6.326522018E0
6.709224754E2,2.619009349E1,9.169290052E1,5.330613878E1,2.978172064E0,4.776897992E1,4.748651530E0,5.027553970E0
6.719225148E2,2.619011400E1,9.169291441E1,5.322140504E1,2.876198053E0,3.596734991E1,4.748651530E0,6.158679203E0
6.729225529E2,2.619013843E1,9.169291286E1,5.312402184E1,2.655866385E0,1.370201197E1,4.748651530E0,7.118139739E0
6.739225913E2,2.619015927E1,9.169291408E1,5.304973909E1,2.520134926E0,6.634068404E0,4.748651530E0,7.901680685E0
6.749226285E2,2.619018137E1,9.169291474E1,5.306890231E1,2.520134926E0,2.878087528E0,4.748651530E0,8.544906974E0
6.759226656E2,2.619020249E1,9.169291128E1,5.311491421E1,2.418939352E0,3.563715670E2,4.748651530E0,9.144322444E0
6.769227024E2,2.619022308E1,9.169291610E1,5.339826677E1,2.418939352E0,5.530374038E0,4.748651530E0,9.721796603E0
6.779227378E2,2.619024499E1,9.169292289E1,5.339696678E1,2.497889757E0,1.156474276E1,4.748651530E0,5.077803841E0
6.789227736E2,2.619026581E1,9.169293965E1,5.330053768E1,2.629600525E0,2.727297287E1,4.748651530E0,6.093251840E0
6.799228092E2,2.619029743E1,9.169295251E1,5.358807969E1,2.741821594E0,3.221657762E1,1.999999997E0,3.000000000E0
6.809228443E2,2.619030648E1,9.169298010E1,5.353909259E1,2.842421023E0,5.140197520E1,1.999999998E0,3.000000000E0
6.819228792E2,2.619031247E1,9.169301181E1,5.351773660E1,2.739442056E0,6.649020604E1,2.000000000E0,3.000000000E0
6.829229134E2,2.619031107E1,9.169304431E1,5.335261503E1,2.868422259E0,7.940538229E1,2.000000009E0,3.000000000E0
6.839229480E2,2.619030629E1,9.169307380E1,5.359263552E1,2.894778155E0,8.946255706E1,2.000000011E0,3.000000000E0
6.849229816E2,2.619029927E1,9.169310210E1,5.352527202E1,2.870277521E0,9.623836964E1,2.000000013E0,3.000000000E0
6.859230157E2,2.619029898E1,9.169313298E1,5.379739028E1,2.963906974E0,9.277341988E1,2.000000011E0,3.000000000E0
6.869230492E2,2.619031145E1,9.169315179E1,5.367978378E1,2.456004205E0,7.552118070E1,2.000000008E0,3.000000000E0
6.879230822E2,2.619033464E1,9.169317165E1,5.383087305E1,2.697937639E0,5.620390610E1,2.000000007E0,3.000000000E0
6.889231149E2,2.619036065E1,9.169319058E1,5.362487814E1,3.044230945E0,4.440801281E1,2.000000007E0,3.000000000E0
6.899231484E2,2.619038511E1,9.169320668E1,5.358065257E1,3.083670262E0,3.743812023E1,2.000000006E0,3.000000000E0
6.909231807E2,2.619040838E1,9.169322610E1,5.345182758E1,3.172622691E0,3.672294651E1,2.000000006E0,3.000000000E0
6.919232134E2,2.619043235E1,9.169324478E1,5.337522877E1,3.197291300E0,3.583188335E1,2.000000006E0,3.000000000E0
6.929232463E2,2.619045509E1,9.169326639E1,5.335311134E1,3.294033021E0,3.836551096E1,2.000000009E0,3.000000000E0
6.939232786E2,2.619047856E1,9.169329306E1,5.339948658E1,3.514293544E0,4.240144606E1,2.000000011E0,3.000000000E0
6.949233107E2,2.619049686E1,9.169331878E1,5.348881848E1,3.400842842E0,4.663362078E1,2.000000014E0,3.000000000E0
6.959233427E2,2.619052096E1,9.169334227E1,5.326857862E1,3.482105559E0,4.341774926E1,2.000000015E0,3.000000000E0
6.969233739E2,2.619054620E1,9.169336276E1,5.324971046E1,3.464412682E0,3.950776395E1,2.000000016E0,3.000000000E0
6.979234056E2,2.619056971E1,9.169338371E1,5.313024138E1,3.411175181E0,3.856130354E1,2.000000017E0,3.000000000E0
6.989234378E2,2.619059386E1,9.169340297E1,5.326093035E1,3.332925991E0,3.723774749E1,2.000000015E0,3.000000000E0
6.999234695E2,2.619061709E1,9.169342426E1,5.340489974E1,3.337949541E0,3.857880414E1,2.000000018E0,3.000000000E0
7.009234999E2,2.619063661E1,9.169344286E1,5.332555842E1,3.097612582E0,3.956079958E1,2.000000020E0,3.000000000E0
7.019235320E2,2.619065380E1,9.169346054E1,5.368681561E1,2.764313675E0,4.152658495E1,2.000000020E0,3.000000000E0
7.029235638E2,2.619067254E1,9.169348047E1,5.366619986E1,2.848469935E0,4.279116056E1,2.000000022E0,3.000000000E0
7.039235943E2,2.619068367E1,9.169349552E1,5.411116536E1,2.408202186E0,4.610987701E1,2.000000026E0,3.000000000E0
7.049236258E2,2.619069857E1,9.169350991E1,5.403999531E1,2.254874111E0,4.399859188E1,2.008009244E0,3.000000000E0
7.059236572E2,2.619071356E1,9.169352447E1,5.343141740E1,2.148183394E0,4.250268397E1,2.007608777E0,3.000000000E0
7.069236871E2,2.619073293E1,9.169354091E1,5.353766164E1,2.373639074E0,3.967867104E1,2.007228337E0,3.000000000E0
7.079237183E2,2.619074681E1,9.169355426E1,5.402288667E1,2.140840590E0,3.935434056E1,2.006866921E0,3.000000000E0
7.089237496E2,2.619075479E1,9.169356376E1,5.370518796E1,1.628046569E0,4.077936296E1,2.006523576E0,3.000000000E0
7.099237802E2,2.619076553E1,9.169357682E1,5.329261721E1,1.593522445E0,4.378683433E1,2.006197398E0,3.000000000E0
7.109238115E2,2.619077636E1,9.169358635E1,5.336649092E1,1.450090419E0,4.278137726E1,2.005887527E0,3.000000000E0
7.119238418E2,2.619079035E1,9.169360375E1,5.298672023E1,1.762629258E0,4.550210168E1,2.005593145E0,3.000000000E0
7.129238729E2,2.619080641E1,9.169362489E1,5.267532667E1,2.211747819E0,4.743157133E1,2.005313489E0,3.000000000E0
7.139239029E2,2.619082422E1,9.169364456E1,5.255732881E1,2.453702430E0,4.660860987E1,2.005047811E0,3.000000000E0
7.149239347E2,2.619084525E1,9.169366599E1,5.266687403E1,2.685474042E0,4.453670846E1,2.004795417E0,3.000000000E0
7.159239645E2,2.619086390E1,9.169368695E1,5.232883679E1,2.755710715E0,4.441880552E1,2.004555647E0,3.000000000E0
7.169239954E2,2.619088003E1,9.169371003E1,5.199433698E1,2.744703928E0,4.812532229E1,2.004327862E0,3.000000000E0
7.179240258E2,2.619090007E1,9.169373394E1,5.197378475E1,2.954194812E0,4.675368794E1,2.004111467E0,3.000000000E0
7.189240565E2,2.619092236E1,9.169375509E1,5.204679840E1,3.025821528E0,4.234329031E1,2.003905889E0,3.000000000E0
7.199240872E2,2.619094479E1,9.169377518E1,5.196103511E1,3.050179590E0,4.152603649E1,2.003710595E0,3.000000000E0
7.209241170E2,2.619096536E1,9.169379791E1,5.156642581E1,3.058609827E0,4.372670465E1,2.003525061E0,3.000000000E0
7.219241476E2,2.619098363E1,9.169382100E1,5.185827079E1,2.970963542E0,4.743495146E1,2.003348806E0,3.000000000E0
7.229241775E2,2.619100700E1,9.169384645E1,5.190819207E1,3.248842311E0,4.511275891E1,2.003181374E0,3.000000000E0
7.239242082E2,2.619102740E1,9.169386677E1,5.198926775E1,3.032488683E0,4.396446065E1,2.003022303E0,3.000000000E0
7.249242387E2,2.619105080E1,9.169388836E1,5.179880260E1,3.171638888E0,4.246602603E1,2.002871191E0,3.000000000E0
7.259242691E2,2.619107016E1,9.169391075E1,5.194271298E1,3.107599868E0,4.446938185E1,2.002727634E0,3.000000000E0
7.269242995E2,2.619109168E1,9.169393071E1,5.206595359E1,3.073529237E0,4.193040701E1,2.002591255E0,3.000000000E0
7.279243302E2,2.619111516E1,9.169395075E1,5.204105714E1,3.187993717E0,3.954174361E1,2.002461694E0,3.000000000E0
7.289243603E2,2.619114072E1,9.169397281E1,5.195320583E1,3.405148621E0,3.941311296E1,2.002338614E0,3.000000000E0
7.299243905E2,2.619116349E1,9.169399465E1,5.181223779E1,3.318332928E0,4.104809713E1,2.002221686E0,3.000000000E0
7.309244208E2,2.619118600E1,9.169402025E1,5.179592651E1,3.380375514E0,4.435206498E1,2.002110606E0,3.000000000E0
7.319244509E2,2.619120830E1,9.169403951E1,5.173546859E1,3.170682459E0,4.157375937E1,2.002005076E0,3.000000000E0
7.329244808E2,2.619123096E1,9.169406131E1,5.182046098E1,3.175323829E0,4.132252404E1,2.001904826E0,3.000000000E0
7.339245115E2,2.619125426E1,9.169407913E1,5.174954371E1,3.098086417E0,3.738290591E1,2.001809583E0,3.000000000E0
7.349245422E2,2.619127515E1,9.169409755E1,5.180514775E1,2.993919666E0,3.845675111E1,2.001719104E0,3.000000000E0
7.359245719E2,2.619129667E1,9.169411774E1,5.182024762E1,3.060825241E0,3.980152389E1,2.001633150E0,3.000000000E0
7.369246026E2,2.619131840E1,9.169413960E1,5.183298947E1,3.132401891E0,4.083162558E1,2.001551496E0,3.000000000E0
7.379246328E2,2.619133896E1,9.169416119E1,5.204262961E1,3.088314566E0,4.258014057E1,2.001473924E0,3.000000000E0
7.389246623E2,2.619136162E1,9.169418167E1,5.198458946E1,3.209929053E0,4.095182432E1,2.001400227E0,3.000000000E0
7.399246929E2,2.619138194E1,9.169420299E1,5.174214663E1,3.178256834E0,4.236392283E1,2.001330212E0,3.000000000E0
7.409247231E2,2.619139707E1,9.169422570E1,5.203791697E1,2.909353348E0,4.929999741E1,2.001263703E0,3.000000000E0
7.419247533E2,2.619141439E1,9.169424854E1,5.214435943E1,2.877500690E0,4.950141377E1,2.001200521E0,3.000000000E0
7.429247826E2,2.619142853E1,9.169426763E1,5.218391917E1,2.552973699E0,4.848387746E1,2.001140496E0,3.000000000E0
7.439248135E2,2.619144146E1,9.169427533E1,5.188371434E1,1.875416207E0,3.988041852E1,2.001083466E0,3.000000000E0
7.449248435E2,2.619145928E1,9.169428409E1,5.211850268E1,1.896331006E0,3.015355334E1,2.001029289E0,3.000000000E0
7.459248730E2,2.619147592E1,9.169427391E1,5.232651500E1,1.608345914E0,3.539411572E2,2.000977816E0,3.000000000E0
7.469249030E2,2.619148902E1,9.169425101E1,5.265213956E1,1.851578832E0,3.271873277E2,2.000977820E0,3.000000000E0
7.479249333E2,2.619150829E1,9.169423151E1,5.226758449E1,2.427179654E0,3.230236495E2,2.000928925E0,3.000000000E0
7.489249645E2,2.619151792E1,9.169421191E1,5.197482185E1,2.250707090E0,3.141081890E2,2.000882482E0,3.000000000E0
7.499249941E2,2.619152843E1,9.169419224E1,5.220189227E1,2.203202838E0,3.084216780E2,2.000838360E0,3.000000000E0
7.509250239E2,2.619154628E1,9.169417083E1,5.222778699E1,2.612981017E0,3.105243920E2,2.000796443E0,3.000000000E0
7.519250549E2,2.619156815E1,9.169415968E1,5.256802030E1,2.551678538E0,3.221585126E2,2.000756624E0,3.000000000E0
7.529250840E2,2.619159928E1,9.169416270E1,5.269135571E1,2.719760476E0,3.452215648E2,2.000718799E0,3.000000000E0
7.539251146E2,2.619162641E1,9.169417662E1,5.278454743E1,2.833315816E0,6.444846353E0,2.000682861E0,3.000000000E0
7.549251445E2,2.619165086E1,9.169419953E1,5.271593234E1,3.033440753E0,2.524977881E1,2.000648719E0,3.000000000E0
7.559251741E2,2.619166668E1,9.169423157E1,5.257617828E1,3.157201469E0,4.592355190E1,2.000616285E0,3.000000000E0
7.569252050E2,2.619166922E1,9.169427154E1,5.253808609E1,3.330797015E0,6.881954645E1,2.000585468E0,3.000000000E0
7.579252348E2,2.619166351E1,9.169430897E1,5.265931611E1,3.440645140E0,8.575545066E1,2.000556196E0,3.000000000E0
7.589252652E2,2.619165879E1,9.169434302E1,5.281881640E1,3.461781022E0,9.246620490E1,2.000528390E0,3.000000000E0
7.599252952E2,2.619165859E1,9.169437805E1,5.292316461E1,3.478692371E0,9.263215265E1,2.000501972E0,3.000000000E0
7.609253256E2,2.619165756E1,9.169441072E1,5.292116170E1,3.393833789E0,9.212684228E1,2.000476875E0,3.000000000E0
7.619253552E2,2.619165650E1,9.169444480E1,5.319700718E1,3.414814245E0,9.185051739E1,2.000453034E0,3.000000000E0
7.629253850E2,2.619165695E1,9.169448087E1,5.307385454E1,3.519265424E0,9.030752468E1,2.000430386E0,3.000000000E0
7.639254149E2,2.619165668E1,9.169451517E1,5.292153286E1,3.464436283E0,8.981408245E1,2.000408869E0,3.000000000E0
7.649254454E2,2.619165738E1,9.169455109E1,5.296951935E1,3.557517590E0,8.932830930E1,2.000388423E0,3.000000000E0
7.659254761E2,2.619165718E1,9.169458488E1,5.284232105E1,3.469536667E0,9.001126261E1,2.000369003E0,3.000000000E0
7.669255054E2,2.619165842E1,9.169461849E1,5.273053085E1,3.382639998E0,8.879721255E1,2.000350552E0,3.000000000E0
7.679255363E2,2.619166017E1,9.169465518E1,5.266210209E1,3.478711945E0,8.844703845E1,2.000333027E0,3.000000000E0
7.689255656E2,2.619165997E1,9.169469056E1,5.269488069E1,3.493415955E0,8.904008935E1,2.000316375E0,3.000000000E0
7.699255953E2,2.619165724E1,9.169472413E1,5.294011287E1,3.406511213E0,9.211782161E1,2.000300555E0,3.000000000E0
7.709256256E2,2.619165551E1,9.169475913E1,5.297246394E1,3.410335366E0,9.340861860E1,2.000285527E0,3.000000000E0
7.719256557E2,2.619165481E1,9.169479181E1,5.299931865E1,3.347051390E0,9.247374495E1,2.000271254E0,3.000000000E0
7.729256856E2,2.619165915E1,9.169482441E1,5.291240193E1,3.304893123E0,8.718128851E1,2.000257691E0,3.000000000E0
7.739257157E2,2.619166117E1,9.169485721E1,5.277970192E1,3.305186822E0,8.745760366E1,2.000244808E0,3.000000000E0
7.749257455E2,2.619165865E1,9.169488957E1,5.312859310E1,3.301030311E0,9.096924400E1,2.000232568E0,3.000000000E0
7.759257760E2,2.619165505E1,9.169492170E1,5.304397882E1,3.282535976E0,9.417062763E1,2.000220943E0,3.000000000E0
7.769258063E2,2.619165419E1,9.169495548E1,5.293014520E1,3.305102495E0,9.275485329E1,2.000220941E0,3.000000000E0
7.779258363E2,2.619165458E1,9.169498755E1,5.255780570E1,3.246352550E0,9.132245316E1,2.025865443E0,3.000000000E0
7.789217639E2,2.619165384E1,9.169502402E1,5.245497382E1,3.406227054E0,9.122904232E1,2.023709991E0,3.000000000E0
7.799217459E2,2.619165475E1,9.169506145E1,5.250689763E1,3.539174942E0,9.041494185E1,2.021886147E0,3.000000000E0
7.809217758E2,2.619165383E1,9.169509578E1,5.269755056E1,3.419902424E0,9.147097257E1,2.020322854E0,3.000000000E0
7.819218035E2,2.619165367E1,9.169513166E1,5.273375194E1,3.480216338E0,9.099804690E1,2.018967999E0,3.000000000E0
7.829218274E2,2.619165347E1,9.169516771E1,5.274398153E1,3.521322441E0,9.191000959E1,2.017782499E0,3.000000000E0
7.839218985E2,2.619164961E1,9.169520226E1,5.311108990E1,3.545162634E0,9.464305507E1,2.016736473E0,3.000000000E0
7.849219233E2,2.619165141E1,9.169523912E1,5.315712182E1,3.606979461E0,9.046757558E1,2.015806672E0,3.000000000E0
7.859219493E2,2.619165219E1,9.169526875E1,5.311271069E1,3.198629238E0,9.068218461E1,2.014974754E0,3.000000000E0
7.869220182E2,2.619165175E1,9.169530313E1,5.305780818E1,3.266853659E0,9.152393333E1,2.014226019E0,3.000000000E0
7.879220394E2,2.619165352E1,9.169533191E1,5.304601869E1,3.018199135E0,8.942495945E1,2.013514716E0,3.000000000E0
7.889220571E2,2.619165479E1,9.169536504E1,5.283739462E1,3.192183421E0,8.903107135E1,2.012838984E0,3.000000000E0
7.899221241E2,2.619165494E1,9.169539135E1,5.320582113E1,2.847313062E0,8.925516574E1,2.012197031E0,3.000000000E0
7.909221373E2,2.619165439E1,9.169542133E1,5.302799856E1,2.889889846E0,9.105336263E1,2.011587182E0,3.000000000E0
7.919221486E2,2.619164972E1,9.169544604E1,5.290043317E1,2.660079523E0,9.695328868E1,2.011007821E0,3.000000000E0
7.929222066E2,2.619164888E1,9.169547865E1,5.238233692E1,2.924691293E0,9.392991207E1,2.010457435E0,3.000000000E0
7.939222611E2,2.619165194E1,9.169551317E1,5.279289814E1,3.212475925E0,8.781107089E1,2.009934570E0,3.000000000E0
7.949223145E2,2.619165074E1,9.169554408E1,5.257737501E1,3.046613927E0,8.986619139E1,2.009437843E0,3.000000000E0
7.959223660E2,2.619165050E1,9.169557434E1,5.323765583E1,2.959569135E0,9.110935419E1,2.008965959E0,3.000000000E0
7.969224164E2,2.619164851E1,9.169560561E1,5.304968284E1,2.984760855E0,9.339926952E1,2.008517660E0,3.000000000E0
7.979224651E2,2.619164503E1,9.169563710E1,5.330566780E1,3.079849648E0,9.595165148E1,2.008091780E0,3.000000000E0
7.989225138E2,2.619164685E1,9.169566602E1,5.319366884E1,2.925257687E0,9.120423727E1,2.007687183E0,3.000000000E0
7.999225604E2,2.619164756E1,9.169570048E1,5.354641137E1,3.169308566E0,9.051887700E1,2.007302835E0,3.000000000E0
8.009226055E2,2.619164659E1,9.169573560E1,5.354378264E1,3.262857477E0,9.223919991E1,2.006937692E0,3.000000000E0
8.019226502E2,2.619164381E1,9.169576754E1,5.384027965E1,3.183516630E0,9.480946268E1,2.006590815E0,3.000000000E0
8.029226944E2,2.619164346E1,9.169579301E1,5.394673286E1,2.710549838E0,9.402834760E1,2.006261269E0,3.000000000E0
8.039227375E2,2.619164556E1,9.169582917E1,5.395758365E1,3.146677713E0,9.094334946E1,2.005948214E0,3.000000000E0
8.049227800E2,2.619164639E1,9.169586741E1,5.395367317E1,3.482960733E0,8.929529382E1,2.005650805E0,3.000000000E0
8.059228214E2,2.619164882E1,9.169589909E1,5.398939828E1,3.223943402E0,8.823329834E1,2.005368265E0,3.000000000E0
8.069228619E2,2.619164567E1,9.169593116E1,5.433381837E1,3.198581213E0,9.252572659E1,2.005099855E0,3.000000000E0
8.079229025E2,2.619164137E1,9.169595675E1,5.459872212E1,2.806978755E0,9.889025760E1,2.004844851E0,3.000000000E0
8.089229412E2,2.619164619E1,9.169599418E1,5.419886645E1,3.177962935E0,9.013493127E1,2.004602611E0,3.000000000E0
8.099229811E2,2.619164669E1,9.169603445E1,5.418097686E1,3.563659323E0,8.917544500E1,2.004372487E0,3.000000000E0
8.109230182E2,2.619164486E1,9.169606946E1,5.423190589E1,3.461575972E0,9.243752669E1,2.004153859E0,3.000000000E0
8.119230564E2,2.619164662E1,9.169610736E1,5.427134328E1,3.543601082E0,8.969423687E1,2.003946170E0,3.000000000E0
8.129230943E2,2.619164385E1,9.169614413E1,5.409749275E1,3.537040920E0,9.211929004E1,2.003748853E0,3.000000000E0
8.139231311E2,2.619164463E1,9.169617901E1,5.432592391E1,3.439377015E0,9.055816005E1,2.003561406E0,3.000000000E0
8.149231670E2,2.619164351E1,9.169621771E1,5.418433663E1,3.641951330E0,9.089431054E1,2.003383332E0,3.000000000E0
8.159232036E2,2.619164429E1,9.169625611E1,5.417656172E1,3.737168753E0,9.032216596E1,2.003214165E0,3.000000000E0
8.169232387E2,2.619164388E1,9.169629212E1,5.438308274E1,3.617141189E0,9.093428139E1,2.003053456E0,3.000000000E0
8.179232738E2,2.619164315E1,9.169632892E1,5.441895808E1,3.560718633E0,9.109383202E1,2.002900784E0,3.000000000E0
8.189233098E2,2.619164191E1,9.169636451E1,5.454055553E1,3.418520871E0,9.144926289E1,2.002755748E0,3.000000000E0
8.199233439E2,2.619164351E1,9.169640006E1,5.453036078E1,3.400208722E0,8.922744033E1,2.002617960E0,3.000000000E0
8.209233781E2,2.619164522E1,9.169643401E1,5.440451138E1,3.322313052E0,8.820391345E1,2.002487061E0,3.000000000E0
8.219234121E2,2.619164641E1,9.169647055E1,5.442252307E1,3.338468335E0,8.831497709E1,2.002362707E0,3.000000000E0
8.229234462E2,2.619164524E1,9.169650506E1,5.439847857E1,3.302519779E0,9.019133136E1,2.002244570E0,3.000000000E0
8.239234792E2,2.619164270E1,9.169653756E1,5.434532161E1,3.191899535E0,9.262627516E1,2.002132342E0,3.000000000E0
8.249235133E2,2.619164113E1,9.169657007E1,5.418062898E1,3.085230036E0,9.288921794E1,2.002025723E0,3.000000000E0
8.259235459E2,2.619164378E1,9.169659799E1,5.407576412E1,2.854499375E0,8.886032752E1,2.001924435E0,3.000000000E0
8.269235785E2,2.619164515E1,9.169662605E1,5.379577144E1,2.772544656E0,8.733487521E1,2.001828213E0,3.000000000E0
8.279236120E2,2.619164525E1,9.169665561E1,5.359226887E1,2.825136316E0,8.794276779E1,2.001736802E0,3.000000000E0
8.289236450E2,2.619164561E1,9.169668719E1,5.357964189E1,2.958446856E0,8.869377068E1,2.001649960E0,3.000000000E0
8.299236774E2,2.619164368E1,9.169671881E1,5.352234391E1,3.010552494E0,9.097093939E1,2.001567463E0,3.000000000E0
8.309237096E2,2.619164396E1,9.169674995E1,5.360325042E1,3.055691825E0,9.087625509E1,2.001489090E0,3.000000000E0
8.319237419E2,2.619164479E1,9.169678088E1,5.358472729E1,3.080986379E0,8.946756910E1,2.001414635E0,3.000000000E0
8.329237745E2,2.619164664E1,9.169681300E1,5.376849755E1,3.137211603E0,8.854847785E1,2.001343903E0,3.000000000E0
8.339238053E2,2.619164668E1,9.169684612E1,5.346189466E1,3.171806083E0,8.894674803E1,2.001276707E0,3.000000000E0
8.349238379E2,2.619164643E1,9.169687937E1,5.344958476E1,3.226238493E0,8.974062703E1,2.001212871E0,3.000000000E0
8.359238696E2,2.619164469E1,9.169691186E1,5.342506221E1,3.225878923E0,9.098399747E1,2.001152227E0,3.000000000E0
8.369239010E2,2.619164444E1,9.169694385E1,5.339789831E1,3.192719837E0,9.110467653E1,2.001094616E0,3.000000000E0
8.379239322E2,2.619164354E1,9.169697604E1,5.338905335E1,3.182419269E0,9.167827845E1,2.001039886E0,3.000000000E0
8.389239639E2,2.619164170E1,9.169700865E1,5.343255175E1,3.227140747E0,9.218371938E1,2.000987893E0,3.000000000E0
8.399239952E2,2.619164202E1,9.169704176E1,5.337778123E1,3.289564607E0,9.096163915E1,2.000938500E0,3.000000000E0
8.409240262E2,2.619164239E1,9.169707373E1,5.350870048E1,3.290118311E0,9.023608350E1,2.000891576E0,3.000000000E0
8.419240575E2,2.619164240E1,9.169710667E1,5.355777549E1,3.362942407E0,8.979426462E1,2.000846999E0,3.000000000E0
8.429240881E2,2.619164070E1,9.169713836E1,5.346963277E1,3.395000652E0,9.047106679E1,2.000804650E0,3.000000000E0
8.439241190E2,2.619163955E1,9.169717156E1,5.341075823E1,3.440328529E0,9.110562029E1,2.000764417E0,3.000000000E0
8.449241507E2,2.619163817E1,9.169720389E1,5.354619168E1,3.336672932E0,9.203910921E1,2.000726195E0,3.000000000E0
8.459241816E2,2.619163786E1,9.169723597E1,5.351537166E1,3.234465801E0,9.144766830E1,2.000689885E0,3.000000000E0
8.469242124E2,2.619163886E1,9.169726884E1,5.334846541E1,3.279329445E0,8.997937206E1,2.000655391E0,3.000000000E0
8.479242432E2,2.619163991E1,9.169730072E1,5.336329694E1,3.199360903E0,8.919241925E1,2.000622621E0,3.000000000E0
8.489242746E2,2.619164066E1,9.169733310E1,5.356109103E1,3.200449179E0,8.893255550E1,2.000591490E0,3.000000000E0
8.499243047E2,2.619164130E1,9.169736477E1,5.374422765E1,3.162251757E0,8.856086528E1,2.000561915E0,3.000000000E0
8.509243355E2,2.619164073E1,9.169739906E1,5.372832019E1,3.355219349E0,8.971355254E1,2.000533820E0,3.000000000E0
8.519243662E2,2.619163875E1,9.169742896E1,5.372271006E1,3.185441527E0,9.160204935E1,2.000507129E0,3.000000000E0
8.529243965E2,2.619163649E1,9.169745975E1,5.370049236E1,3.155510314E0,9.244145431E1,2.000481773E0,3.000000000E0
8.539244269E2,2.619163709E1,9.169749231E1,5.387875093E1,3.202844573E0,9.106172571E1,2.000457686E0,3.000000000E0
8.549244572E2,2.619163592E1,9.169752627E1,5.370229097E1,3.282997756E0,9.097986476E1,2.000434802E0,3.000000000E0
8.559244882E2,2.619163621E1,9.169756199E1,5.368790419E1,3.428074793E0,9.019051622E1,2.000413062E0,3.000000000E0
8.569245191E2,2.619163600E1,9.169759794E1,5.367482994E1,3.451751998E0,9.023413018E1,2.000392409E0,3.000000000E0
8.579245492E2,2.619163504E1,9.169763454E1,5.373563760E1,3.521435402E0,9.153399382E1,2.000372789E0,3.000000000E0
8.589245791E2,2.619163370E1,9.169767098E1,5.363578541E1,3.466649310E0,9.179837131E1,2.000354151E0,3.000000000E0
8.599246097E2,2.619163304E1,9.169770576E1,5.352789467E1,3.348059211E0,9.137649538E1,2.000336443E0,3.000000000E0
8.609246402E2,2.619163401E1,9.169774505E1,5.353741445E1,3.595587981E0,9.071382511E1,2.000319621E0,3.000000000E0
8.619246708E2,2.619163469E1,9.169778107E1,5.360749088E1,3.603379132E0,9.036360573E1,2.000303637E0,3.000000000E0
8.629247006E2,2.619163310E1,9.169782096E1,5.342784721E1,3.746680511E0,9.109723230E1,2.000288456E0,3.000000000E0
8.639247322E2,2.619163224E1,9.169786037E1,5.337123028E1,3.831904119E0,9.176670995E1,2.000274034E0,3.000000000E0
8.649247614E2,2.619163185E1,9.169789931E1,5.333597194E1,3.815728378E0,9.066613057E1,2.000260333E0,3.000000000E0
8.659247918E2,2.619163272E1,9.169794109E1,5.332893193E1,4.054125953E0,8.988522055E1,2.000247318E0,3.000000000E0
8.669248222E2,2.619163203E1,9.169798124E1,5.329897710E1,4.126464473E0,9.058812073E1,2.000234954E0,3.000000000E0
8.679248524E2,2.619162729E1,9.169802037E1,5.323321769E1,4.045913508E0,9.369240804E1,2.000223209E0,3.000000000E0
8.689248831E2,2.619162531E1,9.169805915E1,5.315737473E1,3.893810234E0,9.303509404E1,2.000212050E0,3.000000000E0
8.699249135E2,2.619162858E1,9.169809676E1,5.307651819E1,3.733902325E0,8.855187630E1,2.000201448E0,3.000000000E0
8.709249436E2,2.619163454E1,9.169813627E1,5.307744862E1,3.768803140E0,8.487762607E1,2.000191379E0,3.000000000E0
8.719249736E2,2.619163936E1,9.169817424E1,5.263395923E1,3.799077730E0,8.258535801E1,2.000181810E0,3.000000000E0
8.729250039E2,2.619164852E1,9.169821210E1,5.246856199E1,3.855481424E0,7.822159188E1,2.000172719E0,3.000000000E0
8.739250338E2,2.619166552E1,9.169824519E1,5.257187741E1,3.653651968E0,6.742418306E1,2.000164081E0,3.000000000E0
8.749250644E2,2.619168973E1,9.169826993E1,5.229933699E1,3.404136230E0,5.277320106E1,2.000155872E0,3.000000000E0
8.759250941E2,2.619171865E1,9.169829190E1,5.238528665E1,3.502801781E0,4.308972290E1,2.000148076E0,3.000000000E0
8.769251244E2,2.619175179E1,9.169831144E1,5.234013069E1,3.819861175E0,3.540430851E1,2.000140671E0,3.000000000E0
8.779251543E2,2.619177921E1,9.169832873E1,5.247663254E1,3.671013366E0,3.239555880E1,2.000133635E0,3.000000000E0
8.789251845E2,2.619180982E1,9.169834680E1,5.253858080E1,3.818944768E0,3.036529457E1,2.000126952E0,3.000000000E0
8.799252157E2,2.619183833E1,9.169836367E1,5.256139657E1,3.719066363E0,2.918697158E1,2.000120603E0,3.000000000E0
8.809252454E2,2.619186737E1,9.169837797E1,5.250532983E1,3.650566243E0,2.640586344E1,2.000114573E0,3.000000000E0
8.819252751E2,2.619189748E1,9.169839207E1,5.250510521E1,3.691415242E0,2.523952528E1,2.000108843E0,3.000000000E0
8.829253056E2,2.619192390E1,9.169840836E1,5.242440768E1,3.520118995E0,2.681732279E1,2.000103399E0,3.000000000E0
8.839253356E2,2.619195108E1,9.169842405E1,5.258360010E1,3.453726052E0,2.784525837E1,2.000098229E0,3.000000000E0
8.849253653E2,2.619197574E1,9.169843661E1,5.297478445E1,3.155878965E0,2.645601397E1,2.000093320E0,3.000000000E0
8.859253961E2,2.619200387E1,9.169844536E1,5.327339594E1,3.166140284E0,2.136028687E1,2.000088655E0,3.000000000E0
8.869254258E2,2.619203176E1,9.169845576E1,5.331997303E1,3.212792620E0,1.962779396E1,2.000084221E0,3.000000000E0
8.879254560E2,2.619205957E1,9.169846710E1,5.328218690E1,3.259323141E0,2.015957799E1,2.000080009E0,3.000000000E0
8.888598252E2,2.619271608E1,9.169861906E1,4.795453188E1,NaN,NaN,3.317785484E2,3.822532409E1
8.897490103E2,2.619244828E1,9.169859263E1,4.865000000E1,NaN,NaN,2.013634907E2,3.000000000E1
8.911678674E2,2.619263365E1,9.169876618E1,6.209427056E1,3.285092592E0,NaN,1.500566751E1,3.500275040E1
8.921678973E2,2.619269945E1,9.169872845E1,5.398721667E1,3.285092592E0,1.472864725E1,9.162243311E0,3.000000000E0
8.931679281E2,2.619272856E1,9.169871431E1,5.368271567E1,3.035554409E0,1.225597704E1,7.786664162E0,3.000000000E0
8.941679588E2,2.619275288E1,9.169872213E1,5.374491165E1,2.976955414E0,7.199479569E0,1.400000000E1,3.000000000E0
8.951679572E2,2.619279199E1,9.169872669E1,5.335102495E1,3.187346220E0,1.121505877E1,5.853595934E0,3.000000000E0
8.961679867E2,2.619282185E1,9.169872688E1,5.389190122E1,3.187346220E0,7.605296966E0,4.961936654E0,3.000000000E0
8.971640208E2,2.619283996E1,9.169874421E1,5.388841165E1,2.871044874E0,2.854165940E0,4.510015530E0,3.000000000E0
8.978429893E2,2.619285066E1,9.169875026E1,5.400966040E1,2.871044874E0,7.781627691E0,4.336953778E0,3.000000000E0
8.988430191E2,2.619287791E1,9.169875409E1,5.401997374E1,3.148562670E0,1.043827673E1,3.999814245E0,3.000000000E0
8.998430143E2,2.619290499E1,9.169876097E1,5.389971552E1,3.175275803E0,9.453586283E0,3.608358906E0,3.000000000E0
9.008430083E2,2.619293262E1,9.169876595E1,5.375975603E1,3.207146168E0,8.856605551E0,3.249442562E0,3.000000000E0
9.018430528E2,2.619295813E1,9.169877046E1,5.352617361E1,3.183571815E0,1.031957743E1,2.961669162E0,3.000000000E0
9.028430474E2,2.619298138E1,9.169877400E1,5.328405673E1,3.188740492E0,1.033129803E1,2.711570403E0,3.000000000E0
9.038430416E2,2.619300969E1,9.169877972E1,5.328405659E1,3.188740492E0,1.033130056E1,4.748651530E0,4.203012436E0
9.048430869E2,2.619303720E1,9.169878447E1,5.332598115E1,3.113166571E0,1.134563079E1,4.748651530E0,4.378770430E0
9.058430809E2,2.619306625E1,9.169879511E1,5.324308411E1,3.178800821E0,1.601470232E1,4.748651530E0,4.366465938E0
9.068430736E2,2.619309538E1,9.169880255E1,5.306751258E1,3.178800821E0,1.360072933E1,4.748651530E0,4.352018958E0
9.078431169E2,2.619312513E1,9.169880417E1,5.345969001E1,3.178800821E0,8.418569646E0,4.748651530E0,5.387677972E0
9.088431095E2,2.619315201E1,9.169881439E1,5.337024033E1,3.016047955E0,1.188475132E1,4.748651530E0,6.355019473E0
9.098431017E2,2.619317874E1,9.169882252E1,5.326205225E1,3.030737162E0,1.276777888E1,4.748651530E0,4.788523631E0
9.108431411E2,2.619320634E1,9.169882937E1,5.311373140E1,3.030737162E0,1.030188963E1,4.748651530E0,5.856492915E0
9.118431800E2,2.619323482E1,9.169883422E1,5.305854852E1,3.088371992E0,9.392376353E0,4.748651530E0,6.755506426E0
9.128432194E2,2.619326185E1,9.169884139E1,5.301568233E1,3.399208069E0,1.032935668E1,4.748651530E0,4.655308554E0
9.138432579E2,2.619329315E1,9.169885028E1,5.305623663E1,3.399208069E0,1.317893027E1,4.748651530E0,5.762577520E0
9.148432959E2,2.619332047E1,9.169885931E1,5.315165314E1,3.399208069E0,1.328084184E1,4.748651530E0,4.530689244E0
9.158433331E2,2.619335370E1,9.169886651E1,5.310608380E1,3.442503929E0,1.295363988E1,4.748651530E0,4.323816185E0
9.168433699E2,2.619338943E1,9.169887063E1,5.312175707E1,3.458533049E0,1.035601923E1,4.748651530E0,5.427577703E0
9.178434059E2,2.619342451E1,9.169887733E1,5.312580698E1,3.527748346E0,8.337016537E0,4.748651530E0,4.651147386E0
9.188434419E2,2.619345661E1,9.169888882E1,5.303318545E1,3.527748346E0,1.274040396E1,4.748651530E0,5.751313926E0
9.198434781E2,2.619348912E1,9.169889359E1,5.288851166E1,3.537429333E0,9.027962081E0,4.748651530E0,6.596498125E0
9.208435124E2,2.619352280E1,9.169890148E1,5.277555879E1,3.699819803E0,1.115739977E1,4.748651530E0,7.336791819E0
9.218435478E2,2.619355520E1,9.169890788E1,5.276294053E1,3.714150667E0,1.071439188E1,4.748651530E0,7.983429888E0
9.228435827E2,2.619358932E1,9.169891784E1,5.280059402E1,3.699819803E0,1.335708927E1,4.748651530E0,5.017542075E0
9.238436167E2,2.619363923E1,9.169893268E1,5.397943802E1,3.702581369E0,1.235149635E1,2.000000008E0,3.000000000E0
9.248436515E2,2.619367391E1,9.169894015E1,5.389376318E1,3.647391073E0,1.431180306E1,2.000000011E0,3.000000000E0
9.258436846E2,2.619370056E1,9.169894847E1,5.398546986E1,3.564098383E0,1.577041346E1,2.000000006E0,3.000000000E0
9.268437186E2,2.619373216E1,9.169895619E1,5.396861255E1,3.582436896E0,1.517669056E1,2.000000009E0,3.000000000E0
9.278437519E2,2.619375482E1,9.169896280E1,5.370978692E1,3.406698839E0,1.475791775E1,1.999999990E0,3.000000000E0
9.288437857E2,2.619378881E1,9.169896354E1,5.362216508E1,3.565010713E0,4.859923590E0,1.999999988E0,3.000000000E0
9.298438179E2,2.619382115E1,9.169897011E1,5.374452033E1,3.630028640E0,6.480210678E0,1.999999991E0,3.000000000E0
9.308438513E2,2.619384708E1,9.169897683E1,5.334385814E1,3.182441367E0,9.526064214E0,2.000000006E0,3.000000000E0
9.318438838E2,2.619388076E1,9.169898669E1,5.290709406E1,3.473413600E0,1.305562448E1,2.000000002E0,3.000000000E0
9.328439162E2,2.619391569E1,9.169899549E1,5.355414272E1,3.835096792E0,1.265155741E1,2.000000011E0,3.000000000E0
9.338439483E2,2.619394739E1,9.169900760E1,5.360032316E1,3.784850163E0,1.703301587E1,2.000000024E0,3.000000000E0
9.348439817E2,2.619397680E1,9.169901053E1,5.343858454E1,3.484411622E0,9.250229917E0,2.000000016E0,3.000000000E0
9.358440150E2,2.619400505E1,9.169902361E1,5.400507211E1,3.333615106E0,1.538049124E1,2.000000013E0,3.000000000E0
9.368440447E2,2.619403263E1,9.169903766E1,5.380231711E1,3.195011950E0,2.122379330E1,2.000000000E0,3.000000000E0
9.378440763E2,2.619406623E1,9.169904300E1,5.354690004E1,3.425584959E0,1.471374522E1,2.000000004E0,3.000000000E0
9.388441081E2,2.619409774E1,9.169905046E1,5.340098900E1,3.528691877E0,1.235113950E1,1.999999997E0,3.000000000E0
9.398441392E2,2.619412723E1,9.169906133E1,5.356245964E1,3.457824795E0,1.566822916E1,2.000000004E0,3.000000000E0
9.408441711E2,2.619416252E1,9.169906528E1,5.349432694E1,3.665007851E0,1.049685077E1,1.999999999E0,3.000000000E0
9.418442037E2,2.619419101E1,9.169906300E1,5.382575496E1,3.315415152E0,3.791354554E0,1.999999986E0,3.000000000E0
9.428442338E2,2.619422450E1,9.169906279E1,5.380134865E1,3.551797276E0,1.444727196E0,1.999999986E0,3.000000000E0
9.438442660E2,2.619425698E1,9.169906496E1,5.436801521E1,3.525288777E0,2.188926215E0,1.999999985E0,3.000000000E0
9.448442965E2,2.619429143E1,9.169906815E1,5.430558137E1,3.701639740E0,3.414393276E0,1.999999988E0,3.000000000E0
9.458443273E2,2.619432297E1,9.169907956E1,5.423931088E1,3.669920582E0,1.044277083E1,1.999999987E0,3.000000000E0
9.468443589E2,2.619434920E1,9.169909428E1,5.459797825E1,3.380165180E0,1.844306065E1,1.999999990E0,3.000000000E0
9.478443891E2,2.619437952E1,9.169910325E1,5.475453939E1,3.379736055E0,1.775486459E1,1.999999989E0,3.000000000E0
9.488444199E2,2.619441671E1,9.169909521E1,5.456470127E1,3.802535505E0,3.586986917E2,1.999999970E0,3.000000000E0
9.498444515E2,2.619444503E1,9.169909334E1,5.493011277E1,3.438334085E0,3.546938420E2,1.999999966E0,3.000000000E0
9.508444829E2,2.619447126E1,9.169909538E1,5.464461336E1,3.164789554E0,3.581950628E2,1.999999972E0,3.000000000E0
9.518445133E2,2.619450377E1,9.169909943E1,5.423180520E1,3.457790907E0,3.829422656E0,1.999999972E0,3.000000000E0
9.528445437E2,2.619452731E1,9.169911195E1,5.402892563E1,3.026272858E0,1.786033131E1,1.999999989E0,3.000000000E0
9.538445741E2,2.619455844E1,9.169911673E1,5.406088987E1,3.178149982E0,1.605446979E1,1.999999992E0,3.000000000E0
9.548446048E2,2.619459209E1,9.169910632E1,5.439747423E1,3.401483639E0,3.571732212E2,1.999999989E0,3.000000000E0
9.558446355E2,2.619462470E1,9.169910897E1,5.457600105E1,3.600796212E0,3.590421081E2,1.999999992E0,3.000000000E0
9.568446671E2,2.619465118E1,9.169910802E1,5.496732013E1,3.213468314E0,3.582523163E2,1.999999996E0,3.000000000E0
9.578446972E2,2.619467675E1,9.169910573E1,5.509245303E1,2.988598303E0,3.569846304E2,1.999999989E0,3.000000000E0
9.588447274E2,2.619470910E1,9.169910378E1,5.511233527E1,3.287152638E0,3.570660968E2,1.999999987E0,3.000000000E0
9.598447572E2,2.619473778E1,9.169910476E1,5.469366946E1,3.286808441E0,3.590936629E2,1.999999980E0,3.000000000E0
9.608447878E2,2.619476572E1,9.169910633E1,5.497031539E1,3.171864886E0,7.538064225E-1,1.999999974E0,3.000000000E0
9.618448182E2,2.619479776E1,9.169909679E1,5.469345579E1,3.476679092E0,3.509785164E2,1.999999971E0,3.000000000E0
9.628448491E2,2.619482344E1,9.169909455E1,5.465506050E1,3.177284747E0,3.505872089E2,1.999999979E0,3.000000000E0
9.638448804E2,2.619485260E1,9.169909433E1,5.453337123E1,3.214291888E0,3.540167739E2,1.999999983E0,3.000000000E0
9.648449099E2,2.619488199E1,9.169909390E1,5.441467491E1,3.252302886E0,3.569365662E2,1.999999973E0,3.000000000E0
9.658449408E2,2.619490929E1,9.169909065E1,5.473224785E1,3.082047252E0,3.562178778E2,1.999999982E0,3.000000000E0
9.668449702E2,2.619493852E1,9.169908627E1,5.464334275E1,3.111164935E0,3.552850588E2,1.999999986E0,3.000000000E0
9.678450011E2,2.619497003E1,9.169907722E1,5.413400682E1,3.373793444E0,3.497674460E2,1.999999977E0,3.000000000E0
9.688450311E2,2.619499707E1,9.169907296E1,5.440730906E1,3.090060043E0,3.493463085E2,1.999999984E0,3.000000000E0
9.698450615E2,2.619502738E1,9.169905970E1,5.423013803E1,3.401763104E0,3.427348931E2,1.999999986E0,3.000000000E0
9.708450917E2,2.619505567E1,9.169904940E1,5.407305246E1,3.520402335E0,3.415752169E2,1.999999995E0,3.000000000E0
9.718451224E2,2.619508381E1,9.169904619E1,5.409093320E1,3.231990994E0,3.480131174E2,1.999999989E0,3.000000000E0
9.728451524E2,2.619511145E1,9.169904250E1,5.411470389E1,3.055127834E0,3.507182459E2,2.000000002E0,3.000000000E0
9.738451824E2,2.619514011E1,9.169903693E1,5.465086605E1,3.122619459E0,3.500529994E2,2.000000008E0,3.000000000E0
9.748452128E2,2.619516931E1,9.169903031E1,5.435711159E1,3.110413929E0,3.481200478E2,2.000000000E0,3.000000000E0
9.758452431E2,2.619520148E1,9.169902064E1,5.430097563E1,3.491038461E0,3.454654772E2,1.999999998E0,3.000000000E0
9.768452726E2,2.619522530E1,9.169901060E1,5.400208140E1,3.010423676E0,3.423280652E2,1.999999998E0,3.000000000E0
9.778453029E2,2.619525162E1,9.169899853E1,5.415941847E1,3.017493257E0,3.392877048E2,2.000000005E0,3.000000000E0
9.788453337E2,2.619527534E1,9.169899067E1,5.405229598E1,2.698845279E0,3.413170312E2,2.005287934E0,3.000000000E0
9.798453630E2,2.619530593E1,9.169898135E1,5.369914445E1,3.113791703E0,3.442201684E2,2.005023530E0,3.000000000E0
9.808453938E2,2.619533835E1,9.169897421E1,5.394852973E1,3.400574553E0,3.478545540E2,2.004772365E0,3.000000000E0
9.818454239E2,2.619536677E1,9.169896572E1,5.413433928E1,3.316377776E0,3.469025389E2,2.004533745E0,3.000000000E0
9.828454544E2,2.619539503E1,9.169896026E1,5.425600458E1,3.210971508E0,3.480741627E2,2.004307060E0,3.000000000E0
9.838454841E2,2.619542151E1,9.169895360E1,5.431043211E1,2.998253602E0,3.463817581E2,2.004091712E0,3.000000000E0
9.848455134E2,2.619544986E1,9.169894337E1,5.436660717E1,3.088444894E0,3.434443425E2,2.003887133E0,3.000000000E0
9.858455440E2,2.619547913E1,9.169893114E1,5.441325975E1,3.320758115E0,3.407140108E2,2.003692777E0,3.000000000E0
9.868455750E2,2.619550993E1,9.169892264E1,5.439017046E1,3.484493007E0,3.439904009E2,2.003508149E0,3.000000000E0
9.878456049E2,2.619553333E1,9.169891830E1,5.434023912E1,2.914484541E0,3.460656993E2,2.003332735E0,3.000000000E0
9.888456346E2,2.619556609E1,9.169891112E1,5.418776492E1,3.346369790E0,3.473200637E2,2.003166101E0,3.000000000E0
9.898456650E2,2.619559414E1,9.169890323E1,5.428893195E1,3.216860404E0,3.465652329E2,2.003007794E0,3.000000000E0
9.908456945E2,2.619562404E1,9.169889248E1,5.454975838E1,3.295631156E0,3.439726118E2,2.002857401E0,3.000000000E0
9.918457252E2,2.619565484E1,9.169888221E1,5.450558850E1,3.382266304E0,3.430380812E2,2.002714534E0,3.000000000E0
9.928457546E2,2.619568415E1,9.169887394E1,5.439182888E1,3.342940022E0,3.444570914E2,2.002578816E0,3.000000000E0
9.938457851E2,2.619571113E1,9.169885987E1,5.432556380E1,3.269386997E0,3.389460455E2,2.002449868E0,3.000000000E0
9.948458159E2,2.619573901E1,9.169884492E1,5.437555815E1,3.303456284E0,3.348312453E2,2.002327376E0,3.000000000E0
9.958458451E2,2.619576512E1,9.169883126E1,5.407747969E1,3.208808893E0,3.349822938E2,2.002211002E0,3.000000000E0
9.968458755E2,2.619579216E1,9.169881729E1,5.410568288E1,3.283821301E0,3.357884999E2,2.002100455E0,3.000000000E0
9.978459056E2,2.619581844E1,9.169880364E1,5.389202458E1,3.245381372E0,3.342843584E2,2.001995438E0,3.000000000E0
9.988459363E2,2.619584647E1,9.169878424E1,5.385817444E1,3.444212581E0,3.292407950E2,2.001895666E0,3.000000000E0
9.998459658E2,2.619587042E1,9.169876297E1,5.379916224E1,3.381725197E0,3.229389059E2,2.001800881E0,3.000000000E0
1.000845996E3,2.619588963E1,9.169874117E1,5.349108891E1,3.150583375E0,3.179688894E2,2.001710837E0,3.000000000E0
1.001846025E3,2.619591177E1,9.169871701E1,5.341172710E1,3.290831457E0,3.151057819E2,2.001625297E0,3.000000000E0
1.002846056E3,2.619593044E1,9.169868965E1,5.367481142E1,3.361811197E0,3.082629858E2,2.001544037E0,3.000000000E0
1.003846086E3,2.619594432E1,9.169866118E1,5.392833194E1,3.268782438E0,3.013020982E2,2.001466835E0,3.000000000E0
1.004846116E3,2.619595663E1,9.169863415E1,5.419265076E1,3.098793811E0,2.971877587E2,2.001393492E0,3.000000000E0
1.005846146E3,2.619596553E1,9.169860020E1,5.407324524E1,3.322111820E0,2.901516536E2,2.001323806E0,3.000000000E0
1.006846176E3,2.619597415E1,9.169856626E1,5.378957259E1,3.386700902E0,2.869734613E2,2.001257608E0,3.000000000E0
1.007846207E3,2.619598171E1,9.169853042E1,5.371815605E1,3.453054886E0,2.854242381E2,2.001194728E0,3.000000000E0
1.008846237E3,2.619598174E1,9.169849779E1,5.404180998E1,3.328529872E0,2.762046752E2,2.001134993E0,3.000000000E0
1.009846266E3,2.619598441E1,9.169846681E1,5.375006736E1,3.118860365E0,2.757681569E2,2.001078251E0,3.000000000E0
1.010846297E3,2.619598730E1,9.169843279E1,5.336015236E1,3.224434467E0,2.742450921E2,2.001024321E0,3.000000000E0
1.011846326E3,2.619598676E1,9.169839950E1,5.329523406E1,3.277620153E0,2.719490827E2,2.000973105E0,3.000000000E0
1.012846356E3,2.619598247E1,9.169836230E1,5.323596274E1,3.473760980E0,2.665987448E2,2.000924454E0,3.000000000E0
1.013846387E3,2.619598185E1,9.169832842E1,5.292789173E1,3.401975595E0,2.678687221E2,2.000878224E0,3.000000000E0
1.014846417E3,2.619598360E1,9.169829523E1,5.285821796E1,3.303207050E0,2.699780292E2,2.000834319E0,3.000000000E0
1.015846447E3,2.619598722E1,9.169826323E1,5.272027013E1,3.224646669E0,2.737874023E2,2.000792610E0,3.000000000E0
1.016846477E3,2.619598738E1,9.169822888E1,5.290369931E1,3.281729187E0,2.717838346E2,2.000752974E0,3.000000000E0
1.017846508E3,2.619598792E1,9.169819533E1,5.300558454E1,3.322487253E0,2.678908636E2,2.000715335E0,3.000000000E0
1.018846538E3,2.619598917E1,9.169816596E1,5.293285925E1,3.066325043E0,2.695681445E2,2.000679567E0,3.000000000E0
1.019846568E3,2.619598550E1,9.169813391E1,5.310760945E1,3.131927719E0,2.653783920E2,2.000645584E0,3.000000000E0
1.020846597E3,2.619598245E1,9.169810053E1,5.263840488E1,3.220703049E0,2.644834923E2,2.000613298E0,3.000000000E0
1.021846628E3,2.619598292E1,9.169806484E1,5.282377325E1,3.353767546E0,2.681898788E2,2.000582630E0,3.000000000E0
1.022842998E3,2.619598131E1,9.169802923E1,5.282621109E1,3.442047203E0,2.674659880E2,2.000553502E0,3.000000000E0
1.023842979E3,2.619598206E1,9.169799394E1,5.262017883E1,3.416864380E0,2.681691070E2,2.000525820E0,3.000000000E0
1.024843027E3,2.619598237E1,9.169795762E1,5.275351279E1,3.544771845E0,2.684875792E2,2.000499527E0,3.000000000E0
1.025843029E3,2.619598254E1,9.169791974E1,5.308105199E1,3.658378026E0,2.681218007E2,2.000474558E0,3.000000000E0
1.026843030E3,2.619598115E1,9.169788479E1,5.284812045E1,3.500486320E0,2.671970992E2,2.000450832E0,3.000000000E0
1.027843080E3,2.619597920E1,9.169784907E1,5.302474477E1,3.521486831E0,2.662164455E2,2.000428292E0,3.000000000E0
1.028843077E3,2.619597788E1,9.169781473E1,5.289696160E1,3.452868003E0,2.681103869E2,2.000406877E0,3.000000000E0
1.029843074E3,2.619597469E1,9.169777981E1,5.323186255E1,3.450569937E0,2.649681122E2,2.000386534E0,3.000000000E0
1.030843116E3,2.619597524E1,9.169774548E1,5.291206116E1,3.413825386E0,2.671990195E2,2.000367209E0,3.000000000E0
1.031843112E3,2.619597020E1,9.169771118E1,5.303241125E1,3.399266490E0,2.633365553E2,2.000348853E0,3.000000000E0
1.032843107E3,2.619596452E1,9.169767689E1,5.280710299E1,3.510020848E0,2.610699984E2,2.000331412E0,3.000000000E0
1.033843149E3,2.619595843E1,9.169764458E1,5.284388094E1,3.414989274E0,2.589572875E2,2.000314843E0,3.000000000E0
1.034843140E3,2.619595542E1,9.169760891E1,5.271816084E1,3.532238125E0,2.615790223E2,2.000299103E0,3.000000000E0
1.035843131E3,2.619595235E1,9.169757591E1,5.297652221E1,3.416332988E0,2.624126724E2,2.000284150E0,3.000000000E0
1.036843171E3,2.619595041E1,9.169754103E1,5.287081248E1,3.430754281E0,2.633564208E2,2.000269936E0,3.000000000E0
1.037843210E3,2.619594791E1,9.169750721E1,5.276732619E1,3.407692205E0,2.641836080E2,2.000256440E0,3.000000000E0
1.038843249E3,2.619594905E1,9.169747705E1,5.294973865E1,3.147308654E0,2.671814844E2,2.000243617E0,3.000000000E0
1.039843287E3,2.619594869E1,9.169744656E1,5.329277444E1,3.129392711E0,2.666187684E2,2.000231442E0,3.000000000E0
1.040843324E3,2.619594261E1,9.169741230E1,5.328702203E1,3.409542658E0,2.611314965E2,2.000219874E0,3.000000000E0
1.041843361E3,2.619594087E1,9.169738031E1,5.334076819E1,3.324967983E0,2.634257120E2,2.000208876E0,3.000000000E0
1.042843398E3,2.619593667E1,9.169734930E1,5.330529651E1,3.237810368E0,2.626304942E2,2.000198427E0,3.000000000E0
1.043843434E3,2.619594107E1,9.169731863E1,5.250292592E1,3.076993838E0,2.714755945E2,2.000188498E0,3.000000000E0
1.044843470E3,2.619593849E1,9.169728140E1,5.312872694E1,3.368702215E0,2.671423209E2,2.000179063E0,3.000000000E0
1.045843505E3,2.619593599E1,9.169724506E1,5.315670766E1,3.501902130E0,2.656312853E2,2.000170095E0,3.000000000E0
1.046843540E3,2.619593472E1,9.169721131E1,5.305428220E1,3.407495533E0,2.659139584E2,2.000161585E0,3.000000000E0
1.047843575E3,2.619593192E1,9.169717672E1,5.301527735E1,3.405270527E0,2.637665800E2,2.000153509E0,3.000000000E0
1.048843609E3,2.619592833E1,9.169713974E1,5.295904771E1,3.532532483E0,2.644047142E2,2.000145823E0,3.000000000E0
1.049843644E3,2.619592770E1,9.169710503E1,5.317669153E1,3.465283527E0,2.662670456E2,2.000138542E0,3.000000000E0
1.050843678E3,2.619592557E1,9.169707199E1,5.285808020E1,3.282193213E0,2.665952556E2,2.000131609E0,3.000000000E0
1.051843712E3,2.619592364E1,9.169703713E1,5.284760107E1,3.328718178E0,2.654539945E2,2.000125021E0,3.000000000E0
1.052843745E3,2.619592056E1,9.169699890E1,5.341777122E1,3.584903971E0,2.649534182E2,2.000118767E0,3.000000000E0
1.053843778E3,2.619591543E1,9.169696766E1,5.345795921E1,3.331755045E0,2.614144554E2,2.000112842E0,3.000000000E0
1.054843811E3,2.619591229E1,9.169693440E1,5.382367835E1,3.303048737E0,2.636641373E2,2.000107206E0,3.000000000E0
1.055843844E3,2.619591055E1,9.169690034E1,5.399801609E1,3.270896141E0,2.639479759E2,2.000101852E0,3.000000000E0
1.056843877E3,2.619590375E1,9.169686383E1,5.402926261E1,3.444430457E0,2.602047902E2,2.000096759E0,3.000000000E0
1.057843909E3,2.619589739E1,9.169682989E1,5.415578119E1,3.452689721E0,2.593627097E2,2.000091926E0,3.000000000E0
1.058843942E3,2.619589689E1,9.169679928E1,5.352213274E1,3.236620854E0,2.637410491E2,2.000087320E0,3.000000000E0
1.059843974E3,2.619589310E1,9.169676140E1,5.381026136E1,3.552611258E0,2.633296551E2,2.000082954E0,3.000000000E0
1.060844006E3,2.619588819E1,9.169672341E1,5.387471493E1,3.750853074E0,2.625024859E2,2.000078806E0,3.000000000E0
1.061844038E3,2.619588341E1,9.169668189E1,5.380654522E1,3.960325753E0,2.629951088E2,2.000074867E0,3.000000000E0
1.062844070E3,2.619588110E1,9.169664241E1,5.413670613E1,3.968090006E0,2.646514919E2,2.000071123E0,3.000000000E0
1.063844102E3,2.619587679E1,9.169660015E1,5.405517026E1,4.099664979E0,2.643154200E2,2.000067565E0,3.000000000E0
1.064844133E3,2.619587356E1,9.169656036E1,5.415999296E1,3.996493337E0,2.652656143E2,2.000064188E0,3.000000000E0
1.065844164E3,2.619587128E1,9.169652097E1,5.425356550E1,3.923902463E0,2.655665923E2,2.000060979E0,3.000000000E0
1.066844196E3,2.619586822E1,9.169648273E1,5.430552374E1,3.856323203E0,2.653836446E2,2.000057930E0,3.000000000E0
1.067844227E3,2.619586541E1,9.169644494E1,5.427848216E1,3.754644687E0,2.654262545E2,2.000055031E0,3.000000000E0
1.068844259E3,2.619586294E1,9.169640758E1,5.436490832E1,3.686395161E0,2.653510931E2,2.000052279E0,3.000000000E0
1.069844290E3,2.619585946E1,9.169637190E1,5.432434889E1,3.576560229E0,2.642212955E2,2.000049667E0,3.000000000E0
1.070844321E3,2.619585420E1,9.169633621E1,5.428456527E1,3.495725350E0,2.627747339E2,2.000047183E0,3.000000000E0
1.071844352E3,2.619584807E1,9.169629836E1,5.433982427E1,3.599667690E0,2.619741611E2,2.000044823E0,3.000000000E0
1.072844383E3,2.619584639E1,9.169626096E1,5.434932427E1,3.653019738E0,2.652837045E2,2.000042581E0,3.000000000E0
1.073844414E3,2.619584314E1,9.169622478E1,5.444378782E1,3.667937107E0,2.653455615E2,2.000040452E0,3.000000000E0
1.074844445E3,2.619584341E1,9.169619034E1,5.449005498E1,3.590455377E0,2.672197043E2,2.000038431E0,3.000000000E0
1.075844475E3,2.619584331E1,9.169615542E1,5.460797657E1,3.517054901E0,2.685579759E2,2.000036513E0,3.000000000E0
1.076844506E3,2.619584662E1,9.169612423E1,5.475649080E1,3.345672153E0,2.724533249E2,2.000034690E0,3.000000000E0
1.077844538E3,2.619585038E1,9.169609050E1,5.494900520E1,3.393587363E0,2.744278764E2,2.000032953E0,3.000000000E0
1.078844568E3,2.619585331E1,9.169605845E1,5.503990839E1,3.338659217E0,2.751970919E2,2.000031304E0,3.000000000E0
1.079844598E3,2.619585658E1,9.169602417E1,5.500656189E1,3.393314020E0,2.759284073E2,2.000029736E0,3.000000000E0
1.080844629E3,2.619585994E1,9.169598692E1,5.512974228E1,3.475859389E0,2.763311346E2,2.000028246E0,3.000000000E0
1.081844659E3,2.619586547E1,9.169595384E1,5.524651633E1,3.254019279E0,2.787057574E2,2.000026834E0,3.000000000E0
1.082844691E3,2.619587702E1,9.169592032E1,5.543304114E1,3.320501644E0,2.860864327E2,2.000025491E0,3.000000000E0
1.083844721E3,2.619589160E1,9.169588718E1,5.555390031E1,3.465397450E0,2.920890693E2,2.000024216E0,3.000000000E0
1.084844751E3,2.619590492E1,9.169585590E1,5.565182143E1,3.404384848E0,2.935383212E2,2.000023004E0,3.000000000E0
1.085844781E3,2.619591874E1,9.169582518E1,5.586505444E1,3.298884853E0,2.950661253E2,2.000021854E0,3.000000000E0
1.086844812E3,2.619593518E1,9.169579517E1,5.579595729E1,3.337058527E0,2.990390490E2,2.000020761E0,3.000000000E0
1.087844842E3,2.619595200E1,9.169576528E1,5.591765845E1,3.388905179E0,3.005324393E2,2.000019721E0,3.000000000E0
1.088844873E3,2.619596766E1,9.169573711E1,5.588838014E1,3.334211379E0,3.013763840E2,2.000018734E0,3.000000000E0
1.089844903E3,2.619598447E1,9.169570880E1,5.590707814E1,3.400784180E0,3.020204619E2,2.002800774E0,3.000000000E0
1.090844933E3,2.619599698E1,9.169567978E1,5.613432477E1,3.315984574E0,2.992346354E2,2.002660735E0,3.000000000E0
1.091844963E3,2.619601291E1,9.169565108E1,5.603619331E1,3.328224136E0,3.009243134E2,2.002527698E0,3.000000000E0
1.092844995E3,2.619603073E1,9.169562383E1,5.609232259E1,3.330122812E0,3.035857991E2,2.002401314E0,3.000000000E0
1.093845024E3,2.619605023E1,9.169559844E1,5.615810723E1,3.341481417E0,3.067427519E2,2.002281250E0,3.000000000E0
1.094845055E3,2.619607140E1,9.169557413E1,5.619215656E1,3.379513225E0,3.100326479E2,2.002167189E0,3.000000000E0
1.095845086E3,2.619609335E1,9.169555170E1,5.610091807E1,3.409882805E0,3.134562119E2,2.002058829E0,3.000000000E0
1.096845115E3,2.619611526E1,9.169553034E1,5.603479929E1,3.340584753E0,3.153339055E2,2.001955888E0,3.000000000E0
1.097845146E3,2.619613524E1,9.169550893E1,5.592625279E1,3.205898669E0,3.160421688E2,2.001858093E0,3.000000000E0
1.098845175E3,2.619615441E1,9.169548650E1,5.587901576E1,3.109489459E0,3.145602159E2,2.001765190E0,3.000000000E0
1.099845206E3,2.619617146E1,9.169546450E1,5.596756490E1,2.963346154E0,3.130823875E2,2.001676932E0,3.000000000E0
1.100845237E3,2.619618873E1,9.169544290E1,5.590096581E1,2.892902680E0,3.124077772E2,2.001593084E0,3.000000000E0
1.101845267E3,2.619620835E1,9.169541985E1,5.559477600E1,3.007279500E0,3.126097090E2,2.001513427E0,3.000000000E0
1.102845297E3,2.619623128E1,9.169539951E1,5.546935239E1,3.084651535E0,3.174050285E2,2.001437756E0,3.000000000E0
1.104036184E3,2.619633045E1,9.169524643E1,5.485069679E1,1.807879065E0,2.987870173E2,2.064682513E0,3.000000000E0
1.105036214E3,2.619633777E1,9.169522820E1,5.484052201E1,1.861350631E0,2.957407584E2,2.061448383E0,3.000000000E0
1.106036244E3,2.619634364E1,9.169520627E1,5.493088361E1,2.136221748E0,2.914642839E2,2.058375962E0,3.000000000E0
1.107036275E3,2.619634905E1,9.169517863E1,5.525353038E1,2.541033908E0,2.882771601E2,2.055457160E0,3.000000000E0
1.108036305E3,2.619635268E1,9.169514954E1,5.533589358E1,2.792101964E0,2.841982469E2,2.052684298E0,3.000000000E0
1.109036335E3,2.619635225E1,9.169512136E1,5.551502343E1,2.830048376E0,2.768035234E2,2.050050082E0,3.000000000E0
1.110036365E3,2.619634810E1,9.169509310E1,5.546823682E1,2.843106984E0,2.693575539E2,2.047547575E0,3.000000000E0
1.111036394E3,2.619634240E1,9.169506382E1,5.545543868E1,2.841111847E0,2.639262211E2,2.045170196E0,3.000000000E0
1.112036425E3,2.619633777E1,9.169503769E1,5.540461629E1,2.705256051E0,2.615801981E2,2.042911689E0,3.000000000E0
1.113036455E3,2.619633326E1,9.169500908E1,5.527387620E1,2.795775720E0,2.606037734E2,2.040766103E0,3.000000000E0
1.114036485E3,2.619632888E1,9.169498006E1,5.529363155E1,2.781796900E0,2.598245471E2,2.038727798E0,3.000000000E0
1.115036515E3,2.619632124E1,9.169495238E1,5.518908385E1,2.760136376E0,2.571665021E2,2.036791409E0,3.000000000E0
1.116036546E3,2.619631279E1,9.169492466E1,5.508282847E1,2.785784771E0,2.546231039E2,2.034951842E0,3.000000000E0
1.117036575E3,2.619630401E1,9.169489494E1,5.506679390E1,2.906411891E0,2.527343346E2,2.033204248E0,3.000000000E0
1.118036606E3,2.619629475E1,9.169486733E1,5.497139988E1,2.867307541E0,2.498785085E2,2.031544036E0,3.000000000E0
1.119036636E3,2.619628392E1,9.169484331E1,5.505337004E1,2.649104438E0,2.450303903E2,2.029966835E0,3.000000000E0
1.120036666E3,2.619626902E1,9.169481839E1,5.498685148E1,2.723844906E0,2.410885232E2,2.028468492E0,3.000000000E0
1.121036696E3,2.619625390E1,9.169479565E1,5.502669975E1,2.716155569E0,2.373451300E2,2.027045066E0,3.000000000E0
1.122036726E3,2.619623714E1,9.169477436E1,5.499425866E1,2.666929863E0,2.338910507E2,2.025692813E0,3.000000000E0
1.123036756E3,2.619621830E1,9.169475526E1,5.496858281E1,2.690227652E0,2.298063809E2,2.024408173E0,3.000000000E0
1.124036785E3,2.619619654E1,9.169473826E1,5.502358276E1,2.784332763E0,2.232727264E2,2.023187765E0,3.000000000E0
1.125036816E3,2.619617417E1,9.169472378E1,5.513939462E1,2.892828831E0,2.178517942E2,2.022028378E0,3.000000000E0
1.126036846E3,2.619615112E1,9.169470962E1,5.498497754E1,2.922745922E0,2.140722827E2,2.020926958E0,3.000000000E0
1.127036876E3,2.619612895E1,9.169469487E1,5.491967507E1,2.915861252E0,2.130489280E2,2.019880610E0,3.000000000E0
1.128036906E3,2.619610728E1,9.169467719E1,5.493430220E1,2.898966716E0,2.151071229E2,2.018886577E0,3.000000000E0
1.129036937E3,2.619608668E1,9.169465816E1,5.492815271E1,2.900522815E0,2.172666831E2,2.017942248E0,3.000000000E0
1.130036967E3,2.619606687E1,9.169463880E1,5.493486241E1,2.878153911E0,2.191546987E2,2.017045137E0,3.000000000E0
1.131036996E3,2.619604859E1,9.169461997E1,5.489263120E1,2.785221549E0,2.210104708E2,2.016192882E0,3.000000000E0
1.132037026E3,2.619603145E1,9.169459903E1,5.494892088E1,2.801462740E0,2.238207662E2,2.015383237E0,3.000000000E0
1.133037057E3,2.619601448E1,9.169457558E1,5.493173091E1,2.862654950E0,2.268008997E2,2.014614073E0,3.000000000E0
1.134037086E3,2.619599891E1,9.169455104E1,5.477252445E1,2.867812383E0,2.301025978E2,2.013883369E0,3.000000000E0
1.135037117E3,2.619598696E1,9.169452525E1,5.469324238E1,2.736272744E0,2.364064868E2,2.013189200E0,3.000000000E0
1.136037147E3,2.619598131E1,9.169450079E1,5.460964703E1,2.368873788E0,2.457307398E2,2.012529740E0,3.000000000E0
1.137037177E3,2.619598071E1,9.169448184E1,5.479437242E1,1.920390846E0,2.544857887E2,2.011903255E0,3.000000000E0
1.138037207E3,2.619598190E1,9.169445646E1,5.477000656E1,2.279706349E0,2.634756723E2,2.011308094E0,3.000000000E0
1.139037238E3,2.619598633E1,9.169442790E1,5.474802161E1,2.703843688E0,2.700231389E2,2.010742690E0,3.000000000E0
1.140037267E3,2.619598794E1,9.169439853E1,5.481530737E1,2.895769049E0,2.712135976E2,2.010205556E0,3.000000000E0
1.141037297E3,2.619598536E1,9.169436786E1,5.485099836E1,3.030464468E0,2.680844255E2,2.009695277E0,3.000000000E0
1.142033673E3,2.619598237E1,9.169433506E1,5.492672067E1,3.211836870E0,2.668251551E2,2.009210513E0,3.000000000E0
1.143033655E3,2.619598446E1,9.169430254E1,5.490114573E1,3.252159230E0,2.705634151E2,2.008749986E0,3.000000000E0
1.144033698E3,2.619599403E1,9.169427181E1,5.482751884E1,3.279618438E0,2.796108255E2,2.008312487E0,3.000000000E0
1.145033694E3,2.619600555E1,9.169424029E1,5.473178061E1,3.292280067E0,2.854504777E2,2.007896864E0,3.000000000E0
1.146033690E3,2.619602027E1,9.169421099E1,5.467198840E1,3.225284064E0,2.914598820E2,2.007502021E0,3.000000000E0
1.147033735E3,2.619603717E1,9.169418526E1,5.475620697E1,3.149366269E0,2.993562042E2,2.007126920E0,3.000000000E0
1.148033729E3,2.619605603E1,9.169415920E1,5.481468553E1,3.287188580E0,3.045076170E2,2.006770574E0,3.000000000E0
1.149033725E3,2.619607484E1,9.169413315E1,5.495936975E1,3.297850006E0,3.070071577E2,2.006432044E0,3.000000000E0
1.150033770E3,2.619609871E1,9.169411112E1,5.505824753E1,3.403984200E0,3.142011698E2,2.006110442E0,3.000000000E0
1.151033764E3,2.619612606E1,9.169409349E1,5.527522373E1,3.471440120E0,3.220629632E2,2.005804920E0,3.000000000E0
1.152033756E3,2.619615513E1,9.169407906E1,5.538601387E1,3.512838892E0,3.288741809E2,2.005514672E0,3.000000000E0
1.153033798E3,2.619618237E1,9.169406857E1,5.540361449E1,3.351337685E0,3.353625822E2,2.005238937E0,3.000000000E0
1.154033788E3,2.619621217E1,9.169406397E1,5.567676925E1,3.292650985E0,3.440558490E2,2.004976991E0,3.000000000E0
1.155033780E3,2.619624056E1,9.169406362E1,5.594780374E1,3.228814078E0,3.514078781E2,2.004728142E0,3.000000000E0
1.156033821E3,2.619627037E1,9.169406523E1,5.606151020E1,3.272326168E0,3.561699945E2,2.004491735E0,3.000000000E0
1.157033860E3,2.619629637E1,9.169406622E1,5.625893090E1,3.035136959E0,3.576337699E2,2.004267148E0,3.000000000E0
1.158033900E3,2.619632247E1,9.169406443E1,5.633874949E1,2.918424684E0,3.566000886E2,2.004053792E0,3.000000000E0
1.159033939E3,2.619634783E1,9.169406294E1,5.630280324E1,2.811482283E0,3.579291021E2,2.003851103E0,3.000000000E0
1.160033978E3,2.619637634E1,9.169406541E1,5.632518970E1,2.910765284E0,1.308031488E0,2.003658547E0,3.000000000E0
1.161034017E3,2.619640345E1,9.169406813E1,5.636411194E1,2.912151563E0,3.209078728E0,2.003475620E0,3.000000000E0
1.162034054E3,2.619643122E1,9.169406803E1,5.656939972E1,2.960726917E0,1.588902325E0,2.003301839E0,3.000000000E0
1.163034090E3,2.619645780E1,9.169406511E1,5.636491573E1,2.955371859E0,3.584378066E2,2.003136745E0,3.000000000E0
1.164034127E3,2.619648666E1,9.169405950E1,5.650117177E1,3.007472343E0,3.551604137E2,2.002979907E0,3.000000000E0
1.165034164E3,2.619651591E1,9.169405612E1,5.657764795E1,3.092945670E0,3.541093378E2,2.002830912E0,3.000000000E0
1.166034198E3,2.619654584E1,9.169405060E1,5.631024502E1,3.185942729E0,3.516301257E2,2.002689364E0,3.000000000E0
1.167034234E3,2.619657613E1,9.169403780E1,5.634031078E1,3.344989426E0,3.455103246E2,2.010390728E0,3.000000000E0
1.168034268E3,2.619660290E1,9.169402260E1,5.631228300E1,3.358899558E0,3.396075765E2,2.009871192E0,3.000000000E0
1.169034304E3,2.619662962E1,9.169400279E1,5.613226566E1,3.461347797E0,3.330957567E2,2.009377632E0,3.000000000E0
1.170034339E3,2.619665633E1,9.169397960E1,5.606712876E1,3.610333991E0,3.281557749E2,2.008908750E0,3.000000000E0
1.171034373E3,2.619668085E1,9.169395400E1,5.605015979E1,3.569525611E0,3.219780694E2,2.008463313E0,3.000000000E0
1.172034406E3,2.619669903E1,9.169392917E1,5.611529371E1,3.345846915E0,3.164743972E2,2.008040148E0,3.000000000E0
1.173034440E3,2.619671963E1,9.169390107E1,5.605809690E1,3.465865137E0,3.126760881E2,2.007638140E0,3.000000000E0
1.174034474E3,2.619673695E1,9.169387348E1,5.628620230E1,3.374994947E0,3.090555551E2,2.007256234E0,3.000000000E0
1.175034506E3,2.619675645E1,9.169384917E1,5.629958426E1,3.217189968E0,3.096764870E2,2.006893424E0,3.000000000E0
1.176034541E3,2.619677689E1,9.169382509E1,5.631896576E1,3.178056532E0,3.115385601E2,2.006548754E0,3.000000000E0
1.177034573E3,2.619679743E1,9.169379856E1,5.604990163E1,3.254914842E0,3.115379283E2,2.006221314E0,3.000000000E0
1.178034605E3,2.619681992E1,9.169377288E1,5.622276867E1,3.401486347E0,3.117283035E2,2.005910247E0,3.000000000E0
1.179034638E3,2.619684078E1,9.169374662E1,5.617279256E1,3.511227175E0,3.114700063E2,2.007129082E0,3.000000000E0
1.180034670E3,2.619685823E1,9.169372087E1,5.599638782E1,3.460580071E0,3.102945157E2,2.006772626E0,3.000000000E0
1.181034702E3,2.619687714E1,9.169369785E1,5.571489254E1,3.362858775E0,3.113255067E2,2.006433993E0,3.000000000E0
1.182034735E3,2.619689910E1,9.169366985E1,5.575149729E1,3.563051370E0,3.109026960E2,2.006112291E0,3.000000000E0
1.183034767E3,2.619691986E1,9.169363960E1,5.568095247E1,3.728499775E0,3.096436588E2,2.005806674E0,3.000000000E0
1.184034799E3,2.619694036E1,9.169361462E1,5.523411408E1,3.564307831E0,3.108248881E2,2.005516339E0,3.000000000E0
1.185034830E3,2.619696187E1,9.169359325E1,5.537666340E1,3.315604762E0,3.144047307E2,2.005240521E0,3.000000000E0
1.186034862E3,2.619698108E1,9.169356746E1,5.527778656E1,3.176586569E0,3.109599712E2,2.019397548E0,3.000000000E0
1.187034893E3,2.619699803E1,9.169353812E1,5.520840475E1,3.244848405E0,3.070621032E2,2.029309066E0,3.000000000E0
1.188034925E3,2.619701689E1,9.169351126E1,5.509392399E1,3.211012941E0,3.077825037E2,2.027843611E0,3.000000000E0
1.189034956E3,2.619704015E1,9.169348625E1,5.530503655E1,3.274420653E0,3.109965474E2,2.026451430E0,3.000000000E0
1.190034988E3,2.619706275E1,9.169346120E1,5.529317653E1,3.285776812E0,3.121514123E2,2.025128857E0,3.000000000E0
1.191035018E3,2.619708354E1,9.169343323E1,5.529375976E1,3.366404118E0,3.102181354E2,2.023872413E0,3.000000000E0
1.192035050E3,2.619710321E1,9.169340355E1,5.537590018E1,3.482234518E0,3.073109113E2,2.022678792E0,3.000000000E0
1.193035081E3,2.619712676E1,9.169337609E1,5.543785560E1,3.612013447E0,3.101034662E2,2.046828785E0,3.000000000E0
1.194035112E3,2.619714941E1,9.169335196E1,5.534476512E1,3.561475028E0,3.122424241E2,2.044487345E0,3.000000000E0
1.195035143E3,2.619717152E1,9.169332718E1,5.513954465E1,3.522209758E0,3.135171298E2,2.060261529E0,3.000000000E0
1.196035174E3,2.619719175E1,9.169330110E1,5.524434302E1,3.415862911E0,3.122077436E2,2.057444393E0,3.000000000E0
1.197035204E3,2.619721124E1,9.169327233E1,5.508779657E1,3.488908571E0,3.105630746E2,2.054572173E0,3.000000000E0
1.198035235E3,2.619723220E1,9.169324647E1,5.484107759E1,3.456802369E0,3.117914431E2,2.051843564E0,3.000000000E0
1.199035266E3,2.619725326E1,9.169322076E1,5.494698627E1,3.398836752E0,3.126244785E2,2.049251387E0,3.000000000E0
1.200035297E3,2.619727309E1,9.169319544E1,5.485699585E1,3.308766039E0,3.121391643E2,2.046788817E0,3.000000000E0
1.201035328E3,2.619729371E1,9.169316920E1,5.468714531E1,3.337212845E0,3.118117698E2,2.044449377E0,3.000000000E0
1.202035358E3,2.619731086E1,9.169313909E1,5.465714002E1,3.398056645E0,3.066386600E2,2.042226909E0,3.000000000E0
1.203035389E3,2.619732281E1,9.169310592E1,5.447881924E1,3.427233107E0,2.989464141E2,2.040115564E0,3.000000000E0
1.204035419E3,2.619733192E1,9.169306955E1,5.450226259E1,3.597904826E0,2.923834270E2,2.038109787E0,3.000000000E0
1.205035450E3,2.619733673E1,9.169303566E1,5.455031272E1,3.478882749E0,2.850620644E2,2.036204299E0,3.000000000E0
1.206035480E3,2.619733117E1,9.169299789E1,5.449006105E1,3.578706983E0,2.714048201E2,2.034394087E0,3.000000000E0
1.207035511E3,2.619732442E1,9.169296162E1,5.447435918E1,3.606104808E0,2.652107527E2,2.032674382E0,3.000000000E0
1.208035542E3,2.619731604E1,9.169292823E1,5.444339829E1,3.484501382E0,2.600129540E2,2.031040662E0,3.000000000E0
1.209035572E3,2.619730799E1,9.169289794E1,5.422639040E1,3.283330884E0,2.566551949E2,2.029488631E0,3.000000000E0
1.210035601E3,2.619729732E1,9.169286503E1,5.422782431E1,3.459654003E0,2.530144104E2,2.028014199E0,3.000000000E0
1.211035632E3,2.619728940E1,9.169283495E1,5.428579168E1,3.262595896E0,2.527342095E2,2.026613490E0,3.000000000E0
1.212035663E3,2.619728085E1,9.169280631E1,5.437179465E1,3.103405588E0,2.522241769E2,2.025282815E0,3.000000000E0
1.213035693E3,2.619727009E1,9.169277714E1,5.438513377E1,3.033552371E0,2.509359589E2,2.024018675E0,3.000000000E0
1.214035723E3,2.619725974E1,9.169274234E1,5.411792829E1,3.192323961E0,2.525838166E2,2.022817738E0,3.000000000E0
1.215035754E3,2.619724770E1,9.169270809E1,5.430893315E1,3.419850819E0,2.512905644E2,2.021676854E0,3.000000000E0
1.216035784E3,2.619723845E1,9.169267701E1,5.420658488E1,3.334185088E0,2.515893389E2,2.020593005E0,3.000000000E0
1.217035814E3,2.619723046E1,9.169264378E1,5.408540970E1,3.368390269E0,2.539309308E2,2.019563350E0,3.000000000E0
1.218035845E3,2.619722161E1,9.169260915E1,5.390213048E1,3.506445792E0,2.543095874E2,2.018585177E0,3.000000000E0
1.219035875E3,2.619721283E1,9.169257445E1,5.410794746E1,3.560268265E0,2.542939220E2,2.017655919E0,3.000000000E0
1.220035905E3,2.619720510E1,9.169254074E1,5.413689376E1,3.525306001E0,2.549498184E2,2.016773115E0,3.000000000E0
1.221035936E3,2.619719720E1,9.169250561E1,5.382241790E1,3.524683295E0,2.558336739E2,2.015934463E0,3.000000000E0
1.222035966E3,2.619718961E1,9.169247249E1,5.368708973E1,3.418228729E0,2.557612403E2,2.015137738E0,3.000000000E0
1.223035996E3,2.619717999E1,9.169243632E1,5.370116193E1,3.570179607E0,2.540857663E2,2.014380853E0,3.000000000E0
1.224036026E3,2.619716662E1,9.169240430E1,5.380667244E1,3.548502886E0,2.502041617E2,2.013661809E0,3.000000000E0
1.225036057E3,2.619715192E1,9.169236988E1,5.379604669E1,3.710652328E0,2.480648842E2,2.012978713E0,3.000000000E0
1.226036086E3,2.619714114E1,9.169233368E1,5.395351398E1,3.763180957E0,2.510354830E2,2.012329783E0,3.000000000E0
1.227036117E3,2.619714148E1,9.169230180E1,5.447927305E1,3.460495473E0,2.603791892E2,2.011713302E0,3.000000000E0
1.228036146E3,2.619713802E1,9.169227366E1,5.507149603E1,3.170698637E0,2.618306314E2,2.011127643E0,3.000000000E0
1.229036177E3,2.619713191E1,9.169223944E1,5.500091445E1,3.184410078E0,2.602728723E2,2.010571260E0,3.000000000E0
1.230036206E3,2.619712589E1,9.169220162E1,5.466143901E1,3.216144245E0,2.593568210E2,2.010042689E0,3.000000000E0
1.231036237E3,2.619711859E1,9.169216303E1,5.456045708E1,3.280403704E0,2.585464372E2,2.009540546E0,3.000000000E0
1.232036268E3,2.619711206E1,9.169212405E1,5.450898704E1,3.349062132E0,2.580416400E2,2.009063509E0,3.000000000E0
1.233036298E3,2.619711049E1,9.169208505E1,5.442813065E1,3.236046488E0,2.588490671E2,2.010716037E0,3.000000000E0
1.234036328E3,2.619710976E1,9.169204601E1,5.462711303E1,3.368949352E0,2.601738445E2,2.010180235E0,3.000000000E0
1.235036358E3,2.619710786E1,9.169200794E1,5.460419433E1,3.583674379E0,2.612593315E2,2.009671219E0,3.000000000E0
1.236036388E3,2.619710867E1,9.169197141E1,5.466251569E1,3.563715381E0,2.644777496E2,2.009187659E0,3.000000000E0
1.237036418E3,2.619710607E1,9.169193462E1,5.465757757E1,3.712800565E0,2.642909478E2,2.008728269E0,3.000000000E0
1.238036449E3,2.619709826E1,9.169189869E1,5.445740803E1,3.822216543E0,2.590799401E2,2.008291849E0,3.000000000E0
1.239036478E3,2.619708453E1,9.169186738E1,5.405085996E1,3.827610194E0,2.500734121E2,2.007877247E0,3.000000000E0
1.240036509E3,2.619706274E1,9.169185006E1,5.377583635E1,3.424870192E0,2.325328082E2,2.009854188E0,3.000000000E0
1.241036539E3,2.619704147E1,9.169182504E1,5.406536848E1,3.300069001E0,2.278889942E2,2.009361478E0,3.000000000E0
1.242036569E3,2.619701899E1,9.169180284E1,5.398261329E1,3.160813887E0,2.236909981E2,2.008893399E0,3.000000000E0
1.243036599E3,2.619699670E1,9.169178535E1,5.372476703E1,2.945272706E0,2.185737118E2,2.008448731E0,3.000000000E0
1.244036629E3,2.619697069E1,9.169176687E1,5.359315833E1,2.953700676E0,2.154339173E2,2.008026297E0,3.000000000E0
1.245036659E3,2.619694663E1,9.169174404E1,5.352750379E1,3.117189410E0,2.165460439E2,2.007624980E0,3.000000000E0
1.246036689E3,2.619692477E1,9.169171962E1,5.395344040E1,3.073787340E0,2.197428420E2,2.007243735E0,3.000000000E0
1.247036718E3,2.619690786E1,9.169169095E1,5.380146367E1,3.044546445E0,2.288956900E2,2.006881542E0,3.000000000E0
1.248036749E3,2.619689589E1,9.169165653E1,5.376056999E1,3.202189831E0,2.395699171E2,2.006537455E0,3.000000000E0
1.249036780E3,2.619688963E1,9.169161980E1,5.370070025E1,3.289729924E0,2.495382609E2,2.006210576E0,3.000000000E0
1.250036810E3,2.619689329E1,9.169158470E1,5.335919432E1,3.339870826E0,2.645587744E2,2.005900051E0,3.000000000E0
1.251036839E3,2.619690207E1,9.169154886E1,5.322531736E1,3.455885974E0,2.749957833E2,2.005605047E0,3.000000000E0
1.252036870E3,2.619691321E1,9.169151287E1,5.333936351E1,3.591952553E0,2.820776773E2,2.005324794E0,3.000000000E0
1.253036900E3,2.619692503E1,9.169147670E1,5.356993320E1,3.682568096E0,2.857324049E2,2.005058550E0,3.000000000E0
1.254036930E3,2.619692887E1,9.169144112E1,5.389118464E1,3.603034485E0,2.818869086E2,2.004805628E0,3.000000000E0
1.255036960E3,2.619692969E1,9.169140189E1,5.364698162E1,3.749276165E0,2.750621332E2,2.004565345E0,3.000000000E0
1.256036991E3,2.619692876E1,9.169136506E1,5.359258976E1,3.740147741E0,2.715098397E2,2.004337075E0,3.000000000E0
1.257037020E3,2.619692156E1,9.169132773E1,5.360812782E1,3.744270212E0,2.638491350E2,2.004120221E0,3.000000000E0
1.258037050E3,2.619691452E1,9.169129250E1,5.351311719E1,3.662264582E0,2.598180928E2,2.003914211E0,3.000000000E0
1.259037080E3,2.619690717E1,9.169125872E1,5.346744265E1,3.574230509E0,2.577766744E2,2.003718501E0,3.000000000E0
1.260037110E3,2.619690051E1,9.169122443E1,5.335266671E1,3.548175925E0,2.570826807E2,2.003532578E0,3.000000000E0
1.261037141E3,2.619689280E1,9.169119111E1,5.328706678E1,3.501745616E0,2.559437078E2,2.003355949E0,3.000000000E0
1.262037170E3,2.619688449E1,9.169115959E1,5.327544701E1,3.424763363E0,2.544831749E2,2.003188148E0,3.000000000E0
1.263037201E3,2.619687706E1,9.169112613E1,5.319127763E1,3.512206924E0,2.547763411E2,2.003028739E0,3.000000000E0
1.264037230E3,2.619687004E1,9.169109186E1,5.305759691E1,3.678213238E0,2.560561723E2,2.002877300E0,3.000000000E0
1.265037261E3,2.619686267E1,9.169105604E1,5.280405529E1,3.839770959E0,2.563493146E2,2.002733429E0,3.000000000E0
1.266037291E3,2.619685489E1,9.169102034E1,5.273125856E1,3.842072225E0,2.559173725E2,2.002596754E0,3.000000000E0
1.267037321E3,2.619684505E1,9.169098135E1,5.264038225E1,4.021673536E0,2.549142320E2,2.002466913E0,3.000000000E0
1.268033432E3,2.619683731E1,9.169094222E1,5.255248776E1,4.082003833E0,2.563631328E2,2.002343567E0,3.000000000E0
1.269033408E3,2.619682899E1,9.169090763E1,5.232044074E1,3.874137736E0,2.550650959E2,2.002226390E0,3.000000000E0
1.270033463E3,2.619681888E1,9.169087191E1,5.235559104E1,3.757850857E0,2.533143572E2,2.002115070E0,3.000000000E0
1.271033469E3,2.619680816E1,9.169083576E1,5.239900975E1,3.704681061E0,2.527345149E2,2.002009318E0,3.000000000E0
1.272033473E3,2.619679958E1,9.169079959E1,5.252285753E1,3.623476720E0,2.542332303E2,2.001908852E0,3.000000000E0
1.273033530E3,2.619679346E1,9.169076951E1,5.259311240E1,3.307527021E0,2.545493875E2,2.001813410E0,3.000000000E0
1.274033538E3,2.619678436E1,9.169073679E1,5.263582840E1,3.225421779E0,2.541600644E2,2.004439436E0,3.000000000E0
1.275033541E3,2.619677543E1,9.169070496E1,5.251037933E1,3.102731304E0,2.535618143E2,2.004217462E0,3.000000000E0
1.276033597E3,2.619676852E1,9.169067520E1,5.295772327E1,2.985976382E0,2.546154908E2,2.004006595E0,3.000000000E0
1.277033599E3,2.619676161E1,9.169064263E1,5.302477295E1,3.009921079E0,2.559347124E2,2.003806266E0,3.000000000E0
1.278033599E3,2.619675520E1,9.169061196E1,5.291955930E1,2.974071914E0,2.561397486E2,2.003615953E0,3.000000000E0
1.279033650E3,2.619674786E1,9.169058333E1,5.268744234E1,2.911573937E0,2.542399526E2,2.003435152E0,3.000000000E0
1.280033650E3,2.619673715E1,9.169055387E1,5.254855533E1,2.915133561E0,2.510949636E2,2.003263391E0,3.000000000E0
1.281033648E3,2.619672596E1,9.169051942E1,5.251102798E1,3.129925317E0,2.507497897E2,2.003594171E0,3.000000000E0
1.282033692E3,2.619671552E1,9.169048322E1,5.246616854E1,3.347024807E0,2.521541599E2,2.003414467E0,3.000000000E0
1.283033741E3,2.619670461E1,9.169044710E1,5.242380834E1,3.526796564E0,2.521603706E2,2.003243742E0,3.000000000E0
1.284033787E3,2.619669453E1,9.169041014E1,5.268921123E1,3.616579616E0,2.530821150E2,2.003081553E0,3.000000000E0
1.285033833E3,2.619668601E1,9.169037446E1,5.280691848E1,3.595817046E0,2.541152996E2,2.002927473E0,3.000000000E0
1.286033878E3,2.619667784E1,9.169034012E1,5.281461778E1,3.524015085E0,2.548201116E2,2.002781098E0,3.000000000E0
1.287033922E3,2.619666863E1,9.169030745E1,5.305328132E1,3.398851305E0,2.537056045E2,2.002642040E0,3.000000000E0
1.288033965E3,2.619666055E1,9.169027325E1,5.303378418E1,3.408568126E0,2.545634301E2,2.002509939E0,3.000000000E0
1.289034007E3,2.619665259E1,9.169023871E1,5.319653224E1,3.419273989E0,2.552136966E2,2.002384444E0,3.000000000E0
1.290034048E3,2.619664760E1,9.169020481E1,5.329005556E1,3.389735082E0,2.575111242E2,2.002265224E0,3.000000000E0
1.291034090E3,2.619663793E1,9.169017141E1,5.347721285E1,3.384684785E0,2.546347876E2,2.002151961E0,3.000000000E0
1.292034130E3,2.619662654E1,9.169013629E1,5.340459279E1,3.481799432E0,2.525342498E2,2.002044360E0,3.000000000E0
1.293034169E3,2.619661380E1,9.169010038E1,5.331199578E1,3.612409825E0,2.506315416E2,2.001942140E0,3.000000000E0
1.294034208E3,2.619660000E1,9.169006389E1,5.330086456E1,3.727659122E0,2.490871632E2,2.001845030E0,3.000000000E0
1.295034247E3,2.619658766E1,9.169002686E1,5.334336483E1,3.805988670E0,2.496951758E2,2.001752781E0,3.000000000E0
1.296034285E3,2.619657897E1,9.168998998E1,5.304197554E1,3.773551287E0,2.525328339E2,2.001665142E0,3.000000000E0
1.297034322E3,2.619656831E1,9.168995388E1,5.321616356E1,3.798015860E0,2.525044857E2,2.001581886E0,3.000000000E0
1.298034359E3,2.619655653E1,9.168991900E1,5.343705731E1,3.742111655E0,2.512440165E2,2.001502793E0,3.000000000E0
1.299034395E3,2.619654575E1,9.168988513E1,5.354425968E1,3.629891997E0,2.510053958E2,2.001427654E0,3.000000000E0
1.300034431E3,2.619653420E1,9.168985191E1,5.341986825E1,3.470449630E0,2.502836149E2,2.001356272E0,3.000000000E0
1.301034466E3,2.619652536E1,9.168982034E1,5.346268521E1,3.355534074E0,2.520993977E2,2.001288457E0,3.000000000E0
1.302034503E3,2.619652053E1,9.168978915E1,5.344400644E1,3.207434992E0,2.550081901E2,2.001224031E0,3.000000000E0
1.303034537E3,2.619651214E1,9.168975813E1,5.371432310E1,3.054208302E0,2.553637216E2,2.001162832E0,3.000000000E0
1.304034572E3,2.619650302E1,9.168972844E1,5.369418911E1,2.983940195E0,2.541848348E2,2.001104693E0,3.000000000E0
1.305034606E3,2.619649426E1,9.168970144E1,5.382962702E1,2.919639418E0,2.523953817E2,2.001049462E0,3.000000000E0
1.306034640E3,2.619648593E1,9.168967302E1,5.404705642E1,2.933471253E0,2.525742830E2,2.000996991E0,3.000000000E0
1.307034675E3,2.619647930E1,9.168964318E1,5.418538124E1,2.923851009E0,2.543713078E2,2.000947140E0,3.000000000E0
1.308034707E3,2.619647019E1,9.168961449E1,5.400783115E1,2.897412435E0,2.530963672E2,2.000899782E0,3.000000000E0
1.309034742E3,2.619646228E1,9.168958479E1,5.385915354E1,2.938171174E0,2.531288600E2,2.000854790E0,3.000000000E0
1.310034774E3,2.619645373E1,9.168955490E1,5.400717182E1,2.955316175E0,2.525312216E2,2.000812050E0,3.000000000E0
1.311034807E3,2.619644472E1,9.168952393E1,5.413835654E1,3.082933668E0,2.524049377E2,2.000771446E0,3.000000000E0
1.312034840E3,2.619643629E1,9.168949557E1,5.428562971E1,2.922526042E0,2.516617730E2,2.000732876E0,3.000000000E0
1.313034873E3,2.619642496E1,9.168946511E1,5.429620321E1,3.058611899E0,2.499964307E2,2.000696230E0,3.000000000E0
1.314034905E3,2.619641492E1,9.168943505E1,5.425217005E1,3.081896321E0,2.500267917E2,2.000661416E0,3.000000000E0
1.315034938E3,2.619640540E1,9.168940676E1,5.421790869E1,2.990372469E0,2.495831087E2,2.000628342E0,3.000000000E0
1.316034969E3,2.619639373E1,9.168937675E1,5.437045414E1,3.087170562E0,2.481995660E2,2.000596921E0,3.000000000E0
1.317035002E3,2.619638209E1,9.168934771E1,5.440427687E1,3.106178133E0,2.474897351E2,2.000567072E0,3.000000000E0
1.318035033E3,2.619637031E1,9.168931855E1,5.433407855E1,3.151120835E0,2.460187929E2,2.000538715E0,3.000000000E0
1.319035065E3,2.619636018E1,9.168928976E1,5.431254010E1,3.115535690E0,2.470546447E2,2.000511777E0,3.000000000E0
1.320035097E3,2.619634992E1,9.168926274E1,5.436386566E1,3.036183174E0,2.474404472E2,2.000486186E0,3.000000000E0
1.321035129E3,2.619633897E1,9.168923507E1,5.446854032E1,3.023371391E0,2.471992347E2,2.000461875E0,3.000000000E0
1.322035161E3,2.619632823E1,9.168920912E1,5.425752619E1,2.976445417E0,2.457916040E2,2.000438779E0,3.000000000E0
1.323035191E3,2.619631714E1,9.168918526E1,5.406018747E1,2.855912203E0,2.435093754E2,2.000416836E0,3.000000000E0
1.324035223E3,2.619630129E1,9.168915889E1,5.396202660E1,2.955257869E0,2.402014103E2,2.000395988E0,3.000000000E0
1.325035254E3,2.619628612E1,9.168913612E1,5.399990932E1,2.760798547E0,2.359646291E2,2.000376188E0,3.000000000E0
1.326035285E3,2.619626728E1,9.168911717E1,5.393769640E1,2.655219075E0,2.288040600E2,2.023049376E0,3.000000000E0
1.327035316E3,2.619624549E1,9.168910093E1,5.410391683E1,2.603779958E0,2.211391773E2,2.021896909E0,3.000000000E0
1.328035348E3,2.619622439E1,9.168908994E1,5.394179989E1,2.623168972E0,2.130772923E2,2.020802062E0,3.000000000E0
1.329035378E3,2.619620056E1,9.168908183E1,5.419202668E1,2.465105768E0,2.048211928E2,2.019761963E0,3.000000000E0
1.330035409E3,2.619617487E1,9.168907775E1,5.422974244E1,2.563597957E0,1.961653191E2,2.018773868E0,3.000000000E0
1.331035440E3,2.619614812E1,9.168907425E1,5.399909177E1,2.707948238E0,1.909498995E2,2.017835176E0,3.000000000E0
1.332035472E3,2.619612273E1,9.168906932E1,5.420118106E1,2.817038609E0,1.886727155E2,2.016943420E0,3.000000000E0
1.333035501E3,2.619609330E1,9.168907044E1,5.432829494E1,2.880980514E0,1.838587604E2,2.016096252E0,3.000000000E0
1.334035533E3,2.619606499E1,9.168907100E1,5.437207512E1,3.051476175E0,1.804107975E2,2.015291441E0,3.000000000E0
1.335035564E3,2.619603855E1,9.168906925E1,5.457136589E1,3.071929276E0,1.802164053E2,2.014526872E0,3.000000000E0
1.336035594E3,2.619601203E1,9.168906849E1,5.476911639E1,3.034200684E0,1.796857742E2,2.013800529E0,3.000000000E0
1.337035624E3,2.619598333E1,9.168906915E1,5.509446654E1,3.130649290E0,1.784792641E2,2.013110504E0,3.000000000E0
1.338035655E3,2.619595592E1,9.168906986E1,5.525450915E1,3.076740393E0,1.784153624E2,2.012454978E0,3.000000000E0
1.339035686E3,2.619592867E1,9.168906896E1,5.559480831E1,3.007601910E0,1.787961736E2,2.011832227E0,3.000000000E0
1.340035717E3,2.619589953E1,9.168906990E1,5.551325402E1,3.077660831E0,1.779695694E2,2.011240617E0,3.000000000E0
1.341035747E3,2.619587304E1,9.168906893E1,5.556259068E1,2.982265082E0,1.793702482E2,2.010678583E0,3.000000000E0
1.342035777E3,2.619584782E1,9.168906737E1,5.559560177E1,2.837371300E0,1.817994514E2,2.010144651E0,3.000000000E0
1.343035807E3,2.619582488E1,9.168906888E1,5.551319964E1,2.700752803E0,1.808141694E2,2.009637418E0,3.000000000E0
1.344035838E3,2.619579759E1,9.168907044E1,5.544545568E1,2.852405599E0,1.791301565E2,2.009155546E0,3.000000000E0
1.345035869E3,2.619576926E1,9.168907404E1,5.554319692E1,2.927817065E0,1.771675164E2,2.008697767E0,3.000000000E0
1.346035900E3,2.619574178E1,9.168907560E1,5.560886811E1,3.005522697E0,1.771650486E2,2.008262879E0,3.000000000E0
1.347035930E3,2.619571693E1,9.168907670E1,5.574206271E1,2.910652915E0,1.771005031E2,2.007849733E0,3.000000000E0
1.348035960E3,2.619568919E1,9.168907974E1,5.569550505E1,2.955741937E0,1.763130392E2,2.007457245E0,3.000000000E0
1.349035990E3,2.619566417E1,9.168908576E1,5.557453257E1,2.921611007E0,1.733916401E2,2.007084384E0,3.000000000E0
1.350036020E3,2.619563494E1,9.168909085E1,5.562137760E1,3.065263885E0,1.719453692E2,2.006730167E0,3.000000000E0
1.351036050E3,2.619560653E1,9.168909656E1,5.576310758E1,2.998201282E0,1.699640092E2,2.006393659E0,3.000000000E0
1.352036081E3,2.619557882E1,9.168910470E1,5.589438916E1,2.999962924E0,1.670701762E2,2.006073977E0,3.000000000E0
1.353036111E3,2.619554742E1,9.168911324E1,5.594783000E1,3.276891781E0,1.670347129E2,2.010129210E0,3.000000000E0
1.354036141E3,2.619551542E1,9.168911473E1,5.607584332E1,3.477581212E0,1.735439475E2,2.009622743E0,3.000000000E0
1.355036172E3,2.619548531E1,9.168910499E1,5.623644185E1,3.481211914E0,1.842288395E2,2.009141604E0,3.000000000E0
1.356036202E3,2.619545561E1,9.168909793E1,5.629956078E1,3.362266767E0,1.878156770E2,2.008684525E0,3.000000000E0
1.357036232E3,2.619542519E1,9.168909036E1,5.652771671E1,3.375650422E0,1.902631519E2,2.008250298E0,3.000000000E0
1.358036262E3,2.619539579E1,9.168908005E1,5.648716763E1,3.359035144E0,1.937669492E2,2.007837780E0,3.000000000E0
1.359036292E3,2.619536736E1,9.168906956E1,5.634397818E1,3.317110582E0,1.964457338E2,2.007445888E0,3.000000000E0
1.360036323E3,2.619534145E1,9.168905658E1,5.618447511E1,3.174863118E0,2.006690015E2,2.007073589E0,3.000000000E0
1.361036353E3,2.619531721E1,9.168904293E1,5.606679551E1,3.064924992E0,2.042014459E2,2.006719905E0,3.000000000E0
1.362036383E3,2.619529186E1,9.168902798E1,5.599388121E1,3.056978139E0,2.076737141E2,2.015810271E0,3.000000000E0
1.363036413E3,2.619526776E1,9.168900994E1,5.592071238E1,3.055900937E0,2.123143843E2,2.027950901E0,3.000000000E0
1.364036443E3,2.619524682E1,9.168899077E1,5.586479588E1,2.918874798E0,2.159241202E2,2.047559691E0,3.000000000E0
1.365036473E3,2.619522520E1,9.168897272E1,5.572637103E1,2.778541507E0,2.173440182E2,2.061887921E0,3.000000000E0
1.366036503E3,2.619520359E1,9.168895807E1,5.568091963E1,2.694986360E0,2.156190871E2,2.058793527E0,3.000000000E0
1.367036533E3,2.619517878E1,9.168894182E1,5.565143375E1,2.914603402E0,2.141376835E2,2.055853847E0,3.000000000E0
1.368036565E3,2.619515357E1,9.168892386E1,5.536475337E1,3.127799097E0,2.137142998E2,2.053061148E0,3.000000000E0
1.369036594E3,2.619513043E1,9.168890244E1,5.519281186E1,3.293156724E0,2.171747234E2,2.050408091E0,3.000000000E0
1.370036624E3,2.619511273E1,9.168887709E1,5.489443710E1,3.281629599E0,2.255117901E2,2.055729440E0,3.000000000E0
1.371036654E3,2.619510065E1,9.168884267E1,5.470130708E1,3.494454443E0,2.394256332E2,2.052942961E0,3.000000000E0
1.372036685E3,2.619509346E1,9.168880723E1,5.450946327E1,3.532727371E0,2.489235720E2,2.050295803E0,3.000000000E0
1.373036714E3,2.619508732E1,9.168877496E1,5.433486107E1,3.374865059E0,2.539425398E2,2.047781022E0,3.000000000E0
1.374036744E3,2.619507854E1,9.168874597E1,5.434526898E1,2.935175909E0,2.537387511E2,2.045391976E0,3.000000000E0
1.375036775E3,2.619507061E1,9.168872414E1,5.436196552E1,2.413633340E0,2.519858641E2,2.043122384E0,3.000000000E0
1.376036804E3,2.619506254E1,9.168870358E1,5.419191019E1,2.310091544E0,2.500537750E2,2.040966265E0,3.000000000E0
1.377036835E3,2.619504927E1,9.168867807E1,5.461358200E1,2.624686379E0,2.457912057E2,2.038917953E0,3.000000000E0
1.378036865E3,2.619503539E1,9.168865267E1,5.478709069E1,2.800742825E0,2.431860487E2,2.036972054E0,3.000000000E0
1.379036895E3,2.619502017E1,9.168862830E1,5.481680282E1,2.836168924E0,2.399771662E2,2.035123451E0,3.000000000E0
1.380036925E3,2.619500580E1,9.168860722E1,5.486702394E1,2.654965263E0,2.368257037E2,2.033367278E0,3.000000000E0
1.381036955E3,2.619499166E1,9.168858413E1,5.484789611E1,2.802788614E0,2.367500558E2,2.052094478E0,3.000000000E0
1.382036985E3,2.619498527E1,9.168855329E1,5.475443553E1,2.950661475E0,2.508585172E2,2.049489751E0,3.000000000E0
1.383037016E3,2.619498739E1,9.168853234E1,5.486854295E1,2.294446041E0,2.635685902E2,2.047015265E0,3.000000000E0