"Time (s)","Latitude (°)","Longitude (°)","Height (m)","Velocity (m/s)","Direction (°)","Horizontal Accuracy (m)","Vertical Accuracy (°)"
6.106008291E-1,2.619513333E1,9.168824418E1,5.699565468E1,2.922778018E-2,NaN,5.166385277E0,3.000000000E0
1.610520601E0,2.619513151E1,9.168823582E1,5.689614495E1,7.390248775E-1,1.647991321E2,4.631677516E0,3.000000000E0
2.610081911E0,2.619512630E1,9.168823399E1,5.692977748E1,9.855546355E-1,1.644834408E2,4.347878248E0,3.000000000E0
3.747979522E0,2.619511507E1,9.168823735E1,5.702130603E1,9.855546355E-1,1.484745975E2,4.722977799E0,3.000000000E0
4.747886539E0,2.619510482E1,9.168824651E1,5.699667159E1,1.255070329E0,1.410038186E2,4.004730518E0,3.000000000E0
5.747818470E0,2.619509455E1,9.168825714E1,5.690755778E1,1.436669469E0,1.413026120E2,3.602210097E0,3.000000000E0
6.747733474E0,2.619508530E1,9.168826834E1,5.682703421E1,1.535214663E0,1.458700825E2,3.116279873E0,3.000000000E0
7.747656226E0,2.619507219E1,9.168827550E1,5.692878218E1,1.535214663E0,1.439315655E2,2.000000000E0,3.000000000E0
8.747603536E0,2.619506066E1,9.168828459E1,5.692878143E1,1.535214663E0,1.439315695E2,3.143325792E0,5.905880554E0
9.747532606E0,2.619504928E1,9.168829766E1,5.708210711E1,1.643763661E0,1.345740066E2,4.054140981E0,5.849966855E0
1.074746871E1,2.619503599E1,9.168830841E1,5.700554010E1,1.656893373E0,1.485722867E2,4.450601303E0,5.869662047E0
1.174742413E1,2.619502179E1,9.168831782E1,5.702158089E1,1.716237307E0,1.494292160E2,4.622031810E0,6.898296800E0
1.274736309E1,2.619500889E1,9.168834187E1,5.714078886E1,1.855522871E0,1.332001832E2,4.433810478E0,7.812431094E0
1.374730361E1,2.619500059E1,9.168835830E1,5.713910477E1,1.855522871E0,1.259238604E2,4.601249868E0,8.539103951E0
1.474726892E1,2.619498667E1,9.168836923E1,5.733286595E1,1.918495417E0,1.338436281E2,4.719467056E0,9.123661440E0
1.574722075E1,2.619497319E1,9.168837888E1,5.732927180E1,1.918495417E0,1.438951929E2,4.734496080E0,6.751189981E0
1.674719453E1,2.619495925E1,9.168838765E1,5.751219765E1,1.898663163E0,1.451784487E2,4.748651530E0,7.601317279E0
1.774717224E1,2.619494470E1,9.168840229E1,5.752052317E1,1.964764595E0,1.415069221E2,4.748651530E0,8.421010304E0
1.874715328E1,2.619493250E1,9.168841835E1,5.753239996E1,1.956608534E0,1.379786789E2,4.748651530E0,9.080557195E0
1.974713671E1,2.619491704E1,9.168843045E1,5.756043030E1,1.964764595E0,1.414895187E2,4.748651530E0,9.748846166E0
2.074712181E1,2.619490379E1,9.168844534E1,5.762475746E1,1.997660279E0,1.355174480E2,4.748651530E0,1.026281656E1
2.174710906E1,2.619488978E1,9.168845758E1,5.770569031E1,2.054007769E0,1.341886487E2,4.748651530E0,5.461902678E0
2.274709892E1,2.619487699E1,9.168846837E1,5.775692391E1,2.062721729E0,1.369206284E2,4.748651530E0,6.658422495E0
2.374708903E1,2.619486154E1,9.168847882E1,5.776243899E1,2.054007769E0,1.441071204E2,4.748651530E0,7.558174009E0
2.474708116E1,2.619484979E1,9.168849468E1,5.789800545E1,2.062721729E0,1.369797232E2,4.748651530E0,8.389746639E0
2.574707425E1,2.619483931E1,9.168851094E1,5.787584158E1,2.003584623E0,1.330355078E2,4.748651530E0,9.128549324E0
2.674707031E1,2.619482765E1,9.168852379E1,5.789835920E1,1.847729087E0,1.328527861E2,4.748651530E0,9.775874988E0
2.774706674E1,2.619483882E1,9.168854817E1,5.779902407E1,1.847729087E0,8.748717723E1,4.748651530E0,1.035270621E1
2.874706471E1,2.619484735E1,9.168855615E1,6.044010174E1,1.629874027E0,4.773725098E1,4.629327867E0,3.000000000E0
2.974706268E1,2.619487603E1,9.168856170E1,6.035508844E1,1.987434610E0,1.717530909E1,4.194355845E0,3.000000000E0
3.074706376E1,2.619490131E1,9.168856677E1,6.030713918E1,2.203233277E0,9.466485950E0,4.325730022E0,3.000000000E0
3.174706376E1,2.619492710E1,9.168857508E1,6.041360879E1,2.436361080E0,1.125476307E1,4.058698523E0,3.000000000E0
3.274706614E1,2.619495232E1,9.168857871E1,6.035708344E1,2.680722235E0,1.057739858E1,4.230660503E0,3.000000000E0
3.374706817E1,2.619497669E1,9.168858367E1,6.044952294E1,2.772164025E0,1.418622292E1,4.236187583E0,3.000000000E0
3.474707115E1,2.619500437E1,9.168859004E1,6.031495451E1,2.849838619E0,1.255927312E1,4.075679680E0,3.000000000E0
3.574707592E1,2.619503399E1,9.168860256E1,6.014002745E1,3.007148114E0,1.776936112E1,4.025424452E0,3.000000000E0
3.674708152E1,2.619505704E1,9.168861404E1,6.021943413E1,3.046563802E0,2.322716200E1,3.920026868E0,3.000000000E0
3.774708724E1,2.619507684E1,9.168863354E1,5.983595729E1,2.966537702E0,2.847414214E1,4.062752412E0,3.000000000E0
3.874709356E1,2.619510157E1,9.168864589E1,5.976121055E1,3.153115751E0,2.977135890E1,4.038378367E0,3.419855504E0
3.974710047E1,2.619512802E1,9.168866122E1,5.994736040E1,3.175339190E0,2.832207303E1,4.012000238E0,3.363564893E0
4.074710798E1,2.619515253E1,9.168867693E1,5.972705728E1,3.094025732E0,2.949432994E1,3.987942302E0,3.347396414E0
4.174711573E1,2.619517220E1,9.168869388E1,5.976682606E1,2.841375059E0,3.453742522E1,3.958303413E0,3.383672502E0
4.274712455E1,2.619518847E1,9.168871110E1,5.965503861E1,2.613261956E0,3.920435008E1,3.969332818E0,3.374033256E0
4.374713373E1,2.619520373E1,9.168872765E1,5.965341648E1,2.436599192E0,4.154885297E1,4.058321638E0,3.451639715E0
4.474714291E1,2.619521863E1,9.168874406E1,5.972259517E1,2.343314669E0,4.245968664E1,4.026865700E0,3.480114664E0
4.574715292E1,2.619523258E1,9.168876026E1,5.976910525E1,2.259232593E0,4.384315011E1,4.039241339E0,3.466970301E0
4.674716341E1,2.619524649E1,9.168877609E1,5.981639601E1,2.243215894E0,4.402813212E1,4.028002587E0,3.495448096E0
4.774717367E1,2.619526200E1,9.168879125E1,5.963023646E1,2.260544292E0,4.306944427E1,3.980263125E0,3.457076875E0
4.874718511E1,2.619527697E1,9.168881066E1,5.973046233E1,2.415246285E0,4.639368542E1,3.983598608E0,3.463746504E0
4.974719620E1,2.619529325E1,9.168883178E1,5.966512127E1,2.605879493E0,4.812047359E1,3.964033064E0,3.421507221E0
5.074720752E1,2.619530915E1,9.168885353E1,5.964164099E1,2.690994748E0,4.961422543E1,3.957549055E0,3.373433330E0
5.174721992E1,2.619532550E1,9.168887310E1,5.953457314E1,2.654792291E0,4.859810396E1,3.988544783E0,3.377750845E0
5.274723065E1,2.619534094E1,9.168889146E1,5.941445371E1,2.558371749E0,4.791242823E1,4.018686752E0,3.441138882E0
5.374724317E1,2.619535739E1,9.168891055E1,5.884999935E1,2.623022805E0,4.682176293E1,4.033942386E0,3.448136216E0
5.474725592E1,2.619537609E1,9.168893778E1,5.847288706E1,3.016301573E0,5.078984367E1,4.031984698E0,3.441953875E0
5.574726915E1,2.619538535E1,9.168896727E1,5.835405741E1,3.064395971E0,6.196858552E1,4.082396064E0,3.528510980E0
5.674728227E1,2.619539604E1,9.168900181E1,5.810826679E1,3.372315064E0,6.701421273E1,4.091844893E0,3.447825493E0
5.774729502E1,2.619541909E1,9.168902618E1,5.781662100E1,3.361334112E0,5.300244793E1,4.178043255E0,3.582736379E0
5.874730837E1,2.619545278E1,9.168904237E1,5.724851126E1,3.601324898E0,3.413118892E1,4.308995139E0,3.746082623E0
5.974732196E1,2.619548405E1,9.168905417E1,5.736297622E1,3.581016706E0,2.433176594E1,4.268015658E0,3.661955397E0
6.074733555E1,2.619551745E1,9.168905585E1,5.724268493E1,3.554118321E0,1.067695753E1,4.234186203E0,3.691575143E0
6.174734938E1,2.619555007E1,9.168905283E1,5.744740663E1,3.580802363E0,1.125117240E0,4.281035212E0,3.676322207E0
6.274736333E1,2.619558324E1,9.168904346E1,5.774560578E1,3.663261606E0,3.519035048E2,4.274214427E0,3.704483067E0
6.374737704E1,2.619561750E1,9.168903447E1,5.714326721E1,3.781099892E0,3.491588433E2,4.250280769E0,3.693146174E0
6.474739170E1,2.619565104E1,9.168902983E1,5.733576088E1,3.782451197E0,3.509402004E2,4.285482354E0,3.785521770E0
6.574740553E1,2.619568229E1,9.168902724E1,5.716635022E1,3.611574992E0,3.530098622E2,4.321111225E0,3.804838670E0
6.674742115E1,2.619571252E1,9.168902093E1,5.727688635E1,3.500804839E0,3.507985105E2,4.382287005E0,3.886756672E0
6.774743533E1,2.619574704E1,9.168901664E1,5.733957960E1,3.688164506E0,3.529672629E2,4.372983413E0,3.916292872E0
6.874744999E1,2.619578131E1,9.168901565E1,5.732522214E1,3.775927614E0,3.565601927E2,4.339768405E0,3.953481203E0
6.974746478E1,2.619581394E1,9.168902058E1,5.705844574E1,3.687078930E0,2.234598523E0,4.345414453E0,3.916977969E0
7.074747980E1,2.619584847E1,9.168901919E1,5.696258053E1,3.721180554E0,1.711006351E-1,4.319702448E0,3.851834591E0
7.174749362E1,2.619587989E1,9.168901829E1,5.646386037E1,3.623706039E0,3.583932975E2,4.313810830E0,3.806301921E0
7.274750817E1,2.619591361E1,9.168901960E1,5.634298060E1,3.652918136E0,3.597407556E2,4.294897995E0,3.780910459E0
7.374752390E1,2.619594799E1,9.168901770E1,5.641464926E1,3.720711396E0,3.589284747E2,4.244154221E0,3.795813671E0
7.474753904E1,2.619598241E1,9.168901694E1,5.633694713E1,3.771516390E0,3.589893324E2,4.223988944E0,3.782068851E0
7.574755406E1,2.619601735E1,9.168901458E1,5.591210308E1,3.769059580E0,3.572144166E2,4.226705357E0,3.808770895E0
7.674756932E1,2.619604706E1,9.168900980E1,5.550784069E1,3.474735054E0,3.534474439E2,4.188592164E0,3.771163714E0
7.774758518E1,2.619607765E1,9.168900162E1,5.563519175E1,3.432848696E0,3.497503150E2,4.207264504E0,3.755106040E0
7.874759960E1,2.619610613E1,9.168899497E1,5.544585547E1,3.292554998E0,3.490689049E2,4.196955237E0,3.759641511E0
7.974761558E1,2.619613567E1,9.168899796E1,5.560517595E1,3.216216924E0,3.593560096E2,4.209270823E0,3.770179092E0
8.074763072E1,2.619616433E1,9.168901040E1,5.561678055E1,3.215503679E0,1.270813029E1,4.187328269E0,3.711781781E0
8.174764597E1,2.619618973E1,9.168902957E1,5.581995829E1,3.241447269E0,2.487216219E1,4.211945733E0,3.701367388E0
8.274766231E1,2.619621518E1,9.168904537E1,5.578990078E1,3.252662400E0,2.714921092E1,4.188289512E0,3.678996311E0
8.374767733E1,2.619624254E1,9.168905769E1,5.573570315E1,3.288252598E0,2.387171045E1,4.179115349E0,3.604543110E0
8.474769199E1,2.619626970E1,9.168906449E1,5.608563404E1,3.200579556E0,1.796008626E1,4.185344812E0,3.577179699E0
8.574770796E1,2.619629468E1,9.168907632E1,5.596336095E1,3.081587788E0,2.135462023E1,4.163964321E0,3.570663919E0
8.674772274E1,2.619631870E1,9.168909435E1,5.607206137E1,3.136033239E0,2.915681433E1,4.142120706E0,3.573509355E0
8.774773848E1,2.619634094E1,9.168911602E1,5.627894696E1,3.181924407E0,3.578061877E1,4.174998055E0,3.587175692E0
8.874775386E1,2.619636089E1,9.168914305E1,5.642031322E1,3.318872536E0,4.451388981E1,4.166708636E0,3.599771999E0
8.974777019E1,2.619637953E1,9.168917040E1,5.645370732E1,3.377632514E0,4.984368767E1,4.132922882E0,3.632867550E0
9.074778628E1,2.619639781E1,9.168920028E1,5.609646543E1,3.463241568E0,5.396031315E1,4.121768518E0,3.558303887E0
9.174780142E1,2.619641070E1,9.168923505E1,5.642808615E1,3.574006949E0,6.223076262E1,4.162856768E0,3.568498303E0
9.274781740E1,2.619641991E1,9.168926898E1,5.659113311E1,3.555668294E0,6.908634567E1,4.208515434E0,3.636437111E0
9.374783301E1,2.619643124E1,9.168929893E1,5.682968601E1,3.382577748E0,6.863422001E1,4.228094309E0,3.629288400E0
9.474784875E1,2.619644307E1,9.168932599E1,5.704028618E1,3.183965455E0,6.690277747E1,4.280706188E0,3.643288201E0
9.574786377E1,2.619645742E1,9.168935525E1,5.701705421E1,3.242853710E0,6.402344398E1,4.342720459E0,3.711872815E0
9.674788058E1,2.619646932E1,9.168938733E1,5.726141521E1,3.346408026E0,6.681129968E1,4.362538881E0,3.756929861E0
9.774789643E1,2.619647598E1,9.168942296E1,5.716271421E1,3.441969302E0,7.372407919E1,4.369363933E0,3.723786678E0
9.874791181E1,2.619648385E1,9.168945139E1,5.723502347E1,3.145630138E0,7.374642789E1,4.439414369E0,3.815970679E0
9.974792731E1,2.619649987E1,9.168948262E1,5.698393638E1,3.282873550E0,6.704768882E1,4.401118272E0,3.745273064E0
1.007479430E2,2.619651131E1,9.168951312E1,5.705158750E1,3.303474577E0,6.811680068E1,4.369290581E0,3.754638429E0
1.017479594E2,2.619652089E1,9.168954411E1,5.700724015E1,3.260353370E0,7.006020726E1,4.385171963E0,3.718405912E0
1.027479761E2,2.619653009E1,9.168957668E1,5.687411367E1,3.277597302E0,7.188308604E1,4.381630527E0,3.734412011E0
1.037479913E2,2.619653866E1,9.168960749E1,5.657522046E1,3.202235406E0,7.322370093E1,4.342164254E0,3.680356395E0
1.047480068E2,2.619654820E1,9.168964220E1,5.657866528E1,3.422193370E0,7.293928283E1,4.373956117E0,3.662300595E0
1.057480233E2,2.619655763E1,9.168967521E1,5.648783248E1,3.422995764E0,7.274937260E1,4.365736957E0,3.654721998E0
1.067480389E2,2.619656814E1,9.168971046E1,5.630317970E1,3.523616631E0,7.256360509E1,4.415716101E0,3.708735183E0
1.077480549E2,2.619657435E1,9.168974242E1,5.660437683E1,3.381449598E0,7.516986902E1,4.455152389E0,3.720591988E0
1.087480705E2,2.619658407E1,9.168977622E1,5.650627347E1,3.432048560E0,7.341720563E1,4.425475094E0,3.701243211E0
1.097480861E2,2.619659607E1,9.168980984E1,5.627922576E1,3.499283939E0,7.063980348E1,4.478183053E0,3.811859416E0
1.107481021E2,2.619660524E1,9.168984814E1,5.618165519E1,3.679857387E0,7.372043872E1,4.444460959E0,3.742950781E0
1.117481178E2,2.619661467E1,9.168988374E1,5.619797575E1,3.642447858E0,7.421456235E1,4.479092217E0,3.831999858E0
1.127481346E2,2.619662375E1,9.168991897E1,5.590880019E1,3.569839772E0,7.402803188E1,4.460044983E0,3.789626473E0
1.137481508E2,2.619663441E1,9.168995255E1,5.615765700E1,3.526644262E0,7.271480316E1,4.441608011E0,3.781078439E0
1.147481668E2,2.619664358E1,9.168998580E1,5.625180860E1,3.452327786E0,7.353788661E1,4.446450290E0,3.802159935E0
1.157481822E2,2.619665289E1,9.169001856E1,5.638437288E1,3.426743084E0,7.345101092E1,4.432141508E0,3.761810707E0
1.167481982E2,2.619666250E1,9.169005046E1,5.661646732E1,3.333433656E0,7.315532419E1,4.423761432E0,3.761161799E0
1.177482138E2,2.619667153E1,9.169008032E1,5.656304858E1,3.182399443E0,7.297927226E1,4.390857316E0,3.746312124E0
1.187482293E2,2.619667946E1,9.169011136E1,5.707829538E1,3.183757442E0,7.446660857E1,4.337419538E0,3.697701500E0
1.197482454E2,2.619668449E1,9.169013694E1,5.738678062E1,2.869695340E0,7.694160861E1,4.303325971E0,3.734688617E0
1.207482622E2,2.619669117E1,9.169016763E1,5.746139997E1,2.979092939E0,7.672888813E1,4.308356612E0,3.749983783E0
1.217482769E2,2.619669989E1,9.169019649E1,5.751719373E1,2.988877894E0,7.435229018E1,4.309575583E0,3.741694564E0
1.227482934E2,2.619670675E1,9.169022585E1,5.745269812E1,2.977262607E0,7.545612806E1,4.305633011E0,3.745348793E0
1.237483099E2,2.619671457E1,9.169025606E1,5.732644044E1,2.998273504E0,7.467891042E1,4.305633010E0,3.756326016E0
1.247483252E2,2.619672445E1,9.169028340E1,5.719026985E1,2.913115112E0,7.202193455E1,4.309083354E0,3.734541513E0
1.257483420E2,2.619673258E1,9.169031697E1,5.692765592E1,3.148275223E0,7.398436697E1,4.342459895E0,3.770603070E0
1.267483569E2,2.619673694E1,9.169034571E1,5.702344098E1,3.013360947E0,7.768276563E1,4.384225851E0,3.765763979E0
1.277464833E2,2.619674350E1,9.169037671E1,5.697881540E1,3.082923757E0,7.744954127E1,4.400650863E0,3.774999485E0
1.287464726E2,2.619675153E1,9.169040769E1,5.731306941E1,3.156396766E0,7.591782218E1,4.373270543E0,3.807686845E0
1.297464912E2,2.619675987E1,9.169044004E1,5.736880160E1,3.283594760E0,7.490131067E1,4.395411123E0,3.809025330E0
1.307464839E2,2.619676930E1,9.169047267E1,5.722554989E1,3.344478360E0,7.340777700E1,4.373726374E0,3.754343596E0
1.317464745E2,2.619677759E1,9.169050296E1,5.706554109E1,3.195773725E0,7.351642697E1,4.352822341E0,3.729622356E0
1.327464935E2,2.619678467E1,9.169053368E1,5.737915182E1,3.147780444E0,7.485098357E1,4.339147262E0,3.745984094E0
1.337464850E2,2.619679212E1,9.169055967E1,5.751386014E1,2.930167136E0,7.419381549E1,4.332276456E0,3.740416971E0
1.347464776E2,2.619680267E1,9.169058929E1,5.727641655E1,2.984702656E0,7.156621147E1,4.362850972E0,3.788164370E0
1.357464939E2,2.619680825E1,9.169061636E1,5.741804110E1,2.847645757E0,7.453428701E1,4.391637942E0,3.771450402E0
1.367464868E2,2.619681608E1,9.169064252E1,5.704356133E1,2.769186104E0,7.332040966E1,4.479962658E0,3.867538063E0
1.377464783E2,2.619682041E1,9.169067009E1,5.725666376E1,2.786280354E0,7.731334409E1,4.522659321E0,3.933424458E0
1.387464967E2,2.619682413E1,9.169069676E1,5.710642359E1,2.750366432E0,7.933077339E1,4.513867441E0,3.932201288E0
1.397464877E2,2.619683193E1,9.169072366E1,5.681291038E1,2.763404258E0,7.571420241E1,4.494175131E0,3.893682176E0
1.407464809E2,2.619684174E1,9.169075536E1,5.654299112E1,2.994640869E0,7.306724928E1,4.555886374E0,3.962848113E0
1.417464963E2,2.619684769E1,9.169079097E1,5.635173282E1,3.261246825E0,7.677055902E1,4.550690918E0,3.952339774E0
1.427465161E2,2.619685436E1,9.169082235E1,5.604428166E1,3.179122058E0,7.760155400E1,4.615967928E0,3.952367151E0
1.437465340E2,2.619686459E1,9.169085731E1,5.571063099E1,3.338634730E0,7.525807250E1,4.624969358E0,3.954395502E0
1.447465527E2,2.619687239E1,9.169089129E1,5.564241886E1,3.361297891E0,7.556807453E1,4.634296989E0,3.992796198E0
1.457465711E2,2.619687972E1,9.169092231E1,5.589002010E1,3.181085469E0,7.634876634E1,4.620116876E0,3.997514710E0
1.467465888E2,2.619688946E1,9.169095117E1,5.596392243E1,3.024762899E0,7.400093553E1,4.623361031E0,4.088460835E0
1.477466063E2,2.619689590E1,9.169098309E1,5.590582029E1,3.068857198E0,7.689580716E1,4.685342783E0,4.131825699E0
1.487466239E2,2.619690365E1,9.169101146E1,5.583954972E1,2.935952303E0,7.515233631E1,4.711957138E0,4.127971577E0
1.497466418E2,2.619690945E1,9.169104111E1,5.573964167E1,2.941244816E0,7.713842848E1,4.760978439E0,4.164833255E0
1.507466599E2,2.619691341E1,9.169107044E1,5.571832539E1,2.918774172E0,7.998841968E1,4.698560548E0,4.035225287E0
1.517466774E2,2.619691690E1,9.169109304E1,5.551801042E1,2.548582506E0,8.047749259E1,4.612382325E0,4.025855170E0
1.527466946E2,2.619692441E1,9.169111892E1,5.563638527E1,2.551676875E0,7.657175355E1,4.566441325E0,4.003170428E0
1.537467126E2,2.619693743E1,9.169114699E1,5.547718031E1,2.755460145E0,6.911237492E1,4.566476154E0,3.972862443E0
1.547467294E2,2.619694510E1,9.169117202E1,5.542784882E1,2.629760113E0,7.051057983E1,4.491376999E0,3.927890133E0
1.557467464E2,2.619695218E1,9.169119944E1,5.520564016E1,2.625690782E0,7.287564680E1,4.449680178E0,3.860623786E0
1.567467636E2,2.619695890E1,9.169122708E1,5.541067841E1,2.663280702E0,7.430485204E1,4.439079545E0,3.881849209E0
1.577467811E2,2.619696679E1,9.169125184E1,5.541738410E1,2.603629894E0,7.276606084E1,4.403608925E0,3.853812981E0
1.587467973E2,2.619697767E1,9.169127705E1,5.524234861E1,2.671729945E0,6.838358340E1,4.384171132E0,3.838803026E0
1.597468143E2,2.619698901E1,9.169130586E1,5.511474790E1,2.876815343E0,6.731432676E1,4.374209591E0,3.823828855E0
1.607468306E2,2.619699990E1,9.169133457E1,5.521616657E1,2.965398746E0,6.709795559E1,4.373701049E0,3.784228268E0
1.617468480E2,2.619701155E1,9.169135995E1,5.519662809E1,2.886023800E0,6.430117795E1,4.349806351E0,3.775357078E0
1.627468643E2,2.619702558E1,9.169138420E1,5.512744588E1,2.827052623E0,6.036763330E1,4.320947756E0,3.728359174E0
1.637468822E2,2.619704385E1,9.169140596E1,5.513012013E1,2.862708645E0,5.262334323E1,4.249729062E0,3.683025122E0
1.647468981E2,2.619706540E1,9.169142489E1,5.508254706E1,2.904711868E0,4.438060006E1,4.186682290E0,3.607853160E0
1.657469149E2,2.619708709E1,9.169144576E1,5.492961984E1,3.012003069E0,4.214721642E1,4.117612029E0,3.514770339E0
1.667469318E2,2.619711089E1,9.169146391E1,5.496907722E1,3.097084038E0,3.662594816E1,4.099007440E0,3.514209835E0
1.677469480E2,2.619713712E1,9.169147993E1,5.477050047E1,3.188104828E0,3.241363675E1,4.076443888E0,3.429795613E0
1.687469651E2,2.619716119E1,9.169150173E1,5.462088627E1,3.273720552E0,3.642027173E1,4.048948153E0,3.456511039E0
1.697469819E2,2.619717971E1,9.169152842E1,5.459541603E1,3.240147598E0,4.631676807E1,4.042864549E0,3.423384180E0
1.707469974E2,2.619719653E1,9.169155564E1,5.463330257E1,3.239836928E0,5.185517083E1,4.015403717E0,3.395674285E0
1.717470140E2,2.619720922E1,9.169158290E1,5.468021669E1,3.122357017E0,5.824714506E1,3.978495378E0,3.330333105E0
1.727470307E2,2.619721327E1,9.169161217E1,5.470281262E1,2.978898395E0,7.072538804E1,3.970015677E0,3.359012941E0
1.737470474E2,2.619720662E1,9.169164441E1,5.471359795E1,3.021960103E0,8.973401708E1,3.949223867E0,3.355023372E0
1.747470639E2,2.619719243E1,9.169167173E1,5.501359966E1,3.020401621E0,1.061530248E2,3.928684875E0,3.336924332E0
1.757470794E2,2.619718698E1,9.169170000E1,5.499596031E1,2.957176636E0,1.027442328E2,3.894809810E0,3.318481828E0
1.767470970E2,2.619718425E1,9.169173222E1,5.497856560E1,3.110993583E0,9.860934137E1,3.877445555E0,3.327506327E0
1.777471120E2,2.619718467E1,9.169176387E1,5.505460282E1,3.138792305E0,9.310282003E1,3.851977692E0,3.312056613E0
1.787471292E2,2.619718044E1,9.169179702E1,5.512090021E1,3.246525613E0,9.621931351E1,3.833069335E0,3.201847391E0
1.797471454E2,2.619717498E1,9.169182980E1,5.534186692E1,3.306737524E0,9.818775989E1,3.846233161E0,3.282806772E0
1.807471611E2,2.619717187E1,9.169186198E1,5.554833035E1,3.267050299E0,9.680295527E1,3.812080135E0,3.253788906E0
1.817471780E2,2.619717185E1,9.169189422E1,5.584586088E1,3.212308664E0,9.302469465E1,3.875330863E0,3.279560603E0
1.827471945E2,2.619717541E1,9.169192865E1,5.575322082E1,3.317680859E0,8.756357543E1,3.901003773E0,3.310393957E0
1.837472111E2,2.619718179E1,9.169196169E1,5.601874617E1,3.337272243E0,8.254406768E1,3.948934729E0,3.395843248E0
1.847472268E2,2.619718491E1,9.169199159E1,5.609114744E1,3.149121373E0,8.358095349E1,4.015756410E0,3.457505891E0
1.857472438E2,2.619718387E1,9.169202396E1,5.604187251E1,3.167310259E0,8.829356712E1,4.109969508E0,3.552150594E0
1.867472589E2,2.619718794E1,9.169205761E1,5.607866529E1,3.263000777E0,8.520471602E1,4.109258454E0,3.551338406E0
1.877472746E2,2.619718968E1,9.169209146E1,5.603545304E1,3.373307569E0,8.550629023E1,4.159588347E0,3.612550184E0
1.887472913E2,2.619719213E1,9.169212281E1,5.599253747E1,3.278160993E0,8.495270172E1,4.216258846E0,3.672449792E0
1.897473084E2,2.619719516E1,9.169215476E1,5.601820626E1,3.240031749E0,8.456683492E1,4.243433801E0,3.687395451E0
1.907473247E2,2.619720072E1,9.169218724E1,5.592531270E1,3.269531959E0,8.248661115E1,4.429755806E0,3.848380537E0
1.917473408E2,2.619720496E1,9.169222243E1,5.616906722E1,3.400816566E0,8.280193172E1,4.465889195E0,3.840326034E0
1.927473570E2,2.619721163E1,9.169225468E1,5.655966034E1,3.350002780E0,7.973973574E1,4.454016374E0,3.851502874E0
1.937473726E2,2.619721836E1,9.169228277E1,5.688255024E1,3.095348239E0,7.767831519E1,4.455874769E0,3.894506084E0
1.947473890E2,2.619722171E1,9.169231374E1,5.668745981E1,3.059977121E0,8.065640730E1,4.619709242E0,4.103070550E0
1.957474045E2,2.619722600E1,9.169234739E1,5.664291767E1,3.204991721E0,8.186045008E1,4.664867121E0,4.105273164E0
1.967474207E2,2.619722856E1,9.169237533E1,5.672228659E1,2.992536177E0,8.296590346E1,4.701280134E0,4.123176308E0
1.977474369E2,2.619723640E1,9.169240490E1,5.650752803E1,2.959591714E0,7.830150152E1,4.646007887E0,4.076032508E0
1.987474531E2,2.619724400E1,9.169243315E1,5.617382269E1,2.894712288E0,7.534068803E1,4.715596011E0,4.145420093E0
1.997474700E2,2.619725361E1,9.169246596E1,5.610179604E1,3.165075609E0,7.301436888E1,4.721017476E0,4.207140670E0
2.007474867E2,2.619726125E1,9.169249682E1,5.593733673E1,3.170861898E0,7.292738127E1,4.715714846E0,4.157002538E0
2.017475026E2,2.619726937E1,9.169253113E1,5.593330741E1,3.309756447E0,7.334145004E1,4.777937888E0,4.154066412E0
2.027475183E2,2.619728037E1,9.169256306E1,5.596816878E1,3.318295952E0,7.150920697E1,4.815682321E0,4.175769464E0
2.037475342E2,2.619729057E1,9.169259617E1,5.594175712E1,3.383088113E0,7.177760851E1,4.792106978E0,4.144127738E0
2.047475504E2,2.619730027E1,9.169262959E1,5.588627825E1,3.410783196E0,7.202571104E1,4.790805410E0,4.165207367E0
2.057475666E2,2.619731088E1,9.169266176E1,5.595533740E1,3.386192328E0,7.034222249E1,4.832548115E0,4.191779977E0
2.067475824E2,2.619732206E1,9.169269550E1,5.601050701E1,3.467345966E0,6.979310447E1,4.817330055E0,4.168889873E0
2.077475986E2,2.619733357E1,9.169272833E1,5.607614398E1,3.474563903E0,6.963482911E1,4.891589070E0,4.271706555E0
2.087476146E2,2.619734358E1,9.169276141E1,5.599879472E1,3.433813135E0,7.045329107E1,4.914944583E0,4.261562115E0
2.097476315E2,2.619735428E1,9.169279472E1,5.609825515E1,3.488395506E0,7.067189239E1,4.926622041E0,4.256323590E0
2.107476470E2,2.619736456E1,9.169282667E1,5.612236692E1,3.414096138E0,7.028456929E1,4.995228556E0,4.291342464E0
2.117476637E2,2.619737470E1,9.169286143E1,5.641509198E1,3.502074703E0,7.132284098E1,4.958667886E0,4.245489685E0
2.127476802E2,2.619738174E1,9.169289607E1,5.633269558E1,3.525456251E0,7.432240002E1,4.932009556E0,4.222209641E0
2.137476960E2,2.619738844E1,9.169292535E1,5.643550953E1,3.257972058E0,7.418632032E1,4.947609062E0,4.256210351E0
2.147477113E2,2.619739984E1,9.169295374E1,5.644247363E1,3.204659141E0,6.895591067E1,4.950222427E0,4.187665662E0
2.157477281E2,2.619741454E1,9.169298509E1,5.639226290E1,3.381732627E0,6.545138669E1,4.940714359E0,4.167053872E0
2.167477437E2,2.619742378E1,9.169301844E1,5.629791871E1,3.455077328E0,7.023720576E1,5.000973641E0,4.240342302E0
2.177477609E2,2.619742939E1,9.169305139E1,5.634559004E1,3.382666666E0,7.525994297E1,5.021416081E0,4.219958111E0
2.187477758E2,2.619742512E1,9.169308290E1,5.643699569E1,3.234570730E0,8.777085650E1,5.016186825E0,4.205299212E0
2.197477920E2,2.619740844E1,9.169311393E1,5.649351351E1,3.308935826E0,1.076644957E2,5.037183632E0,4.265726476E0
2.207478087E2,2.619738937E1,9.169314090E1,5.663831864E1,3.350368091E0,1.187335150E2,4.983017582E0,4.172970781E0
2.217478248E2,2.619736926E1,9.169316721E1,5.662804840E1,3.402148415E0,1.248286571E2,4.931045479E0,4.120366704E0
2.227478423E2,2.619734683E1,9.169319435E1,5.660375698E1,3.544479555E0,1.296104976E2,4.874581816E0,4.107219504E0
2.237478569E2,2.619732303E1,9.169321720E1,5.673622824E1,3.479785249E0,1.347379306E2,4.890767973E0,4.074894612E0
2.247478726E2,2.619730144E1,9.169324081E1,5.691365100E1,3.387258418E0,1.341441180E2,4.802293091E0,3.991772806E0
2.257478890E2,2.619728399E1,9.169326774E1,5.689919673E1,3.358774167E0,1.290659126E2,4.782668399E0,4.013470622E0
2.267479051E2,2.619726339E1,9.169329303E1,5.704179784E1,3.395853129E0,1.302266145E2,4.718377073E0,3.956937221E0
2.277479216E2,2.619724016E1,9.169331493E1,5.712701843E1,3.352045531E0,1.354635297E2,4.669873420E0,3.905978852E0
2.287479370E2,2.619721722E1,9.169333608E1,5.723997372E1,3.318525792E0,1.374546998E2,4.631313754E0,3.899969296E0
2.297479533E2,2.619719576E1,9.169335656E1,5.717111275E1,3.223920869E0,1.383105789E2,4.571889221E0,3.849819014E0
2.307479690E2,2.619717421E1,9.169338074E1,5.749327681E1,3.326030416E0,1.358097041E2,4.554418322E0,3.834583288E0
2.317479864E2,2.619715451E1,9.169340576E1,5.759533480E1,3.327371047E0,1.334544525E2,4.553891794E0,3.817427354E0
2.327480015E2,2.619713541E1,9.169343050E1,5.767977860E1,3.292755088E0,1.314197543E2,4.539345101E0,3.801206552E0
2.337480184E2,2.619711661E1,9.169345726E1,5.759586850E1,3.323884373E0,1.291944669E2,4.521090423E0,3.779405208E0
2.347480342E2,2.619710119E1,9.169348587E1,5.751672985E1,3.285010856E0,1.247381763E2,4.521090425E0,3.826287726E0
2.357480495E2,2.619708847E1,9.169351550E1,5.737784359E1,3.288142473E0,1.194624074E2,4.524597163E0,3.788414144E0
2.367480665E2,2.619707445E1,9.169354203E1,5.726339949E1,3.182913548E0,1.211148666E2,4.473958122E0,3.743239462E0
2.377480825E2,2.619705676E1,9.169356563E1,5.764700446E1,3.110876069E0,1.259893060E2,4.318870300E0,3.614839874E0
2.387480984E2,2.619703623E1,9.169358716E1,5.763168057E1,3.107186752E0,1.317143401E2,4.277720182E0,3.610689002E0
2.397481147E2,2.619701462E1,9.169360947E1,5.772547478E1,3.201024130E0,1.346870339E2,4.160199284E0,3.502756615E0
2.407481316E2,2.619699664E1,9.169363340E1,5.808688021E1,3.140101189E0,1.316328870E2,4.104273946E0,3.487214034E0
2.417481468E2,2.619697916E1,9.169365795E1,5.802035511E1,3.130856625E0,1.292833273E2,4.059102516E0,3.408676837E0
2.427481631E2,2.619696199E1,9.169368121E1,5.823816276E1,3.062192658E0,1.289941159E2,4.066787857E0,3.398522292E0
2.437481787E2,2.619694710E1,9.169370363E1,5.869867688E1,2.905647796E0,1.276317290E2,4.063643530E0,3.403359753E0
2.447481952E2,2.619693204E1,9.169372555E1,5.910541714E1,2.810404951E0,1.274674199E2,4.107000562E0,3.478506409E0
2.457482105E2,2.619691431E1,9.169374665E1,5.849051021E1,2.821019862E0,1.302833504E2,4.139015654E0,3.482277336E0
2.467482277E2,2.619689686E1,9.169376952E1,5.882213079E1,2.892562298E0,1.305404244E2,4.214914529E0,3.563002875E0
2.477482430E2,2.619688262E1,9.169378870E1,5.884602576E1,2.661121399E0,1.306526514E2,4.285883999E0,3.615829511E0
2.487482594E2,2.619686870E1,9.169380787E1,5.870551645E1,2.497555928E0,1.309446746E2,4.381697727E0,3.718797216E0
2.497482755E2,2.619684739E1,9.169382672E1,5.898861538E1,2.599512323E0,1.364352693E2,4.586553175E0,3.873100347E0
2.507482917E2,2.619682733E1,9.169385342E1,5.852891529E1,2.945600389E0,1.317446104E2,4.638929229E0,3.898369632E0
2.517483084E2,2.619681365E1,9.169387722E1,5.804397467E1,2.794578081E0,1.277020094E2,4.634193347E0,3.879904229E0
2.527483230E2,2.619679926E1,9.169389870E1,5.832455171E1,2.575080139E0,1.267603206E2,4.706219707E0,3.982240254E0
2.537463259E2,2.619677862E1,9.169392596E1,5.825916875E1,2.956294258E0,1.288044769E2,4.729926948E0,3.984169947E0
2.547463144E2,2.619675921E1,9.169394750E1,5.829167435E1,2.882432590E0,1.326481240E2,4.766226832E0,3.969288425E0
2.557463300E2,2.619674019E1,9.169396847E1,5.852810361E1,2.826474560E0,1.345100332E2,4.785332918E0,3.992312646E0
2.567463222E2,2.619671747E1,9.169398481E1,5.858193007E1,2.805920561E0,1.410178918E2,4.807530624E0,4.040189721E0
2.577463125E2,2.619669789E1,9.169400157E1,5.860426908E1,2.710495153E0,1.411948218E2,4.789854442E0,4.031438703E0
2.587463350E2,2.619667622E1,9.169401665E1,5.850761700E1,2.712672881E0,1.448564189E2,4.806358704E0,4.028272778E0
2.597463294E2,2.619665490E1,9.169403326E1,5.880909649E1,2.758623478E0,1.450803878E2,4.861853041E0,4.067466070E0
2.607463238E2,2.619663168E1,9.169404421E1,5.867382101E1,2.705003338E0,1.522309098E2,4.818336505E0,4.023195482E0
2.617463453E2,2.619660875E1,9.169405336E1,5.878076701E1,2.665021807E0,1.573667267E2,4.910427090E0,4.114097602E0
2.627463399E2,2.619658397E1,9.169406169E1,5.882668196E1,2.734542526E0,1.607539053E2,4.893746536E0,4.099419050E0
2.637463366E2,2.619655844E1,9.169406991E1,5.888693495E1,2.801830370E0,1.626905514E2,4.871150731E0,4.102729455E0
2.647463589E2,2.619653633E1,9.169407746E1,5.905430849E1,2.654746869E0,1.627645833E2,4.913188374E0,4.106885407E0
2.657463515E2,2.619651009E1,9.169408036E1,5.889651351E1,2.720618409E0,1.699746138E2,4.913142629E0,4.126934792E0
2.667463441E2,2.619648607E1,9.169408419E1,5.897571257E1,2.672303090E0,1.710739373E2,4.916794720E0,4.164455439E0
2.677463642E2,2.619646196E1,9.169408745E1,5.881029759E1,2.669951326E0,1.727791081E2,4.878790235E0,4.097539025E0
2.687463851E2,2.619643665E1,9.169409018E1,5.890036896E1,2.714819606E0,1.737709215E2,4.856081505E0,4.127184089E0
2.697464068E2,2.619641155E1,9.169409038E1,5.886032522E1,2.753059527E0,1.772432451E2,4.819791804E0,4.051707110E0
2.707464262E2,2.619638571E1,9.169408888E1,5.874739907E1,2.849882871E0,1.806047005E2,4.834901164E0,4.070681210E0
2.717464471E2,2.619635440E1,9.169408705E1,5.860973245E1,3.225531763E0,1.821379286E2,4.788723381E0,4.063043983E0
2.727464666E2,2.619632197E1,9.169408578E1,5.846976964E1,3.439927215E0,1.823807221E2,4.802743929E0,4.071467379E0
2.737464874E2,2.619629192E1,9.169408753E1,5.857366269E1,3.359001109E0,1.787306151E2,4.821617899E0,4.071723292E0
2.747465066E2,2.619625807E1,9.169409220E1,5.848188369E1,3.522512876E0,1.750957341E2,4.840424087E0,4.041087778E0
2.757465262E2,2.619622730E1,9.169410146E1,5.846978179E1,3.478833895E0,1.696056349E2,4.834382018E0,4.035074458E0
2.767465459E2,2.619619670E1,9.169411596E1,5.875771814E1,3.518388420E0,1.624881479E2,4.877795297E0,4.064735962E0
2.777465652E2,2.619616810E1,9.169413310E1,5.852028489E1,3.506314103E0,1.563356921E2,4.862858640E0,4.039853903E0
2.787465848E2,2.619614157E1,9.169415530E1,5.848143255E1,3.531879252E0,1.491047508E2,4.817291817E0,3.983230639E0
2.797466028E2,2.619611858E1,9.169418005E1,5.847526165E1,3.463328715E0,1.410337971E2,4.815977458E0,3.991694091E0
2.807466224E2,2.619610141E1,9.169420869E1,5.861504180E1,3.368605707E0,1.306961436E2,4.782314802E0,3.963069906E0
2.817466401E2,2.619608678E1,9.169423696E1,5.838212564E1,3.253472175E0,1.244580326E2,4.778238401E0,3.979401025E0
2.827466587E2,2.619607586E1,9.169426338E1,5.814883836E1,3.012094852E0,1.189810166E2,4.772074742E0,3.974415100E0
2.837466773E2,2.619606757E1,9.169429168E1,5.840071194E1,2.943812882E0,1.126561331E2,4.770223593E0,3.993489717E0
2.847466955E2,2.619605979E1,9.169432042E1,5.851849913E1,2.964668963E0,1.093573174E2,4.788570954E0,4.073858277E0
2.857467130E2,2.619605369E1,9.169435071E1,5.845017717E1,3.028057343E0,1.055983143E2,4.833880163E0,4.066868948E0
2.867467318E2,2.619605126E1,9.169438349E1,5.842007093E1,3.133632051E0,9.819665032E1,4.884492814E0,4.093562562E0
2.877467495E2,2.619605510E1,9.169441708E1,5.835101542E1,3.223986539E0,8.889258744E1,4.847551144E0,4.074735842E0
2.887467680E2,2.619605937E1,9.169445035E1,5.826653540E1,3.269758710E0,8.459553734E1,4.835708095E0,4.056881152E0
2.897467848E2,2.619606593E1,9.169448313E1,5.825043871E1,3.263120139E0,8.017712539E1,4.858937233E0,4.077320506E0
2.907468030E2,2.619607389E1,9.169451625E1,5.811123626E1,3.307391827E0,7.613146639E1,4.910233507E0,4.109845262E0
2.917468201E2,2.619608549E1,9.169454814E1,5.811571346E1,3.307864058E0,7.085490875E1,4.859790933E0,4.065753127E0
2.927468380E2,2.619610450E1,9.169457551E1,5.804248144E1,3.303715273E0,5.893391501E1,4.805079236E0,4.024514743E0
2.937468556E2,2.619612649E1,9.169460133E1,5.787560968E1,3.357758294E0,5.039413844E1,4.771747914E0,4.018387657E0
2.947468729E2,2.619615171E1,9.169461872E1,5.781946263E1,3.251126326E0,3.972609741E1,4.774029685E0,3.976083386E0
2.957468901E2,2.619617772E1,9.169463589E1,5.747506294E1,3.251950904E0,3.364597411E1,4.740035105E0,3.946821807E0
2.967469063E2,2.619620275E1,9.169465320E1,5.738860319E1,3.237187384E0,3.159829600E1,4.749473948E0,3.974452490E0
2.977469244E2,2.619622750E1,9.169466968E1,5.761964154E1,3.185308011E0,3.057843717E1,4.745110088E0,3.985434984E0
2.987469407E2,2.619625145E1,9.169469089E1,5.771751079E1,3.287919950E0,3.396511055E1,4.755560546E0,4.001957574E0
2.997469591E2,2.619627670E1,9.169470778E1,5.742432471E1,3.282222116E0,3.240918193E1,4.740278293E0,3.968120591E0
3.007469754E2,2.619630202E1,9.169472623E1,5.737229261E1,3.289220677E0,3.254088330E1,4.722392417E0,3.943332664E0
3.017469935E2,2.619632550E1,9.169475193E1,5.728784280E1,3.431283920E0,3.983814786E1,4.681740119E0,3.904367498E0
3.027470100E2,2.619634474E1,9.169478403E1,5.718900424E1,3.603324698E0,4.993067943E1,4.683508366E0,3.902634084E0
3.037470278E2,2.619636012E1,9.169481754E1,5.728535513E1,3.672892254E0,5.722641753E1,4.654693903E0,3.864277714E0
3.047470438E2,2.619637314E1,9.169485081E1,5.716999369E1,3.622720947E0,6.213740417E1,4.685518376E0,3.887804731E0
3.057470601E2,2.619638446E1,9.169488805E1,5.710998445E1,3.757798225E0,6.774788645E1,4.651873492E0,3.855456926E0
3.067470782E2,2.619639365E1,9.169492436E1,5.705427367E1,3.753211046E0,7.139860993E1,4.655961371E0,3.857077760E0
3.077470952E2,2.619640278E1,9.169495835E1,5.709034182E1,3.632767447E0,7.245828248E1,4.667092360E0,3.873241532E0
3.087471123E2,2.619641023E1,9.169499303E1,5.716763415E1,3.640278517E0,7.435574037E1,4.696367575E0,3.920206976E0
3.097471292E2,2.619641403E1,9.169502760E1,5.713996046E1,3.520253102E0,7.914328515E1,4.662109832E0,3.890118047E0
3.107471452E2,2.619641857E1,9.169506089E1,5.720523350E1,3.473891278E0,8.029876592E1,4.640509783E0,3.891341980E0
3.117471611E2,2.619642274E1,9.169509713E1,5.736072649E1,3.566652542E0,8.170582565E1,4.606319984E0,3.846825794E0
3.127471787E2,2.619642405E1,9.169513271E1,5.739808021E1,3.544269843E0,8.482646457E1,4.616716438E0,3.846082355E0
3.137471962E2,2.619642707E1,9.169516965E1,5.754142266E1,3.599304227E0,8.457216865E1,4.603000079E0,3.885379398E0
3.147472123E2,2.619642788E1,9.169520380E1,5.741683635E1,3.453499335E0,8.762429192E1,4.587364739E0,3.859559186E0
3.157472284E2,2.619641873E1,9.169523761E1,5.730845147E1,3.433395648E0,9.891868541E1,4.544675472E0,3.797540724E0
3.167472453E2,2.619640369E1,9.169526705E1,5.752030847E1,3.351576886E0,1.101424884E2,4.544675475E0,3.802721227E0
3.177472627E2,2.619638590E1,9.169529468E1,5.756555884E1,3.331710371E0,1.185729054E2,4.544675478E0,3.765462393E0
3.187472785E2,2.619636503E1,9.169532129E1,5.752640625E1,3.417189463E0,1.254353063E2,4.507775884E0,3.784781288E0
3.197472959E2,2.619634203E1,9.169534507E1,5.764019891E1,3.442752672E0,1.315685735E2,4.569566140E0,3.846919472E0
3.207473129E2,2.619632004E1,9.169536910E1,5.762907279E1,3.410723263E0,1.337282666E2,4.571530189E0,3.903633888E0
3.217473285E2,2.619629938E1,9.169539083E1,5.824422784E1,3.280572352E0,1.342372814E2,4.739400695E0,4.019511389E0
3.227473460E2,2.619628403E1,9.169541013E1,5.913065592E1,2.907832326E0,1.324632084E2,5.088619714E0,4.320373242E0
3.237473626E2,2.619626496E1,9.169543569E1,5.900658856E1,3.124379325E0,1.308454628E2,5.351629875E0,4.486691163E0
3.247473797E2,2.619624698E1,9.169545555E1,5.943715265E1,2.996247893E0,1.321391804E2,5.328690484E0,4.513776321E0
3.257473961E2,2.619623098E1,9.169548082E1,5.968500224E1,3.062241442E0,1.282282613E2,5.135717225E0,4.301902112E0
3.267474129E2,2.619621024E1,9.169550401E1,5.994078707E1,3.145507750E0,1.319079252E2,5.205203820E0,4.439739660E0
3.277474283E2,2.619619028E1,9.169552742E1,5.979886332E1,3.138775694E0,1.345472629E2,5.233482381E0,4.381979683E0
3.287474451E2,2.619616867E1,9.169555150E1,5.966324487E1,3.223185574E0,1.350789359E2,5.256885920E0,4.446673939E0
3.297474616E2,2.619614805E1,9.169557705E1,5.935650743E1,3.266588584E0,1.335223063E2,5.177620249E0,4.342232943E0
3.307474788E2,2.619612608E1,9.169560062E1,5.919249006E1,3.245762251E0,1.352923754E2,5.163473927E0,4.303939601E0
3.317474952E2,2.619610267E1,9.169562445E1,5.903847766E1,3.336708734E0,1.359028904E2,5.116177436E0,4.282636482E0
3.327475117E2,2.619608436E1,9.169565200E1,5.899642466E1,3.326655836E0,1.304991712E2,5.044831324E0,4.223433261E0
3.337475287E2,2.619606797E1,9.169568288E1,5.899031300E1,3.416139673E0,1.241426735E2,5.012841000E0,4.184753635E0
3.347475443E2,2.619605317E1,9.169571054E1,5.888267317E1,3.318425130E0,1.222467925E2,4.980977565E0,4.147517600E0
3.357475621E2,2.619603597E1,9.169573802E1,5.890854653E1,3.335712151E0,1.238960623E2,4.948899358E0,4.101711018E0
3.367475780E2,2.619602000E1,9.169576527E1,5.885338389E1,3.274456877E0,1.235163560E2,4.958001923E0,4.087107749E0
3.377475947E2,2.619600340E1,9.169579274E1,5.862337133E1,3.255959754E0,1.239179776E2,4.913036451E0,4.035867377E0
3.387476110E2,2.619598907E1,9.169582200E1,5.859388252E1,3.279809035E0,1.210856850E2,4.860828588E0,3.979678003E0
3.397476285E2,2.619597232E1,9.169584979E1,5.881127683E1,3.332342134E0,1.230146055E2,4.845138021E0,3.996727416E0
3.407476443E2,2.619595972E1,9.169587832E1,5.888765789E1,3.259703611E0,1.188954314E2,4.783827229E0,3.923684997E0
3.417476612E2,2.619595318E1,9.169591025E1,5.891251655E1,3.231551113E0,1.101931816E2,4.737857162E0,3.913504007E0
3.428573013E2,2.619591648E1,9.169613140E1,5.781941517E1,2.822175219E0,9.504188298E1,4.669252128E0,3.937277977E0
3.438573182E2,2.619591085E1,9.169615947E1,5.811417686E1,2.734615135E0,9.829344995E1,4.597181905E0,3.903410950E0
3.448573350E2,2.619591225E1,9.169619873E1,5.813413213E1,3.247310699E0,9.113999539E1,4.619280292E0,3.939356980E0
3.458573509E2,2.619592458E1,9.169623409E1,5.826500037E1,3.450282384E0,7.875855380E1,4.571639356E0,3.859380274E0
3.468573679E2,2.619593096E1,9.169626735E1,5.827054050E1,3.397249956E0,7.858302896E1,4.557922967E0,3.832863965E0
3.478573845E2,2.619593319E1,9.169630374E1,5.809065520E1,3.455834010E0,8.277056174E1,4.586843980E0,3.831931674E0
3.488574009E2,2.619593106E1,9.169633869E1,5.795641204E1,3.439868107E0,8.816437385E1,4.588263928E0,3.846712146E0
3.498574175E2,2.619593129E1,9.169637259E1,5.799842433E1,3.371711359E0,8.901704842E1,4.577532300E0,3.798550820E0
3.508574343E2,2.619593023E1,9.169640931E1,5.811162307E1,3.498391967E0,8.991097547E1,4.557006040E0,3.762427571E0
3.518574500E2,2.619593352E1,9.169644195E1,5.800665417E1,3.345116233E0,8.669328199E1,4.537501071E0,3.746908237E0
3.528574668E2,2.619593549E1,9.169647611E1,5.829508663E1,3.330348069E0,8.640327425E1,4.539045925E0,3.745756125E0
3.538574837E2,2.619593901E1,9.169651122E1,5.807598363E1,3.412572452E0,8.494260319E1,4.526207258E0,3.734181744E0
3.548574994E2,2.619594291E1,9.169654757E1,5.788887597E1,3.518555781E0,8.413171524E1,4.505343976E0,3.745874105E0
3.558575158E2,2.619594507E1,9.169658049E1,5.801553737E1,3.382626377E0,8.464134804E1,4.524568564E0,3.739378831E0
3.568575335E2,2.619594617E1,9.169661440E1,5.794935837E1,3.329349504E0,8.635618719E1,4.513004661E0,3.688320347E0
3.578575491E2,2.619594952E1,9.169664834E1,5.814797890E1,3.339675572E0,8.485493435E1,4.517559581E0,3.691036723E0
3.588575660E2,2.619595338E1,9.169668075E1,5.806725680E1,3.249787485E0,8.393939100E1,4.496641035E0,3.680653042E0
3.598575828E2,2.619595547E1,9.169671413E1,5.802561258E1,3.257942615E0,8.502528910E1,4.449733399E0,3.651794440E0
3.608575991E2,2.619595823E1,9.169674398E1,5.812814392E1,3.115393389E0,8.493037512E1,4.437674555E0,3.636895797E0
3.618576151E2,2.619595690E1,9.169677550E1,5.793111768E1,3.134157637E0,8.913151389E1,4.368825819E0,3.582408295E0
3.628576318E2,2.619595846E1,9.169680559E1,5.803590763E1,3.041157811E0,8.786247599E1,4.412774915E0,3.651888952E0
3.638576481E2,2.619595897E1,9.169683135E1,5.782212466E1,2.761089019E0,8.812974369E1,4.441190381E0,3.658292898E0
3.648576642E2,2.619595966E1,9.169686161E1,5.780761383E1,2.908376729E0,8.849726278E1,4.452604727E0,3.676775906E0
3.658576816E2,2.619595629E1,9.169689059E1,5.787982532E1,2.944425905E0,9.179304134E1,4.436072929E0,3.677666520E0
3.668576983E2,2.619595982E1,9.169692186E1,5.792007956E1,3.018219099E0,8.659893155E1,4.458871229E0,3.646860351E0
3.678577150E2,2.619597043E1,9.169695654E1,5.755074992E1,3.291999763E0,7.794243055E1,4.475970219E0,3.705675691E0
3.688577308E2,2.619597622E1,9.169699123E1,5.741224263E1,3.381067368E0,7.884583243E1,4.466515039E0,3.700480955E0
3.698577476E2,2.619597465E1,9.169702819E1,5.730348773E1,3.504307083E0,8.711436313E1,4.408785598E0,3.649163594E0
3.708577637E2,2.619597433E1,9.169706264E1,5.732266802E1,3.443697803E0,8.895798264E1,4.351807264E0,3.602013779E0
3.718577805E2,2.619597607E1,9.169709745E1,5.735378437E1,3.441207380E0,8.774938239E1,4.374742665E0,3.618201763E0
3.728577969E2,2.619597853E1,9.169713185E1,5.735722191E1,3.393385313E0,8.656822975E1,4.336208148E0,3.579310901E0
3.738558881E2,2.619598144E1,9.169716598E1,5.755295163E1,3.372283627E0,8.581675272E1,4.340819931E0,3.571400183E0
3.748558796E2,2.619598492E1,9.169720037E1,5.747006534E1,3.394326810E0,8.514311044E1,4.355743912E0,3.587017972E0
3.758558973E2,2.619598966E1,9.169723607E1,5.736849772E1,3.449390501E0,8.361119119E1,4.396283966E0,3.618143067E0
3.768558931E2,2.619599299E1,9.169727035E1,5.733709815E1,3.381402862E0,8.479007965E1,4.427665862E0,3.644059771E0
3.778558904E2,2.619599678E1,9.169730456E1,5.745523349E1,3.396465037E0,8.453225467E1,4.451090823E0,3.675054913E0
3.788559120E2,2.619599754E1,9.169733751E1,5.731545024E1,3.315308680E0,8.702895227E1,4.417636328E0,3.651605728E0
3.798559076E2,2.619599993E1,9.169736892E1,5.738283064E1,3.243972898E0,8.567552557E1,4.468201692E0,3.689783022E0
3.808559047E2,2.619600608E1,9.169740108E1,5.741466499E1,3.242720649E0,8.219211769E1,4.512599536E0,3.724916135E0
3.818559260E2,2.619601015E1,9.169743371E1,5.728085891E1,3.249926101E0,8.289761924E1,4.449412150E0,3.667306631E0
3.828559233E2,2.619601156E1,9.169746862E1,5.727572169E1,3.355243850E0,8.581479686E1,4.392570680E0,3.610474914E0
3.838559200E2,2.619601437E1,9.169750123E1,5.714808719E1,3.290105112E0,8.533599023E1,4.419023597E0,3.643726483E0
3.848559430E2,2.619601790E1,9.169753586E1,5.702227351E1,3.358720278E0,8.464457920E1,4.407519477E0,3.637108386E0
3.858559410E2,2.619601876E1,9.169756802E1,5.713709302E1,3.248499215E0,8.696079008E1,4.375238605E0,3.611118725E0
3.868559385E2,2.619601825E1,9.169760116E1,5.712770168E1,3.259989314E0,8.905103762E1,4.349737241E0,3.623849895E0
3.878559609E2,2.619602038E1,9.169763324E1,5.706434744E1,3.200592481E0,8.742381692E1,4.318322368E0,3.620986226E0
3.888559830E2,2.619601941E1,9.169766800E1,5.722619401E1,3.318315718E0,8.988013252E1,4.309728678E0,3.578488592E0
3.898560037E2,2.619602222E1,9.169770126E1,5.704212290E1,3.292847786E0,8.690967162E1,4.319011915E0,3.598934284E0
3.908560259E2,2.619603075E1,9.169773456E1,5.706682276E1,3.317853592E0,7.947000575E1,4.344893082E0,3.625559347E0
3.918560466E2,2.619603658E1,9.169776936E1,5.668935926E1,3.407182467E0,7.974773571E1,4.368653907E0,3.654337446E0
3.928560671E2,2.619603980E1,9.169780312E1,5.660652732E1,3.371092973E0,8.205436620E1,4.342769234E0,3.637478123E0
3.938560881E2,2.619604277E1,9.169783745E1,5.642127085E1,3.389880038E0,8.356199791E1,4.322671308E0,3.619330694E0
3.948561083E2,2.619604284E1,9.169787227E1,5.631722221E1,3.400135645E0,8.680456308E1,4.289667978E0,3.602510815E0
3.958561279E2,2.619604251E1,9.169790721E1,5.629987083E1,3.456102270E0,8.823041126E1,4.232439996E0,3.556055453E0
3.968561482E2,2.619604634E1,9.169794056E1,5.630819144E1,3.399516674E0,8.494108978E1,4.244034612E0,3.564766200E0
3.978561675E2,2.619604867E1,9.169797348E1,5.611198780E1,3.345863884E0,8.511378172E1,4.201015605E0,3.534152200E0
3.988561871E2,2.619605006E1,9.169800607E1,5.601168498E1,3.290056284E0,8.628865533E1,4.224317875E0,3.556032761E0
3.998562065E2,2.619605265E1,9.169803954E1,5.591869303E1,3.272730830E0,8.525579820E1,4.228497535E0,3.562729235E0
4.008562257E2,2.619605722E1,9.169807398E1,5.605734519E1,3.344220771E0,8.363600276E1,4.236052564E0,3.574013573E0
4.018562443E2,2.619605832E1,9.169810471E1,5.586003217E1,3.195524688E0,8.566630078E1,4.230580807E0,3.550420069E0
4.028562638E2,2.619605663E1,9.169813768E1,5.572563839E1,3.227853173E0,9.008924107E1,4.199897353E0,3.521148653E0
4.038562827E2,2.619605607E1,9.169816792E1,5.583932622E1,3.113625248E0,9.039607011E1,4.228164643E0,3.542040051E0
4.048563014E2,2.619606223E1,9.169819682E1,5.554418810E1,2.967139234E0,8.232680435E1,4.189022389E0,3.560421794E0
4.058563203E2,2.619606512E1,9.169822861E1,5.565834616E1,3.019586055E0,8.295629938E1,4.210246823E0,3.572275622E0
4.068563383E2,2.619606448E1,9.169825767E1,5.555935788E1,2.976810938E0,8.717652252E1,4.234355394E0,3.596097918E0
4.078563575E2,2.619606177E1,9.169828825E1,5.558640821E1,2.985644646E0,9.098654565E1,4.225076198E0,3.601846700E0
4.088563757E2,2.619606163E1,9.169831809E1,5.552284245E1,2.954219552E0,8.961713245E1,4.293787602E0,3.616197678E0
4.098563933E2,2.619606539E1,9.169835087E1,5.542274056E1,3.087842441E0,8.602690394E1,4.307106658E0,3.653946757E0
4.108564112E2,2.619606224E1,9.169838093E1,5.556159591E1,3.000908555E0,9.148932667E1,4.325779749E0,3.672849745E0
4.118564291E2,2.619606085E1,9.169840965E1,5.553294512E1,2.908968986E0,9.203210519E1,4.469419157E0,3.811411694E0
4.128564471E2,2.619606169E1,9.169844044E1,5.604351205E1,2.953056875E0,9.011710126E1,4.500857726E0,3.837510988E0
4.138564649E2,2.619605883E1,9.169847087E1,5.588726358E1,3.000638150E0,9.311093654E1,4.499052125E0,3.808597301E0
4.148564829E2,2.619605792E1,9.169850517E1,5.592393906E1,3.193849969E0,9.254735289E1,4.519078946E0,3.807984010E0
4.158565015E2,2.619605549E1,9.169853737E1,5.571546797E1,3.144422933E0,9.471479149E1,4.481488950E0,3.781162328E0
4.168565182E2,2.619604969E1,9.169856805E1,5.569645997E1,3.089323172E0,9.969709301E1,4.505915078E0,3.804705108E0
4.178565357E2,2.619604227E1,9.169859716E1,5.561928977E1,3.008779528E0,1.035911455E2,4.549420404E0,3.840145048E0
4.188565533E2,2.619603437E1,9.169862695E1,5.571066277E1,3.022139619E0,1.061321680E2,4.551312953E0,3.840162041E0
4.198565712E2,2.619602249E1,9.169865135E1,5.571917645E1,2.863294599E0,1.127138195E2,4.577035778E0,3.842553790E0
4.208565895E2,2.619600861E1,9.169868044E1,5.576125206E1,3.069650085E0,1.154000662E2,4.613330265E0,3.890999264E0
4.218566064E2,2.619599234E1,9.169870400E1,5.574182218E1,2.989873722E0,1.221723612E2,4.601797576E0,3.803930254E0
4.228566237E2,2.619597792E1,9.169873061E1,5.560783143E1,3.047175697E0,1.222153893E2,4.681757961E0,3.898001034E0
4.238566410E2,2.619596095E1,9.169875416E1,5.573340893E1,3.030243002E0,1.252410757E2,4.664088354E0,3.906416810E0
4.248566596E2,2.619593767E1,9.169877570E1,5.587073713E1,3.178770671E0,1.333247965E2,4.652737626E0,3.899927790E0
4.258566757E2,2.619591296E1,9.169879279E1,5.584674062E1,3.163695843E0,1.428060132E2,4.646824462E0,3.838389092E0
4.268566935E2,2.619588876E1,9.169880975E1,5.586095052E1,3.131798235E0,1.466371710E2,4.600827877E0,3.778740741E0
4.278567110E2,2.619586521E1,9.169883081E1,5.594682304E1,3.231264850E0,1.442095430E2,4.580367133E0,3.753624069E0
4.288567276E2,2.619584078E1,9.169884921E1,5.592286881E1,3.204853118E0,1.454744345E2,4.537754660E0,3.726331248E0
4.298567453E2,2.619581739E1,9.169886850E1,5.595552738E1,3.214292514E0,1.452491034E2,4.502546302E0,3.705114871E0
4.308567618E2,2.619579288E1,9.169888351E1,5.606945917E1,3.174319588E0,1.490299102E2,4.565996592E0,3.768366703E0
4.318567789E2,2.619576728E1,9.169889496E1,5.625386682E1,3.107662424E0,1.542018676E2,4.544547217E0,3.762962440E0
4.328567965E2,2.619573998E1,9.169890697E1,5.639403712E1,3.193990971E0,1.565929226E2,4.519457766E0,3.740726860E0
4.338568143E2,2.619571234E1,9.169891680E1,5.655377398E1,3.218743339E0,1.598634662E2,4.504576451E0,3.731772231E0
4.348568312E2,2.619568564E1,9.169892849E1,5.687227518E1,3.220619369E0,1.595160507E2,4.501937735E0,3.747892538E0
4.358568482E2,2.619565783E1,9.169893961E1,5.686593470E1,3.268159820E0,1.603854009E2,4.429565079E0,3.683807917E0
4.368568645E2,2.619562988E1,9.169894796E1,5.680677985E1,3.246093657E0,1.632340650E2,4.406906762E0,3.652376714E0
4.378568822E2,2.619560048E1,9.169895773E1,5.680524867E1,3.338476338E0,1.641408325E2,4.401801966E0,3.655262258E0
4.388568986E2,2.619557066E1,9.169896396E1,5.706518105E1,3.370474912E0,1.672167333E2,4.399538615E0,3.699115106E0
4.398569165E2,2.619553959E1,9.169896803E1,5.705273986E1,3.425305530E0,1.710071726E2,4.493178712E0,3.782853136E0
4.408569332E2,2.619551019E1,9.169897705E1,5.716234892E1,3.374179583E0,1.679452437E2,4.543692047E0,3.800241826E0
4.418569506E2,2.619548114E1,9.169898431E1,5.712199199E1,3.332397616E0,1.675688206E2,4.628483522E0,3.917909611E0
4.428569685E2,2.619545128E1,9.169899140E1,5.703315380E1,3.335131838E0,1.680152990E2,4.661988071E0,3.970834217E0
4.438569843E2,2.619542191E1,9.169900086E1,5.666395684E1,3.348259538E0,1.658406598E2,4.670126246E0,3.972848962E0
4.448570013E2,2.619539317E1,9.169900859E1,5.644440257E1,3.301538116E0,1.667289201E2,4.711430397E0,4.015947975E0
4.458570181E2,2.619536523E1,9.169901524E1,5.661728360E1,3.251527771E0,1.676653247E2,4.734016526E0,4.064453219E0
4.468570358E2,2.619533538E1,9.169902333E1,5.707567005E1,3.342154883E0,1.676811765E2,4.713907468E0,4.090760433E0
4.478570517E2,2.619531361E1,9.169903139E1,5.751846860E1,2.955609138E0,1.646512012E2,4.730204336E0,4.243749407E0
4.488570697E2,2.619528304E1,9.169904068E1,5.771046797E1,3.172781889E0,1.648205659E2,4.791682527E0,4.333483631E0
4.498570869E2,2.619525267E1,9.169904823E1,5.790797399E1,3.237308740E0,1.662995471E2,4.830866688E0,4.315822727E0
4.508571037E2,2.619522634E1,9.169905444E1,5.812505409E1,3.079651020E0,1.672582987E2,4.857462150E0,4.289451921E0
4.518571207E2,2.619520008E1,9.169906698E1,5.795445359E1,3.094217420E0,1.613041472E2,4.854042069E0,4.228897114E0
4.528571375E2,2.619516952E1,9.169907675E1,5.771814775E1,3.214827784E0,1.626513913E2,4.888831271E0,4.269321093E0
4.538571553E2,2.619513829E1,9.169908205E1,5.749614524E1,3.285920738E0,1.673142142E2,4.859635008E0,4.193854888E0
4.548571715E2,2.619510830E1,9.169909110E1,5.727506969E1,3.356548459E0,1.665358089E2,4.942201299E0,4.273071321E0
4.558571878E2,2.619507861E1,9.169909928E1,5.718688635E1,3.304241066E0,1.663339032E2,4.968310821E0,4.309588410E0
4.568572051E2,2.619505177E1,9.169910449E1,5.668944874E1,3.102764609E0,1.690124851E2,4.965224506E0,4.331131670E0
4.578572220E2,2.619502201E1,9.169910812E1,5.669362333E1,3.096752071E0,1.717746744E2,5.029878309E0,4.373976333E0
4.588572387E2,2.619499335E1,9.169911557E1,5.664779370E1,3.150605750E0,1.697899396E2,4.974348557E0,4.289530074E0
4.598572564E2,2.619496173E1,9.169912247E1,5.668998605E1,3.385980306E0,1.698101028E2,5.019547798E0,4.343618572E0
4.608572726E2,2.619493144E1,9.169912791E1,5.634860624E1,3.345236174E0,1.704146719E2,4.977647382E0,4.275159182E0
4.618572906E2,2.619489705E1,9.169913731E1,5.636043917E1,3.554066157E0,1.685440943E2,5.010530428E0,4.295081798E0
4.628573064E2,2.619486835E1,9.169914194E1,5.627290081E1,3.338752494E0,1.707325785E2,5.004646317E0,4.313441486E0
4.638573235E2,2.619483550E1,9.169914671E1,5.626515097E1,3.469395575E0,1.721270357E2,4.992007145E0,4.246296105E0
4.648573396E2,2.619480533E1,9.169914996E1,5.618273792E1,3.417473855E0,1.735359387E2,4.951290635E0,4.230166932E0
4.658573569E2,2.619477667E1,9.169915245E1,5.620627886E1,3.319140817E0,1.756498441E2,4.977010296E0,4.244323094E0
4.668573744E2,2.619474690E1,9.169915541E1,5.642055779E1,3.294522890E0,1.759233637E2,5.001437827E0,4.294098833E0
4.678573918E2,2.619471520E1,9.169915660E1,5.660875643E1,3.363578811E0,1.772536365E2,4.996799532E0,4.313641665E0
4.688574078E2,2.619468301E1,9.169915695E1,5.622175736E1,3.465430629E0,1.785746747E2,5.010870998E0,4.325310549E0
4.698574249E2,2.619465482E1,9.169915978E1,5.581898551E1,3.301768327E0,1.769797673E2,5.015600193E0,4.310850934E0
4.708574426E2,2.619462519E1,9.169915530E1,5.606865536E1,3.236164613E0,1.822776533E2,5.037696539E0,4.385490644E0
4.718574584E2,2.619459424E1,9.169915436E1,5.602088716E1,3.334726732E0,1.824219313E2,5.161298871E0,4.471758234E0
4.728574758E2,2.619456031E1,9.169914963E1,5.582030172E1,3.521917690E0,1.850710949E2,5.314032701E0,4.578690085E0
4.738574922E2,2.619452963E1,9.169914895E1,5.549838284E1,3.404302709E0,1.836284364E2,5.295408714E0,4.526314084E0
4.748575089E2,2.619449868E1,9.169914453E1,5.563286282E1,3.388952208E0,1.854858529E2,5.237273016E0,4.462243245E0
4.758575265E2,2.619446756E1,9.169914096E1,5.627325688E1,3.428347116E0,1.861233723E2,5.211692405E0,4.443488026E0
4.768575434E2,2.619443677E1,9.169913545E1,5.629939898E1,3.430002805E0,1.881102167E2,5.166932664E0,4.415580258E0
4.778575599E2,2.619440623E1,9.169912809E1,5.630444593E1,3.367046294E0,1.902232130E2,5.166932660E0,4.412110419E0
4.788575768E2,2.619437177E1,9.169911647E1,5.613783959E1,3.641988858E0,1.939547263E2,5.333605553E0,4.538459295E0
4.798575942E2,2.619434197E1,9.169910639E1,5.588206748E1,3.506177109E0,1.954164627E2,5.248434774E0,4.441951333E0
4.808576103E2,2.619430920E1,9.169909796E1,5.568688747E1,3.595098547E0,1.939880940E2,5.162385289E0,4.370246034E0
4.818576276E2,2.619428141E1,9.169908841E1,5.617762975E1,3.383581449E0,1.954115211E2,5.052413693E0,4.314013317E0
4.828576439E2,2.619425104E1,9.169908258E1,5.614361009E1,3.384251357E0,1.918155433E2,4.996300032E0,4.241918600E0
4.838576616E2,2.619422206E1,9.169907952E1,5.604048063E1,3.261662359E0,1.881029951E2,5.004152148E0,4.209736533E0
4.848576780E2,2.619419039E1,9.169907409E1,5.613823047E1,3.389766486E0,1.877052874E2,4.991915354E0,4.202692975E0
4.858576943E2,2.619416156E1,9.169906771E1,5.577142521E1,3.283888805E0,1.891147844E2,4.963973166E0,4.188642438E0
4.868577119E2,2.619413497E1,9.169906365E1,5.611693814E1,3.077183614E0,1.888102960E2,4.994567408E0,4.249416938E0
4.878577283E2,2.619410539E1,9.169905631E1,5.629712618E1,3.187645274E0,1.906462241E2,4.911040885E0,4.188115765E0
4.888577458E2,2.619408187E1,9.169904444E1,5.561312096E1,2.972198501E0,1.982048130E2,4.955272568E0,4.256467657E0
4.898577622E2,2.619405170E1,9.169904508E1,5.599138877E1,3.020385471E0,1.887196346E2,5.024009125E0,4.375293496E0
4.908577797E2,2.619402250E1,9.169903963E1,5.572277963E1,3.035403334E0,1.895889977E2,5.035826616E0,4.428963433E0
4.918577961E2,2.619399906E1,9.169903502E1,5.608417057E1,2.758483380E0,1.909843205E2,5.075081827E0,4.371099102E0
4.928578132E2,2.619397094E1,9.169902703E1,5.643208490E1,2.934432061E0,1.933950017E2,5.099946114E0,4.368634174E0
4.938578307E2,2.619394118E1,9.169902182E1,5.671785599E1,3.106242693E0,1.915427825E2,5.122794447E0,4.333849856E0
4.948578465E2,2.619391237E1,9.169901762E1,5.703506220E1,3.150982459E0,1.901521208E2,5.145238588E0,4.336845296E0
4.958578647E2,2.619388381E1,9.169900701E1,5.732753051E1,3.196840080E0,1.949716378E2,5.158438617E0,4.380527554E0
4.968578811E2,2.619385364E1,9.169900005E1,5.744124278E1,3.234824668E0,1.940366348E2,5.131195468E0,4.391867998E0
4.978578980E2,2.619382771E1,9.169899184E1,5.750369360E1,3.037379824E0,1.952881705E2,5.103667116E0,4.373174208E0
4.988579144E2,2.619379945E1,9.169898265E1,5.740598883E1,3.104261510E0,1.960811509E2,5.126909924E0,4.376189220E0
4.998559993E2,2.619376727E1,9.169897235E1,5.721808039E1,3.346475469E0,1.960242283E2,5.136192570E0,4.336961572E0
5.008559910E2,2.619373591E1,9.169896291E1,5.720823759E1,3.398256035E0,1.955610334E2,5.129193993E0,4.291924728E0
5.018560081E2,2.619370376E1,9.169895736E1,5.716636928E1,3.364240291E0,1.920546885E2,5.143255274E0,4.334428849E0
5.028559985E2,2.619367066E1,9.169895328E1,5.714127480E1,3.451527945E0,1.893427209E2,5.122623327E0,4.271379278E0
5.038559895E2,2.619363928E1,9.169894840E1,5.687508861E1,3.439758322E0,1.890270002E2,5.122623329E0,4.260782938E0
5.048560071E2,2.619360885E1,9.169894193E1,5.670954119E1,3.379142903E0,1.901659451E2,5.122623333E0,4.253244416E0
5.058559985E2,2.619357933E1,9.169894086E1,5.678890436E1,3.271393994E0,1.855910238E2,4.532734122E0,3.744630952E0
5.068559893E2,2.619354623E1,9.169893822E1,5.647176006E1,3.394916334E0,1.842634079E2,4.524786191E0,3.722651953E0
5.078560073E2,2.619351387E1,9.169893604E1,5.630406582E1,3.441520603E0,1.839784693E2,4.489121349E0,3.688189113E0
5.088560015E2,2.619348024E1,9.169892855E1,5.635355077E1,3.564831170E0,1.885059437E2,4.374894451E0,3.604543303E0
5.098559924E2,2.619344817E1,9.169892111E1,5.640254145E1,3.552200200E0,1.904192902E2,4.268943317E0,3.501021993E0
5.108560128E2,2.619341639E1,9.169891628E1,5.630719221E1,3.504861473E0,1.895855996E2,4.182197218E0,3.444705660E0
5.118560037E2,2.619338517E1,9.169890972E1,5.630450545E1,3.453268867E0,1.905869516E2,4.262241728E0,3.505554731E0
5.128559975E2,2.619335695E1,9.169890591E1,5.601285627E1,3.276074451E0,1.887981629E2,4.225597394E0,3.487592835E0
5.138560153E2,2.619332647E1,9.169889928E1,5.601999922E1,3.330677914E0,1.903839885E2,4.238885891E0,3.509138709E0
5.148560347E2,2.619329826E1,9.169888843E1,5.635056935E1,3.342913064E0,1.947260358E2,4.351142421E0,3.602776381E0
5.158560530E2,2.619327010E1,9.169888281E1,5.644380673E1,3.221774780E0,1.922243183E2,4.361659318E0,3.632840008E0
5.168560732E2,2.619324226E1,9.169888063E1,5.644794228E1,3.122534500E0,1.870430789E2,4.431068683E0,3.676626939E0
5.178560915E2,2.619321022E1,9.169887712E1,5.595833293E1,3.308174627E0,1.864799089E2,4.449541114E0,3.683489472E0
5.188561112E2,2.619317952E1,9.169886810E1,5.583463978E1,3.390604857E0,1.911836067E2,4.505374279E0,3.732561879E0
5.198561273E2,2.619315021E1,9.169886043E1,5.590307093E1,3.301629813E0,1.923807298E2,4.591271555E0,3.779112009E0
5.208561464E2,2.619312134E1,9.169885370E1,5.596268851E1,3.284578161E0,1.917651186E2,4.656715299E0,3.827450347E0
5.218561654E2,2.619309214E1,9.169884592E1,5.582615975E1,3.307507368E0,1.926555373E2,4.657004263E0,3.816748874E0
5.228561838E2,2.619306182E1,9.169883393E1,5.598316925E1,3.423851056E0,1.960456107E2,4.674700533E0,3.840492691E0
5.238562018E2,2.619303043E1,9.169882852E1,5.539048759E1,3.393374669E0,1.922513715E2,4.669597976E0,3.847926761E0
5.248562204E2,2.619299443E1,9.169882358E1,5.572110154E1,3.683228726E0,1.891394788E2,4.677239323E0,3.865140531E0
5.254135714E2,2.619257949E1,9.169875985E1,4.776632424E1,NaN,NaN,1.239950140E2,3.744978021E1
5.254338134E2,2.619259811E1,9.169874596E1,5.397470590E1,NaN,NaN,1.446638509E2,3.983153078E1
5.261147354E2,2.619259135E1,9.169865997E1,5.391779697E1,NaN,NaN,3.955493242E1,3.000000000E1
5.286953284E2,2.619215128E1,9.169855758E1,3.981079046E1,2.889105320E0,1.887246018E2,1.091098694E1,2.146597099E1
5.296953457E2,2.619212370E1,9.169856621E1,5.277512705E1,2.964236498E0,1.932270898E2,7.120481926E0,3.000000000E0
5.306953633E2,2.619208692E1,9.169855922E1,5.285396575E1,2.964236498E0,1.947928697E2,5.823691500E0,3.000000000E0
5.316953324E2,2.619206295E1,9.169854267E1,5.292129239E1,3.300025463E0,2.036659684E2,4.683027284E0,3.000000000E0
5.326953501E2,2.619204280E1,9.169853150E1,5.309722334E1,3.216102123E0,2.008211673E2,4.174141926E0,3.000000000E0
5.340313734E2,2.619201516E1,9.169851313E1,5.319955584E1,3.216102123E0,2.002031718E2,3.517685625E0,3.000000000E0
5.350307093E2,2.619199497E1,9.169849662E1,5.336044124E1,3.098115683E0,1.999603723E2,3.100466774E0,3.000000000E0
5.360307046E2,2.619196938E1,9.169848229E1,5.323903562E1,3.065696239E0,2.068803101E2,2.858398446E0,3.000000000E0
5.370307219E2,2.619194964E1,9.169846328E1,5.331441344E1,3.151912212E0,2.092583224E2,2.742772294E0,3.000000000E0
5.380307159E2,2.619192222E1,9.169844080E1,5.318305483E1,3.212786436E0,2.136626470E2,2.616411596E0,3.000000000E0
5.390307107E2,2.619189669E1,9.169842030E1,5.289433620E1,3.178769588E0,2.132833256E2,2.617695634E0,3.000000000E0
5.400307255E2,2.619187190E1,9.169840081E1,5.271086817E1,3.178769588E0,2.100418954E2,2.609532597E0,3.000000000E0
5.410307199E2,2.619184706E1,9.169838489E1,5.271086803E1,3.178769588E0,2.100418884E2,4.748651530E0,4.367358407E0
5.420307149E2,2.619181768E1,9.169836658E1,5.295381994E1,3.091912270E0,2.064599878E2,4.748651530E0,4.239006328E0
5.430307304E2,2.619178469E1,9.169835065E1,5.312756176E1,3.279585361E0,2.006149315E2,4.748651530E0,4.183219097E0
5.440307256E2,2.619175023E1,9.169833701E1,5.275796047E1,3.524544716E0,2.034352521E2,4.748651530E0,5.105660480E0
5.450307190E2,2.619172327E1,9.169832545E1,5.279438314E1,3.524544716E0,2.045272079E2,4.748651530E0,4.611401756E0
5.460307334E2,2.619169210E1,9.169831090E1,5.269317865E1,3.524544716E0,2.056146147E2,4.748651530E0,5.678595130E0
5.470307273E2,2.619166669E1,9.169829459E1,5.272109409E1,3.378251553E0,2.082375163E2,4.748651530E0,6.768659560E0
5.480307192E2,2.619164017E1,9.169827584E1,5.279249524E1,3.433985472E0,2.106719999E2,4.748651530E0,7.521758686E0
5.490307355E2,2.619161858E1,9.169825212E1,5.281289168E1,3.378251553E0,2.177585247E2,4.748651530E0,8.253476428E0
5.500307522E2,2.619159934E1,9.169822838E1,5.277265014E1,3.327703476E0,2.241665388E2,4.748651530E0,8.895639216E0
5.510307700E2,2.619158341E1,9.169820651E1,5.264829064E1,3.063849688E0,2.291045743E2,4.748651530E0,5.209348582E0
5.520307858E2,2.619157225E1,9.169817915E1,5.261674153E1,3.063849688E0,2.349240449E2,4.748651530E0,6.383911733E0
5.530308029E2,2.619155907E1,9.169814965E1,5.244226051E1,3.063849688E0,2.385153852E2,4.748651530E0,7.315971311E0
5.540308197E2,2.619154578E1,9.169811502E1,5.231954035E1,3.295104504E0,2.422640922E2,4.748651530E0,8.070857443E0
5.550308360E2,2.619152918E1,9.169808277E1,5.219063678E1,3.494987965E0,2.430132811E2,4.748651530E0,5.145348572E0
5.560308546E2,2.619151889E1,9.169804646E1,5.218286117E1,3.494987965E0,2.530221847E2,4.748651530E0,4.598545754E0
5.570308712E2,2.619152197E1,9.169801138E1,5.210073642E1,3.459731102E0,2.635368234E2,4.748651530E0,5.579541936E0
5.580308882E2,2.619152889E1,9.169797659E1,5.222597298E1,3.347728014E0,2.713035138E2,4.748651530E0,6.432580018E0
5.590309037E2,2.619153297E1,9.169794292E1,5.225801167E1,3.366472721E0,2.704153706E2,4.748651530E0,5.134313760E0
5.600309208E2,2.619153428E1,9.169790867E1,5.239576377E1,3.384670973E0,2.684295067E2,4.748651530E0,6.288601288E0
5.610309390E2,2.619154607E1,9.169787752E1,5.558131066E1,3.275254423E0,2.703046991E2,2.000000000E0,3.000000000E0
5.620309552E2,2.619154927E1,9.169784589E1,5.558311608E1,3.270876822E0,2.714075818E2,2.000000001E0,3.000000000E0
5.630309723E2,2.619155299E1,9.169781798E1,5.565207792E1,3.277105469E0,2.720828048E2,2.000000001E0,3.000000000E0
5.640309896E2,2.619155009E1,9.169778527E1,5.576101795E1,3.230212764E0,2.719917351E2,2.000000001E0,3.000000000E0
5.650310060E2,2.619154770E1,9.169775119E1,5.582126201E1,3.227166887E0,2.713226422E2,2.000000027E0,3.000000000E0
5.660310229E2,2.619155034E1,9.169771924E1,5.593392465E1,3.259017047E0,2.730641112E2,2.000000027E0,3.000000000E0
5.670310393E2,2.619154961E1,9.169768822E1,5.583716468E1,3.174976375E0,2.707589678E2,2.000778521E0,3.000000000E0
5.680310560E2,2.619154772E1,9.169765664E1,5.585879598E1,3.173247089E0,2.678205184E2,2.034965494E0,3.000000000E0
5.690310732E2,2.619154687E1,9.169762496E1,5.608091742E1,3.160015323E0,2.685957173E2,2.031080445E0,3.000000000E0
5.700310902E2,2.619154608E1,9.169759384E1,5.597149279E1,3.161984278E0,2.693734563E2,2.027972399E0,3.000000000E0
5.710311079E2,2.619154635E1,9.169756169E1,5.596937145E1,3.190795020E0,2.711029382E2,2.025429464E0,3.000000000E0
5.720311249E2,2.619154677E1,9.169752934E1,5.593755048E1,3.220323383E0,2.710486581E2,2.023310344E0,3.000000000E0
5.730311417E2,2.619154675E1,9.169749935E1,5.601322921E1,3.093674759E0,2.724396139E2,2.021517241E0,3.000000000E0
5.740311587E2,2.619155290E1,9.169746701E1,5.602285759E1,3.199808793E0,2.779048402E2,2.019980295E0,3.000000000E0
5.750311753E2,2.619155763E1,9.169743545E1,5.597818734E1,3.189817550E0,2.787914745E2,2.018648278E0,3.000000000E0
5.760311927E2,2.619155862E1,9.169740493E1,5.597098208E1,3.129526766E0,2.748649231E2,2.017482762E0,3.000000000E0
5.770312093E2,2.619156044E1,9.169737209E1,5.605164804E1,3.234888418E0,2.739493898E2,2.016454363E0,3.000000000E0
5.780312258E2,2.619156052E1,9.169734222E1,5.587265929E1,3.095170280E0,2.718962344E2,2.015540232E0,3.000000000E0
5.790312426E2,2.619155803E1,9.169730906E1,5.575809589E1,3.187559402E0,2.674951545E2,2.022090493E0,3.000000000E0
5.800312590E2,2.619155399E1,9.169727735E1,5.588827431E1,3.181942487E0,2.644260351E2,2.020985968E0,3.000000000E0
5.810312770E2,2.619155130E1,9.169724577E1,5.595099721E1,3.196574964E0,2.656930726E2,2.019936674E0,3.000000000E0
5.820312939E2,2.619155212E1,9.169721380E1,5.565199857E1,3.204530456E0,2.691926316E2,2.018939840E0,3.000000000E0
5.830313113E2,2.619155292E1,9.169718152E1,5.589735232E1,3.243288211E0,2.702406563E2,2.017992849E0,3.000000000E0
5.840313287E2,2.619155198E1,9.169714727E1,5.594713775E1,3.371134724E0,2.690650661E2,2.017093211E0,3.000000000E0
5.850313442E2,2.619155146E1,9.169711295E1,5.591759062E1,3.411309465E0,2.687840230E2,2.016238558E0,3.000000000E0
5.860313618E2,2.619155223E1,9.169707969E1,5.595069540E1,3.310839103E0,2.714655501E2,2.015426628E0,3.000000000E0
5.870313789E2,2.619155449E1,9.169704322E1,5.566822234E1,3.507182384E0,2.732127284E2,2.015244485E0,3.000000000E0
5.880313951E2,2.619155314E1,9.169701069E1,5.589196482E1,3.361192125E0,2.703893323E2,2.018094278E0,3.000000000E0
5.890314128E2,2.619155595E1,9.169697677E1,5.575772166E1,3.389943983E0,2.725023953E2,2.017189566E0,3.000000000E0
5.900314302E2,2.619155739E1,9.169694240E1,5.593763270E1,3.418318020E0,2.728027373E2,2.016330086E0,3.000000000E0
5.910314467E2,2.619155931E1,9.169690823E1,5.577837774E1,3.456233933E0,2.729578842E2,2.015513587E0,3.000000000E0
5.920314634E2,2.619155876E1,9.169687375E1,5.569799193E1,3.463706522E0,2.701764731E2,2.022209030E0,3.000000000E0
5.930314796E2,2.619155659E1,9.169684126E1,5.582416717E1,3.353909721E0,2.669485553E2,2.021098573E0,3.000000000E0
5.940314970E2,2.619155341E1,9.169680796E1,5.578865128E1,3.348339609E0,2.650404517E2,2.020043648E0,3.000000000E0
5.950315153E2,2.619155204E1,9.169677512E1,5.582019904E1,3.299113472E0,2.662151357E2,2.019041473E0,3.000000000E0
5.960315315E2,2.619155254E1,9.169674223E1,5.574200488E1,3.302135146E0,2.692854859E2,2.018089401E0,3.000000000E0
5.970315485E2,2.619155565E1,9.169670740E1,5.558375001E1,3.405928965E0,2.720150014E2,2.017184926E0,3.000000000E0
5.980315658E2,2.619155301E1,9.169667123E1,5.559769459E1,3.584158873E0,2.678226056E2,2.016325688E0,3.000000000E0
5.990315826E2,2.619154958E1,9.169664103E1,5.603069961E1,3.288419110E0,2.651232937E2,2.015509407E0,3.000000000E0
6.000315992E2,2.619155128E1,9.169660819E1,5.573002792E1,3.214239447E0,2.699832103E2,2.014733932E0,3.000000000E0
6.010316160E2,2.619155600E1,9.169657372E1,5.565417001E1,3.334839401E0,2.764645737E2,2.013997239E0,3.000000000E0
6.020316330E2,2.619155687E1,9.169653753E1,5.538468374E1,3.438468457E0,2.737541057E2,2.013297374E0,3.000000000E0
6.030316500E2,2.619155617E1,9.169649945E1,5.553675595E1,3.609104784E0,2.704201196E2,2.012632514E0,3.000000000E0
6.040316671E2,2.619155730E1,9.169646438E1,5.560696795E1,3.534340419E0,2.702005263E2,2.012000892E0,3.000000000E0
6.050316840E2,2.619155663E1,9.169642874E1,5.564576999E1,3.513922075E0,2.686650754E2,2.011400850E0,3.000000000E0
6.060317016E2,2.619155582E1,9.169639635E1,5.552294421E1,3.233323600E0,2.696582686E2,2.010830801E0,3.000000000E0
6.070317177E2,2.619155612E1,9.169636250E1,5.544661838E1,3.245818564E0,2.704725014E2,2.012787779E0,3.000000000E0
6.080317343E2,2.619155627E1,9.169632624E1,5.561612501E1,3.411134276E0,2.706187786E2,2.012148394E0,3.000000000E0
6.090317515E2,2.619155748E1,9.169628804E1,5.542792168E1,3.648052372E0,2.711530109E2,2.011540978E0,3.000000000E0
6.100317685E2,2.619155702E1,9.169625774E1,5.555279684E1,3.273481187E0,2.701372359E2,2.012479307E0,3.000000000E0
6.110317861E2,2.619155953E1,9.169622541E1,5.556035391E1,3.159169353E0,2.737092475E2,2.011855343E0,3.000000000E0
6.120318022E2,2.619156054E1,9.169619134E1,5.552001376E1,3.251946877E0,2.719781942E2,2.011262577E0,3.000000000E0
6.130318206E2,2.619156032E1,9.169616086E1,5.548509828E1,3.092916503E0,2.702982739E2,2.010699448E0,3.000000000E0
6.140318363E2,2.619155977E1,9.169613203E1,5.593707006E1,2.910669636E0,2.707085281E2,2.010164472E0,3.000000000E0
6.150318543E2,2.619156256E1,9.169610885E1,5.591131120E1,2.531154394E0,2.745592557E2,2.009656250E0,3.000000000E0
6.160318718E2,2.619156485E1,9.169607746E1,5.646645037E1,2.712703072E0,2.745744144E2,2.009173442E0,3.000000000E0
6.170318872E2,2.619156464E1,9.169604355E1,5.599198455E1,3.109374112E0,2.715659194E2,2.008714764E0,3.000000000E0
6.180319041E2,2.619156368E1,9.169600589E1,5.628014937E1,3.490881479E0,2.694619826E2,2.008279016E0,3.000000000E0
6.190319212E2,2.619155819E1,9.169597954E1,5.609596253E1,3.077902956E0,2.651351391E2,2.007865072E0,3.000000000E0
6.200319389E2,2.619155633E1,9.169595077E1,5.622855197E1,2.882311979E0,2.657169816E2,2.007471816E0,3.000000000E0
6.210319556E2,2.619155333E1,9.169592069E1,5.606413154E1,2.882687639E0,2.643272470E2,2.007098227E0,3.000000000E0
6.220319723E2,2.619154952E1,9.169588922E1,5.623843561E1,2.981956554E0,2.637952108E2,2.006743317E0,3.000000000E0
6.230319898E2,2.619155077E1,9.169585731E1,5.643931340E1,3.042366662E0,2.680463966E2,2.006406163E0,3.000000000E0
6.240320070E2,2.619155551E1,9.169582604E1,5.648038137E1,3.031711956E0,2.748714114E2,2.009905140E0,3.000000000E0
6.250320233E2,2.619155894E1,9.169579322E1,5.650887108E1,3.183470765E0,2.753997614E2,2.009409887E0,3.000000000E0
6.260320404E2,2.619155891E1,9.169576367E1,5.647572485E1,2.960195649E0,2.725358799E2,2.008939397E0,3.000000000E0
6.270320576E2,2.619156091E1,9.169572893E1,5.643768898E1,3.187653170E0,2.730573012E2,2.013157151E0,3.000000000E0
6.280320744E2,2.619156078E1,9.169569594E1,5.643508484E1,3.220258043E0,2.706772642E2,2.012499296E0,3.000000000E0
6.290320914E2,2.619156396E1,9.169566276E1,5.637312276E1,3.264315067E0,2.745041430E2,2.024713835E0,3.000000000E0
6.300321080E2,2.619156420E1,9.169563019E1,5.652755073E1,3.252284738E0,2.716940746E2,2.023478152E0,3.000000000E0
6.310321263E2,2.619156246E1,9.169559826E1,5.663336706E1,3.166366519E0,2.687441679E2,2.022304239E0,3.000000000E0
6.320321417E2,2.619156581E1,9.169556690E1,5.653420745E1,3.130117417E0,2.737579185E2,2.021189037E0,3.000000000E0
6.330321592E2,2.619156455E1,9.169553633E1,5.657401949E1,3.093591816E0,2.699560761E2,2.020129590E0,3.000000000E0
6.340321758E2,2.619156500E1,9.169550357E1,5.665086927E1,3.217137568E0,2.693246933E2,2.019123101E0,3.000000000E0
6.350321931E2,2.619156703E1,9.169547262E1,5.669785171E1,3.150491616E0,2.722396383E2,2.018166951E0,3.000000000E0
6.360322100E2,2.619156757E1,9.169544064E1,5.687498103E1,3.170201311E0,2.726682237E2,2.017258600E0,3.000000000E0
6.370322279E2,2.619156567E1,9.169540862E1,5.669490537E1,3.193335356E0,2.687439090E2,2.016395674E0,3.000000000E0
6.380322438E2,2.619156592E1,9.169537570E1,5.684998245E1,3.252338323E0,2.693377650E2,2.015575891E0,3.000000000E0
6.390322618E2,2.619156712E1,9.169534122E1,5.695027242E1,3.360989399E0,2.714656316E2,2.019307128E0,3.000000000E0
6.400322786E2,2.619157001E1,9.169530633E1,5.665118686E1,3.445801878E0,2.737830577E2,2.018341784E0,3.000000000E0
6.410322953E2,2.619156820E1,9.169527141E1,5.666871672E1,3.471214390E0,2.691753762E2,2.036762815E0,3.000000000E0
6.420323118E2,2.619156775E1,9.169523666E1,5.674462515E1,3.437616454E0,2.692534519E2,2.034924680E0,3.000000000E0
6.430323295E2,2.619156919E1,9.169520231E1,5.655628695E1,3.394025474E0,2.707517264E2,2.038928451E0,3.000000000E0
6.440323458E2,2.619156972E1,9.169516777E1,5.667078277E1,3.395573369E0,2.709602065E2,2.036982028E0,3.000000000E0
6.450323631E2,2.619156953E1,9.169513438E1,5.655120957E1,3.364301490E0,2.699936477E2,2.035132925E0,3.000000000E0
6.460323801E2,2.619157020E1,9.169510081E1,5.655692273E1,3.365771762E0,2.707260222E2,2.033376283E0,3.000000000E0
6.470323978E2,2.619157224E1,9.169506508E1,5.672603832E1,3.471501135E0,2.726986713E2,2.031707474E0,3.000000000E0
6.480324140E2,2.619156971E1,9.169503135E1,5.671905096E1,3.372138575E0,2.687877270E2,2.030122102E0,3.000000000E0
6.490324312E2,2.619157041E1,9.169499744E1,5.672352798E1,3.381971269E0,2.693209854E2,2.028616001E0,3.000000000E0
6.500324476E2,2.619156874E1,9.169496733E1,5.662086818E1,3.122530242E0,2.680031356E2,2.027185196E0,3.000000000E0
6.510324647E2,2.619156931E1,9.169493626E1,5.676056865E1,3.061799758E0,2.699783627E2,2.036254250E0,3.000000000E0
6.520324819E2,2.619156983E1,9.169490310E1,5.695112316E1,3.165024085E0,2.703275100E2,2.034441546E0,3.000000000E0
6.530324993E2,2.619157105E1,9.169487216E1,5.663925263E1,3.086908160E0,2.711525261E2,2.032719469E0,3.000000000E0
6.540325157E2,2.619157224E1,9.169484195E1,5.689429265E1,3.053254411E0,2.716901226E2,2.031083498E0,3.000000000E0
6.550325326E2,2.619157137E1,9.169480988E1,5.687546811E1,3.149838681E0,2.699981186E2,2.029529323E0,3.000000000E0
6.560325494E2,2.619157502E1,9.169477964E1,5.689782798E1,3.083365858E0,2.740228627E2,2.028052856E0,3.000000000E0
6.570325665E2,2.619157477E1,9.169474808E1,5.670662703E1,3.128846782E0,2.708204117E2,2.029982712E0,3.000000000E0
6.580325842E2,2.619157630E1,9.169471411E1,5.646048117E1,3.276144597E0,2.721208433E2,2.028483578E0,3.000000000E0
6.590326006E2,2.619157897E1,9.169468190E1,5.679999953E1,3.237298371E0,2.734288289E2,2.027059405E0,3.000000000E0
6.600307800E2,2.619158114E1,9.169465710E1,5.614176045E1,2.693489306E0,2.749250873E2,2.025706421E0,3.000000000E0
6.610307724E2,2.619158248E1,9.169462101E1,5.621204071E1,3.201177678E0,2.755650076E2,2.024421106E0,3.000000000E0
6.620307895E2,2.619158737E1,9.169458653E1,5.627791631E1,3.431471528E0,2.759418907E2,2.023200055E0,3.000000000E0
6.630307794E2,2.619158189E1,9.169455002E1,5.630094492E1,3.524212913E0,2.667447690E2,2.022995612E0,3.000000000E0
6.640307688E2,2.619156507E1,9.169451793E1,5.628722425E1,3.459586126E0,2.513544115E2,2.021845832E0,3.000000000E0
6.650307845E2,2.619154476E1,9.169448896E1,5.670176935E1,3.475385005E0,2.413104690E2,2.020753539E0,3.000000000E0
6.660307725E2,2.619152858E1,9.169445625E1,5.674726103E1,3.544280115E0,2.418831105E2,2.019715865E0,3.000000000E0
6.670307607E2,2.619152337E1,9.169442439E1,5.674717630E1,3.297718814E0,2.508376774E2,2.018730071E0,3.000000000E0
6.680307746E2,2.619152032E1,9.169439441E1,5.737662780E1,3.016780241E0,2.571748353E2,2.017793566E0,3.000000000E0
6.690307663E2,2.619151945E1,9.169435689E1,5.712523715E1,3.319171100E0,2.635205115E2,2.016903893E0,3.000000000E0
6.700307545E2,2.619151664E1,9.169432379E1,5.672615204E1,3.270485748E0,2.644968592E2,2.016058700E0,3.000000000E0
6.710307679E2,2.619150808E1,9.169429122E1,5.699777715E1,3.271312544E0,2.583850673E2,2.015255766E0,3.000000000E0
6.720307581E2,2.619148584E1,9.169426330E1,5.705309473E1,3.319999327E0,2.413743298E2,2.041226588E0,3.000000000E0
6.730307471E2,2.619146048E1,9.169424855E1,5.742401432E1,3.021311240E0,2.237772888E2,2.039165251E0,3.000000000E0
6.740307620E2,2.619143394E1,9.169423059E1,5.708480033E1,3.138007401E0,2.168780107E2,2.037206985E0,3.000000000E0
6.750307768E2,2.619140645E1,9.169421461E1,5.700068065E1,3.260031043E0,2.117313050E2,2.035346634E0,3.000000000E0
6.760307916E2,2.619137686E1,9.169419191E1,5.700072323E1,3.631044966E0,2.137821322E2,2.033579306E0,3.000000000E0
6.770308072E2,2.619135337E1,9.169416729E1,5.693457397E1,3.591290388E0,2.185319771E2,2.031900343E0,3.000000000E0
6.780308369E2,2.619132884E1,9.169414044E1,5.687035684E1,3.651716965E0,2.213169440E2,2.030305326E0,3.000000000E0
6.790308389E2,2.619130190E1,9.169411543E1,5.660786332E1,3.730502139E0,2.200447906E2,2.028790060E0,3.000000000E0
6.800308534E2,2.619127760E1,9.169408758E1,5.635168400E1,3.751881124E0,2.235011704E2,2.027350558E0,3.000000000E0
6.810308703E2,2.619125384E1,9.169405897E1,5.628417895E1,3.790080245E0,2.252911309E2,2.025983031E0,3.000000000E0
6.820308851E2,2.619122878E1,9.169403191E1,5.614078938E1,3.771295805E0,2.247826131E2,2.024683878E0,3.000000000E0
6.830308997E2,2.619120414E1,9.169400532E1,5.611063115E1,3.760071626E0,2.240160074E2,2.023449685E0,3.000000000E0
6.840309168E2,2.619117671E1,9.169398308E1,5.603933932E1,3.731203283E0,2.194639670E2,2.022277200E0,3.000000000E0
6.850309315E2,2.619115030E1,9.169395847E1,5.597100323E1,3.755362665E0,2.198365821E2,2.021163341E0,3.000000000E0
6.860309478E2,2.619112743E1,9.169393320E1,5.575544640E1,3.638422941E0,2.225911220E2,2.020105175E0,3.000000000E0
6.870309644E2,2.619110350E1,9.169391090E1,5.564696623E1,3.490970040E0,2.213622947E2,2.019099917E0,3.000000000E0
6.880309793E2,2.619108164E1,9.169388900E1,5.560962642E1,3.361389946E0,2.216491630E2,2.018144921E0,3.000000000E0
6.890309960E2,2.619105863E1,9.169386746E1,5.561408430E1,3.341456427E0,2.209713637E2,2.017237677E0,3.000000000E0
6.900310115E2,2.619103644E1,9.169384505E1,5.551049180E1,3.350441273E0,2.213256972E2,2.016375794E0,3.000000000E0
6.910310277E2,2.619101510E1,9.169382278E1,5.567677119E1,3.304894501E0,2.222768375E2,2.015557005E0,3.000000000E0
6.920310444E2,2.619099603E1,9.169380000E1,5.572084523E1,3.165670571E0,2.247280404E2,2.019059328E0,3.000000000E0
6.930310606E2,2.619097337E1,9.169377848E1,5.558253497E1,3.220591608E0,2.224341032E2,2.018106374E0,3.000000000E0
6.940310762E2,2.619095124E1,9.169376085E1,5.557497482E1,3.109680903E0,2.183205398E2,2.017201059E0,3.000000000E0
6.950310936E2,2.619093112E1,9.169374033E1,5.602468343E1,3.123579149E0,2.201350979E2,2.016340997E0,3.000000000E0
6.960311103E2,2.619091329E1,9.169372019E1,5.624547508E1,2.936536222E0,2.226366496E2,2.015523939E0,3.000000000E0
6.970311261E2,2.619089109E1,9.169369540E1,5.624673805E1,3.248320378E0,2.237631023E2,2.014747742E0,3.000000000E0
6.980311423E2,2.619087245E1,9.169367746E1,5.652298117E1,2.919611708E0,2.229263343E2,2.014010354E0,3.000000000E0
6.990311580E2,2.619085747E1,9.169366260E1,5.659315584E1,2.447484095E0,2.227472778E2,2.013309837E0,3.000000000E0
7.000311750E2,2.619083667E1,9.169364108E1,5.701220174E1,2.675636913E0,2.224499125E2,2.012644348E0,3.000000000E0
7.010311914E2,2.619081581E1,9.169361728E1,5.681235982E1,2.973263089E0,2.235428738E2,2.012012130E0,3.000000000E0
7.020312075E2,2.619079459E1,9.169359657E1,5.674558910E1,3.099630864E0,2.228906444E2,2.011411523E0,3.000000000E0
7.030312237E2,2.619077426E1,9.169357439E1,5.637480999E1,3.161061349E0,2.235143438E2,2.010840947E0,3.000000000E0
7.040312412E2,2.619075484E1,9.169355234E1,5.614365803E1,3.110911958E0,2.241218199E2,2.010298899E0,3.000000000E0
7.050312572E2,2.619073624E1,9.169353316E1,5.595314454E1,2.964507140E0,2.227300657E2,2.009783953E0,3.000000000E0
7.060312736E2,2.619071755E1,9.169351579E1,5.607607217E1,2.804768850E0,2.213187747E2,2.014591534E0,3.000000000E0
7.070312909E2,2.619069680E1,9.169349374E1,5.611217406E1,2.891462072E0,2.224583517E2,2.042233733E0,3.000000000E0
7.080313075E2,2.619068075E1,9.169347534E1,5.611268416E1,2.650871841E0,2.236171359E2,2.040122046E0,3.000000000E0
7.090313238E2,2.619066625E1,9.169345365E1,5.638137400E1,2.582179210E0,2.266295881E2,2.044752292E0,3.000000000E0
7.100313404E2,2.619064741E1,9.169342988E1,5.639999684E1,2.687741445E0,2.269052258E2,2.042514677E0,3.000000000E0
7.110313573E2,2.619062420E1,9.169340644E1,5.635274708E1,2.888703434E0,2.247950365E2,2.059462085E0,3.000000000E0
7.120313732E2,2.619060230E1,9.169338565E1,5.651761385E1,2.977432368E0,2.224392299E2,2.056488979E0,3.000000000E0
7.130313908E2,2.619057737E1,9.169336801E1,5.651963516E1,3.005206567E0,2.169903571E2,2.053664528E0,3.000000000E0
7.140314067E2,2.619055389E1,9.169334999E1,5.654093140E1,2.942504169E0,2.163533376E2,2.050981302E0,3.000000000E0
7.150314237E2,2.619053057E1,9.169332501E1,5.646645489E1,3.200886880E0,2.206325706E2,2.048432237E0,3.000000000E0
7.160314404E2,2.619051267E1,9.169330011E1,5.650283439E1,3.126040010E0,2.255661653E2,2.046010626E0,3.000000000E0
7.170314571E2,2.619049330E1,9.169327728E1,5.647525466E1,3.079781018E0,2.261475615E2,2.043710096E0,3.000000000E0
7.180314738E2,2.619047376E1,9.169325249E1,5.646176610E1,3.140095146E0,2.270388843E2,2.041524591E0,3.000000000E0
7.190314902E2,2.619045419E1,9.169323156E1,5.669861250E1,3.025371528E0,2.255512143E2,2.039448361E0,3.000000000E0
7.200315070E2,2.619043495E1,9.169321155E1,5.669091818E1,2.920781286E0,2.246446518E2,2.037475942E0,3.000000000E0
7.210315236E2,2.619041523E1,9.169319233E1,5.673175105E1,2.863630463E0,2.226781289E2,2.035602145E0,3.000000000E0
7.220315407E2,2.619039215E1,9.169317571E1,5.673569608E1,2.950218045E0,2.179834385E2,2.039831965E0,3.000000000E0
7.230315574E2,2.619036932E1,9.169315814E1,5.684245288E1,2.921536391E0,2.167391747E2,2.043016768E0,3.000000000E0
7.240315740E2,2.619035097E1,9.169313669E1,5.696256162E1,2.818160297E0,2.214534646E2,2.040865930E0,3.000000000E0
7.250315910E2,2.619033148E1,9.169311725E1,5.698091088E1,2.723328575E0,2.206827938E2,2.038822634E0,3.000000000E0
7.260316073E2,2.619030541E1,9.169310982E1,5.694436903E1,2.762383934E0,2.066753164E2,2.036881502E0,3.000000000E0
7.270316245E2,2.619027354E1,9.169311762E1,5.725676032E1,3.231139698E0,1.860171602E2,2.035037427E0,3.000000000E0
7.280316410E2,2.619024691E1,9.169312898E1,5.732461738E1,3.145282098E0,1.726972668E2,2.033285556E0,3.000000000E0
7.290316575E2,2.619022141E1,9.169313088E1,5.733175853E1,2.927759100E0,1.749911931E2,2.031621278E0,3.000000000E0
7.300316738E2,2.619019671E1,9.169312552E1,5.723161659E1,2.807161180E0,1.825553226E2,2.030040216E0,3.000000000E0
7.310316911E2,2.619017209E1,9.169311586E1,5.712989418E1,2.771081334E0,1.900425999E2,2.035049757E0,3.000000000E0
7.320317072E2,2.619014862E1,9.169311507E1,5.715257925E1,2.642449463E0,1.848507798E2,2.033297270E0,3.000000000E0
7.330317244E2,2.619012696E1,9.169313007E1,5.714269713E1,2.566443659E0,1.665204482E2,2.031632407E0,3.000000000E0
7.340317411E2,2.619010590E1,9.169315321E1,5.680922362E1,2.805350727E0,1.502829255E2,2.030050788E0,3.000000000E0
7.350317581E2,2.619008756E1,9.169317883E1,5.683737417E1,2.992039416E0,1.393384514E2,2.028548249E0,3.000000000E0
7.360317749E2,2.619006882E1,9.169320102E1,5.686568325E1,2.951244445E0,1.358590558E2,2.027120834E0,3.000000000E0
7.370317921E2,2.619004774E1,9.169321848E1,5.677728534E1,2.880027057E0,1.388714516E2,2.025764791E0,3.000000000E0
7.380318088E2,2.619002841E1,9.169323548E1,5.659247940E1,2.763597045E0,1.392746147E2,2.024476552E0,3.000000000E0
7.390318253E2,2.619000891E1,9.169325409E1,5.667854854E1,2.828355333E0,1.391438675E2,2.023252724E0,3.000000000E0
7.396139234E2,2.619002951E1,9.169299338E1,5.603252491E1,NaN,NaN,4.093339584E1,3.000000000E1
7.396399884E2,2.619004350E1,9.169291847E1,5.625904475E1,NaN,NaN,1.470953058E2,3.157749042E1
7.402210995E2,2.619011050E1,9.169301013E1,5.609901254E1,NaN,NaN,6.610412801E1,3.000000000E1
7.402212765E2,2.619006205E1,9.169297511E1,4.989602952E1,NaN,NaN,1.863950140E2,3.028638430E1
7.402396255E2,2.619011114E1,9.169301745E1,4.988917406E1,NaN,NaN,1.852338489E2,3.067628842E1
7.409218195E2,2.619024090E1,9.169300641E1,5.594443184E1,NaN,NaN,5.184299082E1,3.000000000E1
7.436746748E2,2.618992757E1,9.169310583E1,4.759718753E1,3.499517441E0,9.734162258E1,9.030395524E0,1.269785213E1
7.446746912E2,2.618991376E1,9.169315640E1,5.289999804E1,3.925511360E0,9.626608635E1,7.647110892E0,3.000000000E0
7.456747079E2,2.618990946E1,9.169318956E1,5.315022957E1,3.687947273E0,9.727765786E1,7.269758592E0,3.000000000E0
7.466747281E2,2.618989046E1,9.169323416E1,5.324980055E1,3.866734028E0,9.507921121E1,6.124789512E0,3.000000000E0
7.476747442E2,2.618988142E1,9.169326608E1,5.342032877E1,3.847382784E0,9.222597482E1,5.337916731E0,3.000000000E0
7.484097564E2,2.618987792E1,9.169328930E1,5.351534095E1,3.847382784E0,9.654052335E1,4.556083012E0,3.000000000E0
7.494000719E2,2.618987139E1,9.169331319E1,5.353694820E1,3.598258734E0,9.815405309E1,3.827580335E0,3.000000000E0
7.504000685E2,2.618986554E1,9.169333891E1,5.361534429E1,3.325088978E0,9.969946535E1,3.518708080E0,3.000000000E0
7.513998451E2,2.618985949E1,9.169336616E1,5.371034566E1,3.206408739E0,1.011935829E2,3.303754423E0,3.000000000E0
7.523996046E2,2.618985271E1,9.169339229E1,5.371787993E1,3.137729645E0,9.889008794E1,3.161760409E0,3.000000000E0
7.533993447E2,2.618984478E1,9.169341606E1,5.380569546E1,3.137729645E0,1.053903243E2,2.839145910E0,3.000000000E0
7.543991188E2,2.618983431E1,9.169344422E1,5.377936218E1,3.034361362E0,1.097133764E2,2.862510262E0,3.000000000E0
7.553988805E2,2.618981997E1,9.169346855E1,5.376467998E1,2.999338150E0,1.155328411E2,2.819459853E0,3.000000000E0
7.563986453E2,2.618980881E1,9.169349413E1,5.376467975E1,2.999338150E0,1.155328530E2,2.926929466E0,4.018540473E0
7.573984514E2,2.618979390E1,9.169351488E1,5.381139399E1,2.958991051E0,1.255456085E2,3.570549804E0,3.952051330E0
7.583982498E2,2.618977266E1,9.169353230E1,5.335272992E1,2.990966558E0,1.316667549E2,3.972369103E0,4.838077010E0
7.593980469E2,2.618975424E1,9.169355525E1,5.338351566E1,3.015273809E0,1.249311923E2,4.043957971E0,4.645531772E0
7.603978865E2,2.618973603E1,9.169357504E1,5.330059629E1,3.015273809E0,1.233678441E2,4.295879554E0,5.902597577E0
7.613977179E2,2.618971531E1,9.169359532E1,5.317846844E1,3.015273809E0,1.282572890E2,4.415664190E0,6.951208751E0
7.623975582E2,2.618969477E1,9.169361594E1,5.310627243E1,3.021112919E0,1.321049936E2,4.536489654E0,7.838271522E0
7.633974288E2,2.618967613E1,9.169363720E1,5.315064052E1,3.054070234E0,1.287144746E2,4.421956057E0,8.671463366E0
7.643973086E2,2.618965276E1,9.169366005E1,5.311055496E1,3.054070234E0,1.306510515E2,4.748651530E0,9.407969438E0
7.653971954E2,2.618963440E1,9.169367910E1,5.302828082E1,2.974339485E0,1.349527584E2,4.748651530E0,1.001109160E1
7.663970901E2,2.618961632E1,9.169369356E1,5.309376090E1,2.824737072E0,1.371293203E2,4.748651530E0,5.501571699E0
7.673969928E2,2.618959770E1,9.169370731E1,5.295695450E1,2.640736103E0,1.393059504E2,4.748651530E0,5.152772719E0
7.683969012E2,2.618957212E1,9.169372543E1,5.307351927E1,3.062811613E0,1.441633491E2,4.748651530E0,6.423773417E0
7.693968166E2,2.618955131E1,9.169375423E1,5.303175958E1,3.293331146E0,1.349031312E2,4.748651530E0,7.240280567E0
7.703967382E2,2.618953206E1,9.169378075E1,5.297169764E1,3.293331146E0,1.331878388E2,4.748651530E0,7.958400061E0
7.713966643E2,2.618951376E1,9.169380645E1,5.306849247E1,3.293331146E0,1.314347345E2,4.748651530E0,8.586053512E0
7.723965971E2,2.618949479E1,9.169382442E1,5.302778280E1,3.088887453E0,1.341004332E2,4.748651530E0,5.158322290E0
7.733965359E2,2.618947248E1,9.169384633E1,5.310670502E1,3.077719927E0,1.378703828E2,4.748651530E0,5.045351588E0
7.743964763E2,2.618945117E1,9.169386462E1,5.314440866E1,3.132084608E0,1.406678777E2,4.748651530E0,4.841723697E0
7.753964221E2,2.618942521E1,9.169388406E1,5.333705561E1,3.077719927E0,1.455085819E2,4.748651530E0,6.021632907E0
7.763963731E2,2.618940045E1,9.169391546E1,5.345891103E1,2.907209578E0,1.460058782E2,4.522348555E0,3.000000000E0
7.773963270E2,2.618937377E1,9.169392999E1,5.328810866E1,3.132880109E0,1.463969838E2,4.007810785E0,3.000000000E0
7.783962840E2,2.618934960E1,9.169394384E1,5.326659922E1,3.078810468E0,1.491030368E2,4.094903247E0,3.000000000E0
7.793962447E2,2.618932916E1,9.169395823E1,5.343899124E1,3.174644263E0,1.469225403E2,3.894560684E0,3.471689584E0
7.803962091E2,2.618931012E1,9.169398018E1,5.360186136E1,3.093513636E0,1.403588378E2,3.908570247E0,3.473188252E0
7.813961753E2,2.618928912E1,9.169400383E1,5.372841677E1,3.162244544E0,1.374346836E2,4.068548564E0,3.610020407E0
7.823961447E2,2.618926714E1,9.169402792E1,5.331305430E1,3.240724852E0,1.355014562E2,4.305012527E0,3.776876294E0
7.833961166E2,2.618925339E1,9.169405466E1,5.365327402E1,3.102449424E0,1.257131611E2,4.330592215E0,3.816978272E0
7.843960914E2,2.618925978E1,9.169408038E1,5.376329722E1,2.591784939E0,9.790475049E1,4.309241247E0,3.839877116E0
7.853960684E2,2.618927583E1,9.169410327E1,5.348070125E1,2.449927711E0,6.993475812E1,4.266884267E0,3.835958284E0
7.863960471E2,2.618929404E1,9.169413179E1,5.378163024E1,2.905892386E0,5.941248064E1,4.312201507E0,3.879874857E0
7.873960279E2,2.618930882E1,9.169416069E1,5.328731812E1,3.097701421E0,5.872286474E1,4.306572510E0,3.810641709E0
7.883960116E2,2.618932077E1,9.169419264E1,5.348694467E1,3.252677920E0,6.317705006E1,4.371133966E0,3.875197610E0
7.893959964E2,2.618932937E1,9.169422599E1,5.337961887E1,3.333316066E0,6.811354344E1,4.402732543E0,3.872227035E0
7.903959824E2,2.618933951E1,9.169425286E1,5.345485843E1,3.109854108E0,6.731151909E1,4.435305500E0,3.837820509E0
7.913959694E2,2.618934916E1,9.169427820E1,5.334921485E1,2.877726715E0,6.638681216E1,4.444164306E0,3.831816210E0
7.923959587E2,2.618935904E1,9.169430459E1,5.335126087E1,2.868229557E0,6.684019681E1,4.443782550E0,3.845857072E0
7.933959491E2,2.618936782E1,9.169433392E1,5.347388014E1,2.945330420E0,6.904638580E1,4.457493966E0,3.823747183E0
7.943959413E2,2.618937364E1,9.169435912E1,5.318041355E1,2.696923729E0,7.140058604E1,4.511002109E0,3.880375837E0
7.953959342E2,2.618937974E1,9.169438727E1,5.346366624E1,2.786525270E0,7.378468331E1,4.526338391E0,3.885768639E0
7.963959286E2,2.618938477E1,9.169441744E1,5.367033227E1,2.948726042E0,7.734361052E1,4.524109470E0,3.896703505E0
7.973959236E2,2.618938715E1,9.169444664E1,5.373480253E1,2.905781554E0,8.114697755E1,4.474712691E0,3.830130492E0
7.983959199E2,2.618938838E1,9.169447425E1,5.359295347E1,2.808027666E0,8.496178958E1,4.473259803E0,3.836405838E0
7.993959166E2,2.618938747E1,9.169450374E1,5.335086834E1,2.845664719E0,8.866949498E1,4.532063413E0,3.873765339E0
8.003959149E2,2.618938967E1,9.169453368E1,5.328524790E1,2.838508467E0,8.709924195E1,4.554369028E0,3.902463118E0
8.013959135E2,2.618938781E1,9.169456125E1,5.347554752E1,2.744968919E0,9.089741168E1,4.576850975E0,3.912938723E0
8.023959133E2,2.618938424E1,9.169459065E1,5.336089861E1,2.805139329E0,9.444922425E1,4.597604478E0,3.981030214E0
8.033959135E2,2.618937829E1,9.169462181E1,5.358534596E1,2.967147708E0,9.905065479E1,4.619977659E0,4.029561068E0
8.043959142E2,2.618937313E1,9.169464978E1,5.378443279E1,2.895850301E0,9.973168437E1,4.673309536E0,4.030884793E0
8.053959159E2,2.618936955E1,9.169467957E1,5.392165414E1,2.923718242E0,9.898684764E1,4.735515791E0,4.147509931E0
8.063959176E2,2.618936409E1,9.169471148E1,5.396515103E1,3.003662116E0,1.001052292E2,4.789851030E0,4.166801381E0
8.073959196E2,2.618935943E1,9.169474302E1,5.432359216E1,3.068163496E0,9.980503192E1,4.773270606E0,4.138709674E0
8.083959229E2,2.618935125E1,9.169477475E1,5.408260430E1,3.148898826E0,1.032643442E2,4.809458098E0,4.169470774E0
8.093959267E2,2.618934419E1,9.169480565E1,5.416242493E1,3.148857547E0,1.039154825E2,4.740267732E0,4.091872374E0
8.103959313E2,2.618933835E1,9.169483678E1,5.428220494E1,3.115774851E0,1.023428810E2,4.659241646E0,3.976735432E0
8.113959357E2,2.618933091E1,9.169487041E1,5.393280966E1,3.252953446E0,1.030894062E2,4.631789364E0,3.943206491E0
8.123959403E2,2.618932295E1,9.169490301E1,5.363953593E1,3.284070185E0,1.048591117E2,4.635586654E0,3.969158831E0
8.133959447E2,2.618931578E1,9.169493545E1,5.367315807E1,3.289021044E0,1.045925677E2,4.666765545E0,4.008318127E0
8.143959507E2,2.618930839E1,9.169496647E1,5.373466222E1,3.231059529E0,1.048811415E2,4.639219683E0,4.002414353E0
8.153959565E2,2.618930153E1,9.169499652E1,5.352800027E1,3.142739845E0,1.043213946E2,4.602382323E0,3.941823883E0
8.163959629E2,2.618929321E1,9.169502851E1,5.353716670E1,3.212496919E0,1.053331367E2,4.614091047E0,3.970654279E0
8.173959706E2,2.618928576E1,9.169505889E1,5.373647064E1,3.158255438E0,1.060704798E2,4.632611673E0,3.991845365E0
8.183959762E2,2.618927996E1,9.169508998E1,5.402174702E1,3.112554424E0,1.041214666E2,4.666901000E0,4.010980639E0
8.193959836E2,2.618927153E1,9.169512580E1,5.403662318E1,3.339278773E0,1.058720268E2,4.666531911E0,3.994523761E0
8.203959899E2,2.618926070E1,9.169515844E1,5.429546287E1,3.372226918E0,1.087990023E2,4.632234672E0,3.967957330E0
8.213959989E2,2.618925549E1,9.169519675E1,5.425100421E1,3.564801027E0,1.040641215E2,4.605357576E0,3.952049518E0
8.223960051E2,2.618925377E1,9.169523247E1,5.431756002E1,3.552206343E0,9.948457627E1,4.578015791E0,3.941437105E0
8.233960135E2,2.618924808E1,9.169527119E1,5.429620133E1,3.712976083E0,1.005242900E2,4.509820867E0,3.890545153E0
8.243960212E2,2.618924044E1,9.169530745E1,5.445362806E1,3.685127113E0,1.027605369E2,4.487685034E0,3.864987830E0
8.253960305E2,2.618923487E1,9.169534295E1,5.439998167E1,3.597151802E0,1.016649493E2,4.430150366E0,3.804757591E0
8.263960388E2,2.618923097E1,9.169537653E1,5.466286770E1,3.470652203E0,9.959651320E1,4.391764005E0,3.785501455E0
8.273960467E2,2.618922602E1,9.169541044E1,5.498781305E1,3.434212636E0,9.996845061E1,4.326780918E0,3.724276318E0
8.283960557E2,2.618922039E1,9.169544002E1,5.481326821E1,3.183656387E0,1.016280240E2,4.316192207E0,3.761847242E0
8.293960648E2,2.618921962E1,9.169547292E1,5.474450300E1,3.163303088E0,9.650200870E1,4.264846199E0,3.687439698E0
8.303960730E2,2.618921501E1,9.169549986E1,5.468683667E1,2.922250073E0,9.894191882E1,4.223201564E0,3.614767613E0
8.313960823E2,2.618921481E1,9.169552768E1,5.480740567E1,2.763703780E0,9.474918894E1,4.174818802E0,3.595691604E0
8.323960918E2,2.618921541E1,9.169555856E1,5.461288749E1,2.883026909E0,9.111598022E1,4.141611893E0,3.598179037E0
8.333961008E2,2.618921337E1,9.169559192E1,5.435385031E1,3.125093714E0,9.331103970E1,4.168908398E0,3.609041413E0
8.343961106E2,2.618920643E1,9.169562447E1,5.413306669E1,3.147815351E0,9.951937237E1,4.208935615E0,3.587420860E0
8.353961197E2,2.618919360E1,9.169566057E1,5.389176415E1,3.485128475E0,1.076171920E2,4.283315631E0,3.651499766E0
8.363961292E2,2.618917957E1,9.169569496E1,5.397960523E1,3.587580625E0,1.123685706E2,4.237308080E0,3.579511324E0
8.373961388E2,2.618915927E1,9.169572310E1,5.413144251E1,3.522623200E0,1.220752093E2,4.206752228E0,3.593438052E0
8.383961489E2,2.618913586E1,9.169574752E1,5.435415459E1,3.483067814E0,1.310859956E2,4.216290438E0,3.567814022E0
8.393961579E2,2.618911157E1,9.169576690E1,5.429180719E1,3.353951139E0,1.392323337E2,4.163168684E0,3.546981827E0
8.403961679E2,2.618908087E1,9.169578168E1,5.403581512E1,3.509168349E0,1.501467761E2,4.120635931E0,3.520752159E0
8.413961785E2,2.618905010E1,9.169579366E1,5.410289492E1,3.570366700E0,1.566320564E2,4.081913904E0,3.450919222E0
8.423961878E2,2.618901847E1,9.169580314E1,5.418684138E1,3.594186056E0,1.607693957E2,4.075483370E0,3.445956622E0
8.433961978E2,2.618898521E1,9.169580955E1,5.404041647E1,3.646437343E0,1.666052975E2,4.070602981E0,3.423633223E0
8.443962088E2,2.618895176E1,9.169580701E1,5.402583553E1,3.620405644E0,1.764680404E2,4.049990580E0,3.428522763E0
8.453962183E2,2.618892107E1,9.169580545E1,5.397363073E1,3.499560718E0,1.795842614E2,4.155009806E0,3.477942899E0
8.463962288E2,2.618888822E1,9.169580675E1,5.406082353E1,3.546582600E0,1.794518916E2,4.155710801E0,3.485147870E0
8.473962384E2,2.618885633E1,9.169580504E1,5.399317292E1,3.556447725E0,1.811046621E2,4.211667097E0,3.530884167E0
8.483962488E2,2.618882445E1,9.169580350E1,5.381079948E1,3.525947079E0,1.820069816E2,4.188302233E0,3.565216007E0
8.493962587E2,2.618879473E1,9.169580300E1,5.409933984E1,3.442567874E0,1.811508510E2,4.195902269E0,3.548928418E0
8.503962685E2,2.618876312E1,9.169580255E1,5.401469378E1,3.488681686E0,1.812481401E2,4.236104317E0,3.581013488E0
8.513962794E2,2.618873140E1,9.169580096E1,5.407001833E1,3.510217956E0,1.822275791E2,4.239831530E0,3.551032268E0
8.523962898E2,2.618869994E1,9.169580052E1,5.402550622E1,3.497355194E0,1.815755631E2,4.188227716E0,3.569276838E0
8.533963003E2,2.618866813E1,9.169580200E1,5.412122799E1,3.512739921E0,1.802341522E2,4.166556316E0,3.543186380E0
8.543963108E2,2.618863492E1,9.169580219E1,5.411503682E1,3.615735261E0,1.801309338E2,4.155519168E0,3.555730129E0
8.553963206E2,2.618860425E1,9.169580336E1,5.401212196E1,3.505935342E0,1.792130822E2,4.149892739E0,3.546786421E0
8.563963319E2,2.618857142E1,9.169580424E1,5.427864225E1,3.559666105E0,1.799147710E2,4.096883873E0,3.498778722E0
8.573963422E2,2.618854012E1,9.169580208E1,5.425152011E1,3.522182808E0,1.818694229E2,4.053574106E0,3.454065024E0
8.583963520E2,2.618850883E1,9.169580406E1,5.429489457E1,3.481406957E0,1.794673249E2,4.073604448E0,3.441855088E0
8.593963630E2,2.618847652E1,9.169580542E1,5.434950930E1,3.530792253E0,1.789149716E2,4.107072997E0,3.476942930E0
8.603963735E2,2.618844502E1,9.169580135E1,5.458201620E1,3.534699799E0,1.830884673E2,4.145416148E0,3.534234240E0
8.613963841E2,2.618841489E1,9.169580131E1,5.470665929E1,3.439942231E0,1.814150629E2,4.142174126E0,3.500047940E0
8.623963946E2,2.618838445E1,9.169580333E1,5.474305727E1,3.413170429E0,1.790558114E2,4.111170591E0,3.496978831E0
8.633964055E2,2.618835089E1,9.169580281E1,5.468889714E1,3.566224440E0,1.806861700E2,4.157766423E0,3.535944556E0
8.643964155E2,2.618831961E1,9.169580202E1,5.463375197E1,3.521036513E0,1.813922726E2,4.200361368E0,3.552108619E0
8.653964267E2,2.618828787E1,9.169580226E1,5.469796810E1,3.495835145E0,1.810275506E2,4.177732702E0,3.564455699E0
8.663964368E2,2.618825574E1,9.169580174E1,5.465792471E1,3.506760193E0,1.812475882E2,4.227859228E0,3.615515440E0
8.673964477E2,2.618822427E1,9.169579984E1,5.463146014E1,3.469609636E0,1.824249608E2,4.231582662E0,3.657707076E0
8.683964581E2,2.618819333E1,9.169579913E1,5.458991251E1,3.437792603E0,1.820554169E2,4.234355867E0,3.660740077E0
8.693964690E2,2.618816264E1,9.169579879E1,5.466792070E1,3.395832080E0,1.811928009E2,4.286222060E0,3.680518339E0
8.703964792E2,2.618813431E1,9.169580046E1,5.471334546E1,3.287132922E0,1.786486038E2,4.269984863E0,3.659519538E0
8.713964901E2,2.618810761E1,9.169580187E1,5.481482982E1,3.099480574E0,1.777168129E2,4.278555284E0,3.628928541E0
8.723965006E2,2.618807971E1,9.169581418E1,5.493409081E1,3.177503019E0,1.651276395E2,4.275297126E0,3.657355282E0
8.733965121E2,2.618806539E1,9.169585187E1,5.490513318E1,3.278875963E0,1.323263068E2,4.322771789E0,3.696899005E0
8.743948380E2,2.618806228E1,9.169588733E1,5.480888203E1,3.193854096E0,1.112194458E2,4.347812357E0,3.714959922E0
8.753948252E2,2.618806534E1,9.169591867E1,5.470956936E1,3.018178724E0,9.610436472E1,4.351252592E0,3.730106796E0
8.763948367E2,2.618806887E1,9.169594894E1,5.449581136E1,2.955972740E0,8.786247519E1,4.383839308E0,3.772595049E0
8.773948367E2,2.618807065E1,9.169598168E1,5.460072981E1,3.060510466E0,8.670918240E1,4.369355090E0,3.758978969E0
8.783948362E2,2.618806917E1,9.169600901E1,5.411345239E1,2.843150575E0,8.850707007E1,4.478341321E0,3.839148501E0
8.793948606E2,2.618807057E1,9.169604427E1,5.425278621E1,3.121897837E0,8.670013840E1,4.496491681E0,3.922382033E0
8.803948617E2,2.618806935E1,9.169607720E1,5.435890824E1,3.205185601E0,8.980229014E1,4.451224855E0,3.886779902E0
8.813948633E2,2.618807105E1,9.169611126E1,5.437573871E1,3.252921301E0,8.745132903E1,4.447588691E0,3.860143060E0
8.823948884E2,2.618807229E1,9.169614526E1,5.436764486E1,3.344638432E0,8.685348199E1,4.468011069E0,3.872378375E0
8.833948896E2,2.618807209E1,9.169617982E1,5.428864073E1,3.371080486E0,8.861462997E1,4.405555229E0,3.797160915E0
8.843948905E2,2.618807483E1,9.169621364E1,5.429711662E1,3.360777868E0,8.600645833E1,4.409306705E0,3.805730726E0
8.853949148E2,2.618807524E1,9.169624852E1,5.424731082E1,3.353026100E0,8.734108492E1,4.456684168E0,3.858100904E0
8.863949151E2,2.618807576E1,9.169628267E1,5.435918200E1,3.385194891E0,8.820030081E1,4.494485578E0,3.916501717E0
8.873949156E2,2.618807749E1,9.169631684E1,5.422862682E1,3.400989601E0,8.727181941E1,4.515445479E0,3.936784939E0
8.883949389E2,2.618807594E1,9.169634994E1,5.411221446E1,3.345445315E0,9.060957877E1,4.607354784E0,3.995178680E0
8.893949639E2,2.618807502E1,9.169638487E1,5.416033171E1,3.395174232E0,9.075610516E1,4.580716332E0,3.964682712E0
8.903949881E2,2.618807661E1,9.169641721E1,5.427321289E1,3.294658762E0,8.981872051E1,4.579075313E0,4.000622149E0
8.913950103E2,2.618807502E1,9.169645064E1,5.409208675E1,3.269609761E0,9.190541431E1,4.564475581E0,3.925287138E0
8.923950322E2,2.618807555E1,9.169648403E1,5.414097882E1,3.319905658E0,9.019048588E1,4.489290006E0,3.893112869E0
8.933950533E2,2.618807422E1,9.169651436E1,5.424172506E1,3.206187634E0,9.192350951E1,4.481281222E0,3.835954035E0
8.943950752E2,2.618807550E1,9.169654627E1,5.421976817E1,3.233894142E0,8.989393523E1,4.554770388E0,3.879555473E0
8.953950960E2,2.618808375E1,9.169657641E1,5.420969404E1,3.163467002E0,8.117602326E1,4.617120433E0,3.960491400E0
8.963951143E2,2.618808885E1,9.169660597E1,5.440233287E1,3.073740666E0,8.098401073E1,4.611550271E0,3.923686012E0
8.973951335E2,2.618809008E1,9.169663999E1,5.435139130E1,3.263265105E0,8.475740387E1,4.559798784E0,3.861128533E0
8.983951527E2,2.618809232E1,9.169667412E1,5.427042276E1,3.345990906E0,8.566466061E1,4.518883146E0,3.839544939E0
8.993951696E2,2.618809288E1,9.169670692E1,5.448235128E1,3.326408362E0,8.714105060E1,4.524812140E0,3.828836300E0
9.003951884E2,2.618809611E1,9.169674019E1,5.439850285E1,3.362200283E0,8.576325203E1,4.496970635E0,3.800818911E0
9.013952067E2,2.618810151E1,9.169677375E1,5.458836167E1,3.418334862E0,8.291328780E1,4.468340161E0,3.795981271E0
9.023952219E2,2.618810240E1,9.169680438E1,5.467744224E1,3.255358463E0,8.582097222E1,4.459164456E0,3.743263437E0
9.033952395E2,2.618810177E1,9.169683553E1,5.436359246E1,3.199907224E0,8.878182109E1,4.441208377E0,3.713799846E0
9.043952562E2,2.618810457E1,9.169686685E1,5.417788677E1,3.197494660E0,8.644586636E1,4.411119618E0,3.695757062E0
9.053952716E2,2.618810777E1,9.169690022E1,5.418695710E1,3.281973505E0,8.427623539E1,4.399154727E0,3.684796575E0
9.063952874E2,2.618811230E1,9.169693222E1,5.393920972E1,3.279967726E0,8.240066555E1,4.355358089E0,3.698312248E0
9.073953024E2,2.618811452E1,9.169696448E1,5.385754989E1,3.267917880E0,8.481858086E1,4.334027891E0,3.677519641E0
9.083953182E2,2.618811610E1,9.169699524E1,5.381708129E1,3.178928538E0,8.626800239E1,4.350727470E0,3.688729532E0
9.093953331E2,2.618811621E1,9.169702969E1,5.357367495E1,3.303093765E0,8.821427473E1,4.320066894E0,3.677780470E0
9.103953474E2,2.618811651E1,9.169706518E1,5.388279450E1,3.419794119E0,8.842361613E1,4.310266541E0,3.661228113E0
9.113953620E2,2.618811824E1,9.169709874E1,5.378179860E1,3.390865467E0,8.695292132E1,4.269708089E0,3.615693439E0
9.123953758E2,2.618811878E1,9.169713519E1,5.370659833E1,3.500417899E0,8.812736690E1,4.268966766E0,3.601452176E0
9.133953903E2,2.618812077E1,9.169716901E1,5.375669216E1,3.429554611E0,8.656087466E1,4.262877462E0,3.637733029E0
9.143954044E2,2.618812432E1,9.169720389E1,5.373369088E1,3.488437180E0,8.487995819E1,4.223641142E0,3.600417956E0
9.153954174E2,2.618812303E1,9.169723699E1,5.363239361E1,3.423780417E0,8.874415150E1,4.199159587E0,3.545372008E0
9.163954320E2,2.618812365E1,9.169727297E1,5.355042809E1,3.495791148E0,8.847070838E1,4.180772897E0,3.562115423E0
9.173954454E2,2.618812627E1,9.169730715E1,5.350734378E1,3.462309438E0,8.657091384E1,4.178037674E0,3.533504692E0
9.183954582E2,2.618812963E1,9.169734117E1,5.335818440E1,3.433880501E0,8.502882614E1,4.212362917E0,3.546123788E0
9.193954717E2,2.618812992E1,9.169737682E1,5.347070959E1,3.502104310E0,8.761191863E1,4.247771557E0,3.573564248E0
9.203954836E2,2.618812981E1,9.169740979E1,5.365450987E1,3.387224883E0,8.879258724E1,4.274690377E0,3.611730282E0
9.213954978E2,2.618812977E1,9.169744139E1,5.391266394E1,3.284327351E0,8.886303674E1,4.273969928E0,3.610962552E0
9.223955095E2,2.618812960E1,9.169747336E1,5.401039401E1,3.251135493E0,8.958589607E1,4.283375184E0,3.613415357E0
9.233955221E2,2.618812624E1,9.169750449E1,5.407707063E1,3.214722192E0,9.338865766E1,4.263888222E0,3.587890068E0
9.243955364E2,2.618812216E1,9.169753661E1,5.412063257E1,3.256010985E0,9.526977656E1,4.264149698E0,3.576736212E0
9.253955482E2,2.618812084E1,9.169756943E1,5.407689656E1,3.306005776E0,9.364928592E1,4.296956986E0,3.597939118E0
9.263955606E2,2.618811820E1,9.169760300E1,5.408557181E1,3.330814408E0,9.410283704E1,4.361210426E0,3.644379991E0
9.273955726E2,2.618811418E1,9.169763580E1,5.412685950E1,3.312407573E0,9.700252073E1,4.387930414E0,3.658672891E0
9.283955848E2,2.618810658E1,9.169766466E1,5.433267082E1,3.161543066E0,1.020786727E2,4.411629240E0,3.675705425E0
9.293955981E2,2.618810081E1,9.169769856E1,5.429615957E1,3.284014354E0,1.016706386E2,4.428355282E0,3.701210611E0
9.303956098E2,2.618809258E1,9.169772826E1,5.447001178E1,3.155453899E0,1.046779361E2,4.379899811E0,3.652338704E0
9.313956211E2,2.618808334E1,9.169775760E1,5.436607572E1,3.133617153E0,1.072350136E2,4.312145445E0,3.616614658E0
9.323956341E2,2.618807378E1,9.169779215E1,5.439819656E1,3.359383988E0,1.078115805E2,4.283944021E0,3.584808310E0
9.333956464E2,2.618806814E1,9.169782558E1,5.433318041E1,3.320486536E0,1.039463706E2,4.267085880E0,3.591026102E0
9.343956585E2,2.618806132E1,9.169785992E1,5.426984919E1,3.369587931E0,1.033184124E2,4.292385554E0,3.595035307E0
9.353956697E2,2.618805213E1,9.169789170E1,5.418688562E1,3.332238844E0,1.059237112E2,4.254298628E0,3.572124550E0
9.363956821E2,2.618804241E1,9.169792423E1,5.420071322E1,3.332437022E0,1.074640453E2,4.234086845E0,3.545401820E0
9.373956951E2,2.618803241E1,9.169795459E1,5.406599148E1,3.273533786E0,1.096178741E2,4.259029714E0,3.551207590E0
9.383957066E2,2.618802298E1,9.169798552E1,5.393459151E1,3.221224934E0,1.096337115E2,4.318201693E0,3.596877085E0
9.393957172E2,2.618801448E1,9.169801951E1,5.400767344E1,3.365605578E0,1.076200225E2,4.397277517E0,3.648793390E0
9.403957291E2,2.618800391E1,9.169805059E1,5.386488627E1,3.342895271E0,1.102578347E2,4.398345388E0,3.642245844E0
9.413957410E2,2.618798944E1,9.169808030E1,5.377241551E1,3.346367680E0,1.154040602E2,4.393261245E0,3.666868360E0
9.423957529E2,2.618797511E1,9.169811040E1,5.364563147E1,3.374811770E0,1.173232593E2,4.468473798E0,3.702359680E0
9.433957644E2,2.618796208E1,9.169813911E1,5.361899763E1,3.278856766E0,1.173044959E2,4.452439865E0,3.685442242E0
9.443957764E2,2.618794603E1,9.169816928E1,5.342556500E1,3.337051694E0,1.194882851E2,4.461883826E0,3.684429280E0
9.453957876E2,2.618792592E1,9.169819662E1,5.313313862E1,3.380329505E0,1.253303091E2,4.483617227E0,3.738479398E0
9.463957995E2,2.618790653E1,9.169822449E1,5.321088479E1,3.443391604E0,1.266617254E2,4.487721951E0,3.698066393E0
9.473958110E2,2.618788975E1,9.169825294E1,5.357412157E1,3.408119815E0,1.243994692E2,4.485177247E0,3.740306209E0
9.483958224E2,2.618787619E1,9.169828298E1,5.340535302E1,3.351480393E0,1.199625251E2,4.526365877E0,3.740904634E0
9.493958342E2,2.618786353E1,9.169831392E1,5.345241840E1,3.382215135E0,1.170807570E2,4.619852999E0,3.806902963E0
9.503958457E2,2.618785226E1,9.169834282E1,5.382880564E1,3.243071325E0,1.146554563E2,4.638167116E0,3.880810924E0
9.513958575E2,2.618784130E1,9.169837443E1,5.379038319E1,3.287895738E0,1.130171692E2,4.692591386E0,3.956735579E0
9.523958686E2,2.618782686E1,9.169840345E1,5.361371437E1,3.258125701E0,1.162410037E2,4.738195758E0,4.027723237E0
9.533958804E2,2.618781106E1,9.169843385E1,5.357487447E1,3.358644390E0,1.185055605E2,4.732978960E0,4.058771575E0
9.543958917E2,2.618779682E1,9.169846609E1,5.383688114E1,3.422895340E0,1.168771542E2,4.717651445E0,4.070044755E0
9.553959035E2,2.618778717E1,9.169850086E1,5.353943898E1,3.464933582E0,1.105644036E2,4.732812821E0,4.054024218E0
9.563959137E2,2.618778071E1,9.169853875E1,5.382709429E1,3.615449124E0,1.044417187E2,4.689810920E0,4.016893269E0
9.573959265E2,2.618777473E1,9.169857443E1,5.402088623E1,3.590412150E0,1.024500269E2,4.634133221E0,3.961066107E0
9.583959378E2,2.618776221E1,9.169860832E1,5.408547538E1,3.592428299E0,1.087229083E2,4.660633460E0,3.976362291E0
9.593959482E2,2.618774415E1,9.169863845E1,5.428410009E1,3.556234515E0,1.171264688E2,4.694651381E0,3.981344712E0
9.603959607E2,2.618773159E1,9.169867196E1,5.400826848E1,3.592661602E0,1.145720476E2,4.681288024E0,4.002430400E0
9.613959718E2,2.618771880E1,9.169870543E1,5.395554810E1,3.581224512E0,1.139003826E2,4.702417092E0,3.988300179E0
9.623959836E2,2.618770553E1,9.169873898E1,5.398109766E1,3.618408503E0,1.138923177E2,4.654897465E0,3.949581945E0
9.633959952E2,2.618768901E1,9.169877079E1,5.398821351E1,3.641333607E0,1.169585792E2,4.599659103E0,3.893459683E0
9.643960063E2,2.618767267E1,9.169880322E1,5.395593858E1,3.682239951E0,1.179906696E2,4.573516455E0,3.866191051E0
9.653960173E2,2.618765947E1,9.169883567E1,5.406052042E1,3.620904560E0,1.163485503E2,4.534235170E0,3.833652839E0
9.663960294E2,2.618764579E1,9.169886973E1,5.404741114E1,3.674336094E0,1.150724332E2,4.492183496E0,3.798177595E0
9.673960405E2,2.618763253E1,9.169890159E1,5.395125330E1,3.595583125E0,1.150515376E2,4.490592229E0,3.784705764E0
9.683960517E2,2.618761879E1,9.169893403E1,5.400357377E1,3.571841804E0,1.149368711E2,4.462902877E0,3.764648798E0
9.693960635E2,2.618760484E1,9.169896584E1,5.391663642E1,3.476296552E0,1.161036425E2,4.465582070E0,3.761504463E0
9.703960746E2,2.618759179E1,9.169899587E1,5.364751378E1,3.332077507E0,1.160359132E2,4.447616698E0,3.747690677E0
9.713960859E2,2.618758315E1,9.169902781E1,5.365885752E1,3.286531007E0,1.107192398E2,4.399581470E0,3.703063603E0
9.723960973E2,2.618756980E1,9.169905951E1,5.385908000E1,3.387372441E0,1.129958162E2,4.429776091E0,3.722218362E0
9.733961079E2,2.618756311E1,9.169909390E1,5.390858709E1,3.429710211E0,1.066122020E2,4.486431925E0,3.757496941E0
9.743961199E2,2.618756173E1,9.169913136E1,5.359153502E1,3.528120274E0,9.813860945E1,4.464910134E0,3.755438297E0
9.753961315E2,2.618756350E1,9.169916906E1,5.341018833E1,3.569454411E0,9.216076011E1,4.460181446E0,3.753784044E0
9.763961427E2,2.618756364E1,9.169920623E1,5.304864085E1,3.560509893E0,9.070245142E1,4.451240949E0,3.756676504E0
9.773961538E2,2.618756234E1,9.169924390E1,5.297829422E1,3.619543791E0,9.155861221E1,4.501351814E0,3.855672267E0
9.783961644E2,2.618756115E1,9.169928193E1,5.315129199E1,3.673611018E0,9.132357241E1,4.498751562E0,3.805376687E0
9.793961772E2,2.618755979E1,9.169931802E1,5.293563202E1,3.598414594E0,9.181215828E1,4.481443063E0,3.780201025E0
9.803961876E2,2.618756077E1,9.169935532E1,5.295203367E1,3.622688145E0,9.037346107E1,4.513786828E0,3.801982046E0
9.813961989E2,2.618755950E1,9.169939238E1,5.291398221E1,3.620587942E0,9.147725052E1,4.490109832E0,3.784198288E0
9.823962105E2,2.618755877E1,9.169942957E1,5.275683511E1,3.641642333E0,9.097004878E1,4.497285968E0,3.782405900E0
9.833962218E2,2.618755962E1,9.169946542E1,5.251365266E1,3.582959179E0,8.936124294E1,4.457662450E0,3.744283693E0
9.843962332E2,2.618755921E1,9.169950269E1,5.244146431E1,3.658989307E0,9.023331760E1,4.390840783E0,3.678107113E0
9.853962446E2,2.618755922E1,9.169953631E1,5.242457777E1,3.465132672E0,9.009961748E1,4.354812014E0,3.646950670E0
9.863962556E2,2.618756082E1,9.169957415E1,5.237038093E1,3.619196872E0,8.771783422E1,4.346416943E0,3.658054795E0
9.873962664E2,2.618756145E1,9.169961113E1,5.244282496E1,3.636035087E0,8.853080534E1,4.333796581E0,3.631269782E0
9.883962784E2,2.618755895E1,9.169964709E1,5.242893939E1,3.602335843E0,9.152518102E1,4.335094617E0,3.646530320E0
9.893962897E2,2.618755537E1,9.169968176E1,5.240603549E1,3.500071703E0,9.414442495E1,4.320300800E0,3.687543187E0
9.903963011E2,2.618755390E1,9.169971524E1,5.244805456E1,3.427475905E0,9.337000696E1,4.329108079E0,3.647017485E0
9.913963130E2,2.618755030E1,9.169974816E1,5.237132838E1,3.359558441E0,9.493073049E1,4.345224730E0,3.659479192E0
9.923963239E2,2.618754678E1,9.169978064E1,5.236640549E1,3.268108687E0,9.528157816E1,4.341651699E0,3.653007663E0
9.933963340E2,2.618754090E1,9.169981444E1,5.214016075E1,3.315736648E0,9.894466991E1,4.326325301E0,3.692326792E0
9.943963466E2,2.618753283E1,9.169984676E1,5.192273735E1,3.324340565E0,1.019755598E2,4.385427589E0,3.695921971E0
9.953963572E2,2.618752817E1,9.169987882E1,5.188840923E1,3.288959822E0,1.001762703E2,4.332989961E0,3.648922360E0
9.963963695E2,2.618752425E1,9.169991294E1,5.183370325E1,3.347552797E0,9.793594801E1,4.419280600E0,3.714032254E0
9.973963800E2,2.618752497E1,9.169994715E1,5.191363742E1,3.355915655E0,9.287258385E1,4.379491768E0,3.718619071E0
9.983963913E2,2.618752340E1,9.169998098E1,5.195310649E1,3.389094234E0,9.313892117E1,4.302439551E0,3.603789735E0
9.993964032E2,2.618752249E1,9.170001569E1,5.209060760E1,3.465437814E0,9.201361596E1,4.273652047E0,3.589332173E0
1.000394648E3,2.618752232E1,9.170004918E1,5.216215191E1,3.384264659E0,9.081953066E1,4.310106029E0,3.631260960E0
1.001394635E3,2.618752155E1,9.170008161E1,5.239408555E1,3.338170004E0,9.098081252E1,4.280251437E0,3.609899232E0
1.002394649E3,2.618751865E1,9.170011420E1,5.249200845E1,3.334362985E0,9.381386717E1,4.253024180E0,3.615022997E0
1.003394642E3,2.618752137E1,9.170014953E1,5.297092271E1,3.421995869E0,8.855135672E1,4.277741898E0,3.705893175E0
1.004394636E3,2.618752221E1,9.170018555E1,5.315691281E1,3.521006746E0,8.800424230E1,4.323072940E0,3.703181718E0
1.005394656E3,2.618752203E1,9.170021984E1,5.329640567E1,3.436940765E0,9.037773015E1,4.340389716E0,3.709246263E0
1.006394656E3,2.618752252E1,9.170025448E1,5.338016732E1,3.470035848E0,8.969652874E1,4.288315544E0,3.656422239E0
1.007394654E3,2.618752654E1,9.170029048E1,5.345884362E1,3.557663179E0,8.622395452E1,4.317382549E0,3.683796572E0
1.008394678E3,2.618752836E1,9.170032505E1,5.358790019E1,3.476264671E0,8.670829547E1,4.332726963E0,3.709214029E0
1.009394680E3,2.618752543E1,9.170036062E1,5.359399001E1,3.513330215E0,9.102021501E1,4.338216975E0,3.704968731E0
1.010394678E3,2.618752403E1,9.170039662E1,5.353208409E1,3.567416211E0,9.165353574E1,4.334454566E0,3.710883947E0
1.011394702E3,2.618752528E1,9.170042952E1,5.352216966E1,3.438662923E0,8.912913151E1,4.387481092E0,3.774085138E0
1.012394706E3,2.618752658E1,9.170046196E1,5.385938889E1,3.373810679E0,8.834059667E1,4.406850712E0,3.867329813E0
1.013394710E3,2.618752217E1,9.170049687E1,5.383989990E1,3.439184531E0,9.370835346E1,4.380791287E0,3.797346842E0
1.014394738E3,2.618751906E1,9.170053184E1,5.353647545E1,3.459734573E0,9.434873849E1,4.415957059E0,3.828574273E0
1.015394764E3,2.618751405E1,9.170056748E1,5.354239582E1,3.519931843E0,9.759813634E1,4.421673370E0,3.790042559E0
1.016394790E3,2.618749722E1,9.170059860E1,5.348858398E1,3.486212276E0,1.115523508E2,4.438778236E0,3.778740620E0
1.017394815E3,2.618746920E1,9.170062265E1,5.354608384E1,3.565982430E0,1.305945957E2,4.468175711E0,3.798627757E0
1.018394840E3,2.618743558E1,9.170063384E1,5.347307180E1,3.521483695E0,1.500605516E2,4.459850525E0,3.785376043E0
1.019394862E3,2.618740587E1,9.170063239E1,5.365110944E1,3.274969471E0,1.678696400E2,4.491620598E0,3.805086347E0
1.020394885E3,2.618737770E1,9.170063578E1,5.332560193E1,3.229509497E0,1.710355952E2,4.521274460E0,3.828665866E0
1.021394907E3,2.618734657E1,9.170064167E1,5.319674732E1,3.386841060E0,1.708389123E2,4.542031633E0,3.851969656E0
1.022394929E3,2.618731524E1,9.170064706E1,5.340778929E1,3.444940428E0,1.714666860E2,4.528010642E0,3.827269528E0
1.023394950E3,2.618728551E1,9.170065157E1,5.359384194E1,3.383416635E0,1.720281628E2,4.536906900E0,3.826008191E0
1.024394970E3,2.618725695E1,9.170065640E1,5.367134526E1,3.283632133E0,1.712719022E2,4.454529141E0,3.743890293E0
1.025394990E3,2.618722838E1,9.170066303E1,5.358472052E1,3.236851802E0,1.696264417E2,4.421644209E0,3.712095836E0
1.026395008E3,2.618719917E1,9.170066586E1,5.343182040E1,3.238884876E0,1.723389300E2,4.404449934E0,3.688615721E0
1.027395029E3,2.618717116E1,9.170066853E1,5.347050483E1,3.182237240E0,1.742170578E2,4.399385634E0,3.682693034E0
1.028395046E3,2.618714444E1,9.170066961E1,5.345401483E1,3.116322651E0,1.759772871E2,4.396877895E0,3.689265233E0
1.029395066E3,2.618711814E1,9.170066553E1,5.347875405E1,3.000925944E0,1.827341591E2,4.433112830E0,3.745789235E0
1.030395083E3,2.618708905E1,9.170066172E1,5.338888386E1,3.143623702E0,1.856304803E2,4.455325955E0,3.788826679E0
1.031395100E3,2.618706207E1,9.170065779E1,5.335192044E1,3.120102079E0,1.872290606E2,4.472503316E0,3.800582216E0
1.032395117E3,2.618703385E1,9.170064564E1,5.354198629E1,3.225614722E0,1.962566951E2,4.517108592E0,3.837557244E0
1.033395134E3,2.618700933E1,9.170063178E1,5.343445906E1,3.135243884E0,2.020754652E2,4.503478455E0,3.826503413E0
1.034395150E3,2.618698364E1,9.170061808E1,5.329956143E1,3.142870192E0,2.055244596E2,4.525148405E0,3.849633011E0
1.035395166E3,2.618696333E1,9.170059455E1,5.337465491E1,3.174343157E0,2.179626519E2,4.529905860E0,3.850700498E0
1.036395182E3,2.618695462E1,9.170056076E1,5.333531802E1,3.195771570E0,2.404343680E2,4.521520709E0,3.845377042E0
1.037395198E3,2.618696126E1,9.170053323E1,5.400564833E1,2.796225721E0,2.635919803E2,4.519840845E0,3.855878108E0
1.038395214E3,2.618697229E1,9.170051681E1,5.415566779E1,2.240153204E0,2.829607773E2,4.565091330E0,3.943570493E0
1.039395229E3,2.618698587E1,9.170050066E1,5.409002279E1,2.207101413E0,2.990771599E2,4.583609548E0,4.056823896E0
1.040395245E3,2.618700344E1,9.170048840E1,5.406969783E1,2.251972185E0,3.127386021E2,4.590366477E0,4.027587448E0
1.041395260E3,2.618702007E1,9.170047220E1,5.422605090E1,2.408598224E0,3.155634649E2,4.652689866E0,4.069928206E0
1.042395274E3,2.618703441E1,9.170045495E1,5.436219909E1,2.441923198E0,3.142291147E2,4.747268384E0,4.135009150E0
1.043395289E3,2.618704498E1,9.170043262E1,5.449673401E1,2.507836519E0,3.060071669E2,4.807653532E0,4.214422195E0